corpus,direcao,sumidouro,camadas,cabecas,aurc_leitura,delta_vs_acaso,peso_na_leitura,aurc_combinado,delta_vs_confianca,correlacao_com_tamanho
genia,recebida,keep,todas,todas,0.4242,-0.06992,0.1,0.333154,-0.007342,0.7512
genia,recebida,keep,todas,H0,0.426132,-0.067988,0.09,0.333191,-0.007305,0.7382
genia,recebida,keep,todas,H1,0.42422,-0.0699,0.1,0.333365,-0.007132,0.7342
genia,recebida,keep,todas,H2,0.432374,-0.061746,0.03,0.337509,-0.002987,0.7492
genia,recebida,keep,todas,H3,0.421623,-0.072497,0.1,0.332018,-0.008478,0.7628
genia,recebida,keep,todas,H4,0.425762,-0.068358,0.02,0.337814,-0.002682,0.7766
genia,recebida,keep,todas,H5,0.430552,-0.063568,0.03,0.337845,-0.002651,0.695
genia,recebida,keep,todas,H6,0.423586,-0.070534,0.04,0.335689,-0.004807,0.7819
genia,recebida,keep,todas,H7,0.42762,-0.0665,0.11,0.334481,-0.006015,0.6875
genia,recebida,keep,todas,H8,0.423749,-0.070371,0.11,0.333003,-0.007493,0.7216
genia,recebida,keep,todas,H9,0.424164,-0.069956,0.02,0.337659,-0.002838,0.7585
genia,recebida,keep,todas,H10,0.424444,-0.069676,0.1,0.332851,-0.007645,0.7346
genia,recebida,keep,todas,H11,0.425488,-0.068632,0.09,0.334363,-0.006133,0.7287
genia,recebida,keep,L0,todas,0.428673,-0.065447,0.09,0.332808,-0.007688,0.7392
genia,recebida,keep,L0,H0,0.449003,-0.045117,0.06,0.335508,-0.004988,0.4547
genia,recebida,keep,L0,H1,0.438858,-0.055263,0.09,0.335962,-0.004534,0.643
genia,recebida,keep,L0,H2,0.432396,-0.061724,0.03,0.337043,-0.003453,0.7242
genia,recebida,keep,L0,H3,0.429375,-0.064745,0.09,0.333341,-0.007155,0.6795
genia,recebida,keep,L0,H4,0.428164,-0.065956,0.02,0.338103,-0.002393,0.7141
genia,recebida,keep,L0,H5,0.436035,-0.058085,0.04,0.335559,-0.004937,0.7889
genia,recebida,keep,L0,H6,0.453725,-0.040395,0.0,0.340496,0.0,0.5815
genia,recebida,keep,L0,H7,0.441301,-0.052819,0.1,0.336268,-0.004228,0.6239
genia,recebida,keep,L0,H8,0.437512,-0.056608,0.03,0.337315,-0.003181,0.7543
genia,recebida,keep,L0,H9,0.427008,-0.067112,0.08,0.333916,-0.00658,0.6964
genia,recebida,keep,L0,H10,0.432208,-0.061912,0.02,0.33781,-0.002686,0.6987
genia,recebida,keep,L0,H11,0.442185,-0.051935,0.08,0.334427,-0.006069,0.6705
genia,recebida,keep,L1,todas,0.428035,-0.066085,0.02,0.337712,-0.002784,0.7783
genia,recebida,keep,L1,H0,0.422838,-0.071282,0.03,0.336576,-0.00392,0.7355
genia,recebida,keep,L1,H1,0.431239,-0.062881,0.0,0.340496,0.0,0.6848
genia,recebida,keep,L1,H2,0.454798,-0.039322,0.02,0.338865,-0.001631,0.6031
genia,recebida,keep,L1,H3,0.418538,-0.075582,0.0,0.340496,0.0,0.6413
genia,recebida,keep,L1,H4,0.466909,-0.027211,0.02,0.339235,-0.001261,0.6872
genia,recebida,keep,L1,H5,0.448267,-0.045853,0.0,0.340496,0.0,0.6498
genia,recebida,keep,L1,H6,0.427527,-0.066593,0.08,0.333181,-0.007316,0.7209
genia,recebida,keep,L1,H7,0.441458,-0.052662,0.0,0.340496,0.0,0.7537
genia,recebida,keep,L1,H8,0.441616,-0.052504,0.05,0.336,-0.004496,0.7614
genia,recebida,keep,L1,H9,0.435388,-0.058732,0.0,0.340496,0.0,0.6608
genia,recebida,keep,L1,H10,0.44079,-0.05333,0.07,0.334215,-0.006281,0.6755
genia,recebida,keep,L1,H11,0.42678,-0.06734,0.03,0.336812,-0.003684,0.755
genia,recebida,keep,L2,todas,0.431592,-0.062528,0.02,0.338032,-0.002464,0.7745
genia,recebida,keep,L2,H0,0.432751,-0.061369,0.06,0.336255,-0.004241,0.6539
genia,recebida,keep,L2,H1,0.451817,-0.042303,0.02,0.339489,-0.001008,0.5749
genia,recebida,keep,L2,H2,0.460465,-0.033655,0.0,0.340496,0.0,0.6655
genia,recebida,keep,L2,H3,0.432149,-0.061971,0.0,0.340496,0.0,0.7164
genia,recebida,keep,L2,H4,0.436421,-0.057699,0.0,0.340496,0.0,0.7317
genia,recebida,keep,L2,H5,0.425065,-0.069055,0.09,0.333066,-0.00743,0.7456
genia,recebida,keep,L2,H6,0.4435,-0.05062,0.01,0.339221,-0.001276,0.724
genia,recebida,keep,L2,H7,0.437851,-0.056269,0.04,0.337981,-0.002515,0.6267
genia,recebida,keep,L2,H8,0.428687,-0.065433,0.0,0.340496,0.0,0.7251
genia,recebida,keep,L2,H9,0.434848,-0.059272,0.01,0.3394,-0.001096,0.7215
genia,recebida,keep,L2,H10,0.441478,-0.052642,0.0,0.340496,0.0,0.5608
genia,recebida,keep,L2,H11,0.439975,-0.054145,0.06,0.335571,-0.004925,0.6725
genia,recebida,keep,L3,todas,0.423438,-0.070682,0.1,0.331604,-0.008893,0.7601
genia,recebida,keep,L3,H0,0.434395,-0.059725,0.0,0.340496,0.0,0.7869
genia,recebida,keep,L3,H1,0.454333,-0.039787,0.03,0.337922,-0.002575,0.4517
genia,recebida,keep,L3,H2,0.429011,-0.065109,0.1,0.332723,-0.007773,0.7357
genia,recebida,keep,L3,H3,0.418882,-0.075238,0.1,0.331807,-0.008689,0.7604
genia,recebida,keep,L3,H4,0.450835,-0.043285,0.0,0.340496,0.0,0.6578
genia,recebida,keep,L3,H5,0.444884,-0.049236,0.01,0.339023,-0.001474,0.7124
genia,recebida,keep,L3,H6,0.432925,-0.061195,0.03,0.33632,-0.004176,0.6429
genia,recebida,keep,L3,H7,0.45914,-0.03498,0.05,0.338408,-0.002089,0.5492
genia,recebida,keep,L3,H8,0.444843,-0.049277,0.0,0.340496,0.0,0.7011
genia,recebida,keep,L3,H9,0.43821,-0.05591,0.13,0.336458,-0.004038,0.6434
genia,recebida,keep,L3,H10,0.429454,-0.064666,0.09,0.331562,-0.008934,0.6872
genia,recebida,keep,L3,H11,0.418527,-0.075593,0.13,0.330947,-0.009549,0.5949
genia,recebida,keep,L4,todas,0.424666,-0.069454,0.02,0.338115,-0.002381,0.8011
genia,recebida,keep,L4,H0,0.436849,-0.057271,0.0,0.340496,0.0,0.7962
genia,recebida,keep,L4,H1,0.450176,-0.043944,0.02,0.338275,-0.002222,0.6288
genia,recebida,keep,L4,H2,0.459233,-0.034887,0.04,0.339211,-0.001286,0.4309
genia,recebida,keep,L4,H3,0.425002,-0.069118,0.08,0.332897,-0.0076,0.7671
genia,recebida,keep,L4,H4,0.45744,-0.03668,0.01,0.339708,-0.000788,0.5902
genia,recebida,keep,L4,H5,0.436601,-0.057519,0.07,0.335117,-0.00538,0.6962
genia,recebida,keep,L4,H6,0.425291,-0.068829,0.0,0.340496,0.0,0.4489
genia,recebida,keep,L4,H7,0.427203,-0.066917,0.03,0.335976,-0.004521,0.7018
genia,recebida,keep,L4,H8,0.435825,-0.058295,0.01,0.339562,-0.000934,0.6452
genia,recebida,keep,L4,H9,0.431836,-0.062284,0.0,0.340496,0.0,0.6939
genia,recebida,keep,L4,H10,0.434161,-0.059959,0.12,0.335909,-0.004587,0.6864
genia,recebida,keep,L4,H11,0.443983,-0.050137,0.02,0.339434,-0.001062,0.8023
genia,recebida,keep,L5,todas,0.418264,-0.075856,0.08,0.333428,-0.007068,0.7514
genia,recebida,keep,L5,H0,0.435585,-0.058535,0.02,0.337689,-0.002808,0.6491
genia,recebida,keep,L5,H1,0.409062,-0.085058,0.06,0.335233,-0.005263,0.6653
genia,recebida,keep,L5,H2,0.446686,-0.047434,0.02,0.338549,-0.001947,0.59
genia,recebida,keep,L5,H3,0.42637,-0.06775,0.08,0.336909,-0.003587,0.4709
genia,recebida,keep,L5,H4,0.438581,-0.055539,0.01,0.339358,-0.001138,0.4853
genia,recebida,keep,L5,H5,0.444378,-0.049742,0.02,0.33805,-0.002446,0.5893
genia,recebida,keep,L5,H6,0.437602,-0.056518,0.0,0.340496,0.0,0.757
genia,recebida,keep,L5,H7,0.43977,-0.054351,0.03,0.338123,-0.002373,0.6535
genia,recebida,keep,L5,H8,0.424533,-0.069587,0.11,0.331494,-0.009002,0.6056
genia,recebida,keep,L5,H9,0.431208,-0.062912,0.05,0.335655,-0.004842,0.7005
genia,recebida,keep,L5,H10,0.422894,-0.071226,0.1,0.334062,-0.006434,0.7675
genia,recebida,keep,L5,H11,0.411319,-0.082801,0.11,0.329618,-0.010878,0.6951
genia,recebida,keep,L6,todas,0.423074,-0.071046,0.03,0.337207,-0.003289,0.723
genia,recebida,keep,L6,H0,0.431667,-0.062453,0.04,0.33541,-0.005086,0.7447
genia,recebida,keep,L6,H1,0.442646,-0.051474,0.01,0.339473,-0.001023,0.4826
genia,recebida,keep,L6,H2,0.445572,-0.048548,0.01,0.339264,-0.001232,0.7598
genia,recebida,keep,L6,H3,0.423357,-0.070763,0.11,0.331733,-0.008763,0.7465
genia,recebida,keep,L6,H4,0.426367,-0.067753,0.02,0.337698,-0.002798,0.6974
genia,recebida,keep,L6,H5,0.421903,-0.072217,0.1,0.33254,-0.007956,0.6016
genia,recebida,keep,L6,H6,0.462018,-0.032102,0.02,0.338378,-0.002118,0.452
genia,recebida,keep,L6,H7,0.451317,-0.042803,0.01,0.338972,-0.001525,0.6306
genia,recebida,keep,L6,H8,0.428816,-0.065304,0.11,0.335075,-0.005422,0.6041
genia,recebida,keep,L6,H9,0.416329,-0.077791,0.04,0.337011,-0.003486,0.5106
genia,recebida,keep,L6,H10,0.445182,-0.048938,0.06,0.337613,-0.002883,0.4193
genia,recebida,keep,L6,H11,0.456359,-0.037761,0.0,0.340496,0.0,0.525
genia,recebida,keep,L7,todas,0.422392,-0.071728,0.08,0.333183,-0.007314,0.7302
genia,recebida,keep,L7,H0,0.428634,-0.065486,0.01,0.339821,-0.000676,0.573
genia,recebida,keep,L7,H1,0.435447,-0.058673,0.06,0.334437,-0.006059,0.6112
genia,recebida,keep,L7,H2,0.444088,-0.050033,0.08,0.33524,-0.005257,0.6586
genia,recebida,keep,L7,H3,0.4209,-0.07322,0.08,0.331486,-0.00901,0.7869
genia,recebida,keep,L7,H4,0.435072,-0.059048,0.0,0.340496,0.0,0.5456
genia,recebida,keep,L7,H5,0.459907,-0.034213,0.0,0.340496,0.0,0.4037
genia,recebida,keep,L7,H6,0.44548,-0.04864,0.09,0.336074,-0.004423,0.3631
genia,recebida,keep,L7,H7,0.451586,-0.042534,0.05,0.337264,-0.003232,0.5426
genia,recebida,keep,L7,H8,0.43757,-0.05655,0.1,0.333309,-0.007188,0.5006
genia,recebida,keep,L7,H9,0.414836,-0.079284,0.15,0.331702,-0.008794,0.6012
genia,recebida,keep,L7,H10,0.441556,-0.052564,0.04,0.336222,-0.004274,0.6878
genia,recebida,keep,L7,H11,0.447154,-0.046966,0.01,0.339386,-0.00111,0.5956
genia,recebida,keep,L8,todas,0.433473,-0.060647,0.09,0.335639,-0.004857,0.6311
genia,recebida,keep,L8,H0,0.455438,-0.038682,0.04,0.340788,0.000292,0.3234
genia,recebida,keep,L8,H1,0.43449,-0.05963,0.07,0.336282,-0.004214,0.5666
genia,recebida,keep,L8,H2,0.440139,-0.053981,0.08,0.336619,-0.003877,0.5141
genia,recebida,keep,L8,H3,0.436559,-0.057561,0.02,0.33799,-0.002506,0.6377
genia,recebida,keep,L8,H4,0.44979,-0.04433,0.0,0.340496,0.0,0.3319
genia,recebida,keep,L8,H5,0.479186,-0.014934,0.0,0.340496,0.0,0.3316
genia,recebida,keep,L8,H6,0.426493,-0.067627,0.02,0.337383,-0.003113,0.6648
genia,recebida,keep,L8,H7,0.4342,-0.05992,0.1,0.33493,-0.005566,0.4797
genia,recebida,keep,L8,H8,0.435639,-0.058481,0.12,0.334444,-0.006052,0.5565
genia,recebida,keep,L8,H9,0.438586,-0.055534,0.0,0.340496,0.0,0.757
genia,recebida,keep,L8,H10,0.447633,-0.046487,0.07,0.336967,-0.003529,0.5114
genia,recebida,keep,L8,H11,0.483993,-0.010127,0.02,0.339906,-0.000591,0.3171
genia,recebida,keep,L9,todas,0.429562,-0.064558,0.09,0.334323,-0.006173,0.6854
genia,recebida,keep,L9,H0,0.446706,-0.047414,0.02,0.338735,-0.001761,0.5533
genia,recebida,keep,L9,H1,0.445785,-0.048335,0.09,0.336077,-0.004419,0.5474
genia,recebida,keep,L9,H2,0.447171,-0.046949,0.0,0.340496,0.0,0.5853
genia,recebida,keep,L9,H3,0.428661,-0.065459,0.02,0.337692,-0.002804,0.7381
genia,recebida,keep,L9,H4,0.461376,-0.032744,0.08,0.338183,-0.002313,0.4777
genia,recebida,keep,L9,H5,0.43524,-0.05888,0.07,0.334628,-0.005868,0.6619
genia,recebida,keep,L9,H6,0.434241,-0.059879,0.02,0.338166,-0.002331,0.7194
genia,recebida,keep,L9,H7,0.435224,-0.058896,0.1,0.334533,-0.005963,0.4479
genia,recebida,keep,L9,H8,0.434955,-0.059165,0.01,0.339014,-0.001482,0.4753
genia,recebida,keep,L9,H9,0.430925,-0.063195,0.01,0.338953,-0.001544,0.7877
genia,recebida,keep,L9,H10,0.444932,-0.049188,0.08,0.336928,-0.003568,0.5674
genia,recebida,keep,L9,H11,0.436848,-0.057272,0.1,0.337833,-0.002663,0.406
genia,recebida,keep,L10,todas,0.425452,-0.068668,0.02,0.338221,-0.002275,0.6433
genia,recebida,keep,L10,H0,0.429223,-0.064897,0.02,0.337513,-0.002983,0.7364
genia,recebida,keep,L10,H1,0.413472,-0.080648,0.01,0.339187,-0.001309,0.6284
genia,recebida,keep,L10,H2,0.466022,-0.028098,0.0,0.340496,0.0,0.3426
genia,recebida,keep,L10,H3,0.475417,-0.018703,0.06,0.341174,0.000677,0.3495
genia,recebida,keep,L10,H4,0.444062,-0.050058,0.03,0.337655,-0.002841,0.5896
genia,recebida,keep,L10,H5,0.431641,-0.062479,0.08,0.336347,-0.004149,0.5389
genia,recebida,keep,L10,H6,0.432849,-0.061271,0.11,0.336522,-0.003974,0.5934
genia,recebida,keep,L10,H7,0.432219,-0.061901,0.03,0.338285,-0.002211,0.4607
genia,recebida,keep,L10,H8,0.434275,-0.059845,0.03,0.338617,-0.001879,0.5781
genia,recebida,keep,L10,H9,0.440829,-0.053291,0.0,0.340496,0.0,0.6564
genia,recebida,keep,L10,H10,0.435745,-0.058375,0.05,0.33784,-0.002656,0.458
genia,recebida,keep,L10,H11,0.436675,-0.057445,0.0,0.340496,0.0,0.4708
genia,recebida,keep,L11,todas,0.432349,-0.061771,0.06,0.335212,-0.005284,0.7208
genia,recebida,keep,L11,H0,0.436295,-0.057825,0.08,0.334237,-0.006259,0.7073
genia,recebida,keep,L11,H1,0.435789,-0.058331,0.02,0.337851,-0.002645,0.7583
genia,recebida,keep,L11,H2,0.428832,-0.065288,0.03,0.337564,-0.002933,0.7042
genia,recebida,keep,L11,H3,0.436444,-0.057676,0.07,0.334695,-0.005801,0.626
genia,recebida,keep,L11,H4,0.443697,-0.050423,0.09,0.335098,-0.005399,0.5544
genia,recebida,keep,L11,H5,0.453062,-0.041058,0.03,0.337456,-0.00304,0.5377
genia,recebida,keep,L11,H6,0.454118,-0.040002,0.02,0.337862,-0.002635,0.714
genia,recebida,keep,L11,H7,0.42193,-0.07219,0.03,0.337562,-0.002935,0.6664
genia,recebida,keep,L11,H8,0.429949,-0.064171,0.04,0.336859,-0.003637,0.7034
genia,recebida,keep,L11,H9,0.440125,-0.053995,0.0,0.340496,0.0,0.628
genia,recebida,keep,L11,H10,0.444215,-0.049905,0.02,0.337645,-0.002851,0.7323
genia,recebida,keep,L11,H11,0.446875,-0.047245,0.01,0.339203,-0.001293,0.6208
genia,recebida,keep,0-3,todas,0.426961,-0.067159,0.09,0.33303,-0.007466,0.7745
genia,recebida,keep,0-3,H0,0.429442,-0.064678,0.07,0.333589,-0.006907,0.6883
genia,recebida,keep,0-3,H1,0.430613,-0.063507,0.09,0.333698,-0.006799,0.7093
genia,recebida,keep,0-3,H2,0.433805,-0.060315,0.02,0.337908,-0.002588,0.751
genia,recebida,keep,0-3,H3,0.413795,-0.080325,0.05,0.334394,-0.006102,0.798
genia,recebida,keep,0-3,H4,0.434891,-0.059229,0.01,0.339291,-0.001205,0.7869
genia,recebida,keep,0-3,H5,0.4323,-0.06182,0.03,0.336883,-0.003614,0.7917
genia,recebida,keep,0-3,H6,0.432177,-0.061943,0.02,0.33768,-0.002816,0.7766
genia,recebida,keep,0-3,H7,0.437332,-0.056788,0.02,0.338254,-0.002242,0.743
genia,recebida,keep,0-3,H8,0.433636,-0.060484,0.03,0.337304,-0.003192,0.8044
genia,recebida,keep,0-3,H9,0.428056,-0.066065,0.01,0.339003,-0.001493,0.7352
genia,recebida,keep,0-3,H10,0.426052,-0.068068,0.1,0.331588,-0.008908,0.7402
genia,recebida,keep,0-3,H11,0.423149,-0.070972,0.11,0.331638,-0.008859,0.717
genia,recebida,keep,4-7,todas,0.420112,-0.074008,0.1,0.332683,-0.007813,0.7621
genia,recebida,keep,4-7,H0,0.422298,-0.071822,0.02,0.337536,-0.002961,0.8055
genia,recebida,keep,4-7,H1,0.423768,-0.070352,0.05,0.336499,-0.003997,0.674
genia,recebida,keep,4-7,H2,0.441271,-0.052849,0.08,0.335488,-0.005009,0.7075
genia,recebida,keep,4-7,H3,0.419222,-0.074898,0.11,0.331113,-0.009383,0.772
genia,recebida,keep,4-7,H4,0.419198,-0.074922,0.01,0.339031,-0.001465,0.7446
genia,recebida,keep,4-7,H5,0.429797,-0.064323,0.09,0.335702,-0.004794,0.6788
genia,recebida,keep,4-7,H6,0.421186,-0.072934,0.02,0.33758,-0.002916,0.7406
genia,recebida,keep,4-7,H7,0.435571,-0.058549,0.04,0.336822,-0.003674,0.7045
genia,recebida,keep,4-7,H8,0.424091,-0.070029,0.12,0.332919,-0.007577,0.6534
genia,recebida,keep,4-7,H9,0.408559,-0.085561,0.1,0.332092,-0.008404,0.7395
genia,recebida,keep,4-7,H10,0.427413,-0.066707,0.1,0.333839,-0.006657,0.6921
genia,recebida,keep,4-7,H11,0.430644,-0.063476,0.03,0.338417,-0.002079,0.7164
genia,recebida,keep,8-11,todas,0.428076,-0.066044,0.09,0.334767,-0.005729,0.6891
genia,recebida,keep,8-11,H0,0.432419,-0.061701,0.09,0.335068,-0.005429,0.6767
genia,recebida,keep,8-11,H1,0.426661,-0.067459,0.08,0.333953,-0.006543,0.7484
genia,recebida,keep,8-11,H2,0.432944,-0.061176,0.01,0.339447,-0.001049,0.6669
genia,recebida,keep,8-11,H3,0.431956,-0.062164,0.09,0.334129,-0.006367,0.691
genia,recebida,keep,8-11,H4,0.43486,-0.05926,0.03,0.337292,-0.003204,0.6399
genia,recebida,keep,8-11,H5,0.437193,-0.056927,0.03,0.338211,-0.002285,0.5919
genia,recebida,keep,8-11,H6,0.426195,-0.067925,0.08,0.333868,-0.006628,0.7191
genia,recebida,keep,8-11,H7,0.424301,-0.069819,0.11,0.335107,-0.005389,0.5631
genia,recebida,keep,8-11,H8,0.42629,-0.06783,0.11,0.334262,-0.006234,0.6383
genia,recebida,keep,8-11,H9,0.435025,-0.059095,0.01,0.339047,-0.001449,0.7352
genia,recebida,keep,8-11,H10,0.433583,-0.060537,0.08,0.335026,-0.00547,0.6486
genia,recebida,keep,8-11,H11,0.437412,-0.056708,0.03,0.338547,-0.001949,0.6406
genia,recebida,drop_from_denominator,todas,todas,0.425891,-0.068229,0.08,0.334151,-0.006345,0.7265
genia,recebida,drop_from_denominator,todas,H0,0.427159,-0.066961,0.09,0.333506,-0.00699,0.716
genia,recebida,drop_from_denominator,todas,H1,0.425044,-0.069076,0.1,0.333495,-0.007001,0.7159
genia,recebida,drop_from_denominator,todas,H2,0.434499,-0.059621,0.02,0.3382,-0.002296,0.7242
genia,recebida,drop_from_denominator,todas,H3,0.422928,-0.071192,0.12,0.332018,-0.008478,0.7372
genia,recebida,drop_from_denominator,todas,H4,0.4273,-0.06682,0.02,0.337822,-0.002674,0.7409
genia,recebida,drop_from_denominator,todas,H5,0.431994,-0.062126,0.13,0.335509,-0.004987,0.6884
genia,recebida,drop_from_denominator,todas,H6,0.424477,-0.069643,0.09,0.33292,-0.007576,0.7613
genia,recebida,drop_from_denominator,todas,H7,0.429548,-0.064572,0.11,0.334841,-0.005655,0.6627
genia,recebida,drop_from_denominator,todas,H8,0.425648,-0.068472,0.12,0.333525,-0.006971,0.6966
genia,recebida,drop_from_denominator,todas,H9,0.425107,-0.069013,0.08,0.33405,-0.006447,0.7363
genia,recebida,drop_from_denominator,todas,H10,0.426318,-0.067802,0.1,0.333206,-0.00729,0.7135
genia,recebida,drop_from_denominator,todas,H11,0.427643,-0.066477,0.1,0.334656,-0.00584,0.6972
genia,recebida,drop_from_denominator,L0,todas,0.430693,-0.063427,0.1,0.332972,-0.007524,0.7076
genia,recebida,drop_from_denominator,L0,H0,0.450113,-0.044007,0.06,0.335729,-0.004767,0.4367
genia,recebida,drop_from_denominator,L0,H1,0.439232,-0.054888,0.09,0.335896,-0.0046,0.6287
genia,recebida,drop_from_denominator,L0,H2,0.433881,-0.060239,0.02,0.337753,-0.002743,0.7024
genia,recebida,drop_from_denominator,L0,H3,0.432638,-0.061482,0.08,0.334463,-0.006034,0.63
genia,recebida,drop_from_denominator,L0,H4,0.428365,-0.065755,0.02,0.338067,-0.002429,0.7003
genia,recebida,drop_from_denominator,L0,H5,0.437213,-0.056907,0.04,0.335829,-0.004668,0.7587
genia,recebida,drop_from_denominator,L0,H6,0.452114,-0.042006,0.0,0.340496,0.0,0.5699
genia,recebida,drop_from_denominator,L0,H7,0.44304,-0.05108,0.11,0.336934,-0.003562,0.5905
genia,recebida,drop_from_denominator,L0,H8,0.438439,-0.055681,0.1,0.334651,-0.005845,0.7106
genia,recebida,drop_from_denominator,L0,H9,0.428333,-0.065787,0.08,0.334087,-0.00641,0.6722
genia,recebida,drop_from_denominator,L0,H10,0.433981,-0.060139,0.02,0.337758,-0.002738,0.6709
genia,recebida,drop_from_denominator,L0,H11,0.443819,-0.050301,0.09,0.334898,-0.005598,0.6342
genia,recebida,drop_from_denominator,L1,todas,0.430071,-0.064049,0.03,0.336878,-0.003618,0.7497
genia,recebida,drop_from_denominator,L1,H0,0.423118,-0.071002,0.11,0.331829,-0.008667,0.6999
genia,recebida,drop_from_denominator,L1,H1,0.43326,-0.06086,0.09,0.334196,-0.006301,0.6572
genia,recebida,drop_from_denominator,L1,H2,0.453454,-0.040666,0.03,0.338668,-0.001828,0.5975
genia,recebida,drop_from_denominator,L1,H3,0.420452,-0.073668,0.0,0.340496,0.0,0.6317
genia,recebida,drop_from_denominator,L1,H4,0.465304,-0.028816,0.03,0.338347,-0.00215,0.6338
genia,recebida,drop_from_denominator,L1,H5,0.449653,-0.044467,0.0,0.340496,0.0,0.6445
genia,recebida,drop_from_denominator,L1,H6,0.427271,-0.066849,0.09,0.332791,-0.007706,0.7019
genia,recebida,drop_from_denominator,L1,H7,0.441019,-0.053101,0.0,0.340496,0.0,0.7282
genia,recebida,drop_from_denominator,L1,H8,0.442601,-0.051519,0.08,0.33481,-0.005686,0.7305
genia,recebida,drop_from_denominator,L1,H9,0.436515,-0.057605,0.0,0.340496,0.0,0.6431
genia,recebida,drop_from_denominator,L1,H10,0.440078,-0.054042,0.07,0.3341,-0.006396,0.677
genia,recebida,drop_from_denominator,L1,H11,0.427375,-0.066745,0.03,0.336733,-0.003763,0.7406
genia,recebida,drop_from_denominator,L2,todas,0.433076,-0.061044,0.02,0.338101,-0.002396,0.7486
genia,recebida,drop_from_denominator,L2,H0,0.436792,-0.057328,0.07,0.336406,-0.00409,0.6385
genia,recebida,drop_from_denominator,L2,H1,0.452099,-0.042021,0.02,0.339299,-0.001197,0.587
genia,recebida,drop_from_denominator,L2,H2,0.460887,-0.033233,0.0,0.340496,0.0,0.6249
genia,recebida,drop_from_denominator,L2,H3,0.436756,-0.057364,0.0,0.340496,0.0,0.6849
genia,recebida,drop_from_denominator,L2,H4,0.435267,-0.058853,0.0,0.340496,0.0,0.7194
genia,recebida,drop_from_denominator,L2,H5,0.424839,-0.069281,0.1,0.332652,-0.007844,0.7557
genia,recebida,drop_from_denominator,L2,H6,0.443517,-0.050603,0.0,0.340496,0.0,0.703
genia,recebida,drop_from_denominator,L2,H7,0.439388,-0.054732,0.03,0.338338,-0.002158,0.6399
genia,recebida,drop_from_denominator,L2,H8,0.430534,-0.063586,0.01,0.339338,-0.001158,0.7134
genia,recebida,drop_from_denominator,L2,H9,0.435311,-0.058809,0.01,0.339362,-0.001134,0.6831
genia,recebida,drop_from_denominator,L2,H10,0.442875,-0.051245,0.0,0.340496,0.0,0.5541
genia,recebida,drop_from_denominator,L2,H11,0.439532,-0.054588,0.06,0.335325,-0.005171,0.6469
genia,recebida,drop_from_denominator,L3,todas,0.42614,-0.06798,0.1,0.3322,-0.008296,0.7422
genia,recebida,drop_from_denominator,L3,H0,0.433574,-0.060546,0.0,0.340496,0.0,0.7434
genia,recebida,drop_from_denominator,L3,H1,0.455214,-0.038906,0.03,0.338043,-0.002454,0.464
genia,recebida,drop_from_denominator,L3,H2,0.430338,-0.063782,0.1,0.332829,-0.007667,0.7161
genia,recebida,drop_from_denominator,L3,H3,0.418816,-0.075304,0.1,0.331858,-0.008639,0.7688
genia,recebida,drop_from_denominator,L3,H4,0.451972,-0.042148,0.0,0.340496,0.0,0.6676
genia,recebida,drop_from_denominator,L3,H5,0.445947,-0.048173,0.0,0.340496,0.0,0.7083
genia,recebida,drop_from_denominator,L3,H6,0.434759,-0.059361,0.06,0.334569,-0.005928,0.633
genia,recebida,drop_from_denominator,L3,H7,0.457812,-0.036308,0.05,0.338256,-0.00224,0.5564
genia,recebida,drop_from_denominator,L3,H8,0.446111,-0.048009,0.0,0.340496,0.0,0.689
genia,recebida,drop_from_denominator,L3,H9,0.443002,-0.051118,0.09,0.337284,-0.003212,0.6176
genia,recebida,drop_from_denominator,L3,H10,0.43204,-0.06208,0.1,0.331917,-0.008579,0.6605
genia,recebida,drop_from_denominator,L3,H11,0.422295,-0.071825,0.12,0.332038,-0.008458,0.5664
genia,recebida,drop_from_denominator,L4,todas,0.426096,-0.068024,0.02,0.338179,-0.002317,0.782
genia,recebida,drop_from_denominator,L4,H0,0.436098,-0.058022,0.0,0.340496,0.0,0.7641
genia,recebida,drop_from_denominator,L4,H1,0.450485,-0.043635,0.02,0.338248,-0.002248,0.6127
genia,recebida,drop_from_denominator,L4,H2,0.458155,-0.035965,0.04,0.338985,-0.001511,0.445
genia,recebida,drop_from_denominator,L4,H3,0.425148,-0.068973,0.09,0.332615,-0.007881,0.766
genia,recebida,drop_from_denominator,L4,H4,0.457869,-0.036251,0.02,0.339781,-0.000715,0.5873
genia,recebida,drop_from_denominator,L4,H5,0.437901,-0.056219,0.07,0.335184,-0.005312,0.6884
genia,recebida,drop_from_denominator,L4,H6,0.426165,-0.067955,0.0,0.340496,0.0,0.4509
genia,recebida,drop_from_denominator,L4,H7,0.428822,-0.065298,0.02,0.337327,-0.003169,0.6908
genia,recebida,drop_from_denominator,L4,H8,0.438238,-0.055883,0.01,0.339594,-0.000902,0.6234
genia,recebida,drop_from_denominator,L4,H9,0.432648,-0.061472,0.0,0.340496,0.0,0.6899
genia,recebida,drop_from_denominator,L4,H10,0.436239,-0.057881,0.12,0.336466,-0.00403,0.6641
genia,recebida,drop_from_denominator,L4,H11,0.445443,-0.048677,0.02,0.339514,-0.000982,0.7838
genia,recebida,drop_from_denominator,L5,todas,0.420082,-0.074038,0.1,0.332998,-0.007498,0.7211
genia,recebida,drop_from_denominator,L5,H0,0.436448,-0.057672,0.08,0.335298,-0.005198,0.6235
genia,recebida,drop_from_denominator,L5,H1,0.41108,-0.08304,0.07,0.334626,-0.005871,0.6541
genia,recebida,drop_from_denominator,L5,H2,0.447558,-0.046562,0.08,0.33756,-0.002936,0.581
genia,recebida,drop_from_denominator,L5,H3,0.425394,-0.068726,0.08,0.33671,-0.003787,0.478
genia,recebida,drop_from_denominator,L5,H4,0.443535,-0.050585,0.01,0.339363,-0.001133,0.4514
genia,recebida,drop_from_denominator,L5,H5,0.444818,-0.049302,0.02,0.338077,-0.002419,0.5894
genia,recebida,drop_from_denominator,L5,H6,0.437333,-0.056787,0.0,0.340496,0.0,0.746
genia,recebida,drop_from_denominator,L5,H7,0.439908,-0.054212,0.03,0.338103,-0.002394,0.6204
genia,recebida,drop_from_denominator,L5,H8,0.425866,-0.068254,0.11,0.331909,-0.008587,0.6032
genia,recebida,drop_from_denominator,L5,H9,0.43194,-0.06218,0.06,0.335471,-0.005025,0.6879
genia,recebida,drop_from_denominator,L5,H10,0.422969,-0.071151,0.1,0.333889,-0.006608,0.7622
genia,recebida,drop_from_denominator,L5,H11,0.413771,-0.080349,0.12,0.32979,-0.010706,0.6658
genia,recebida,drop_from_denominator,L6,todas,0.424939,-0.069181,0.07,0.334698,-0.005798,0.6977
genia,recebida,drop_from_denominator,L6,H0,0.432359,-0.061761,0.04,0.335477,-0.005019,0.732
genia,recebida,drop_from_denominator,L6,H1,0.441957,-0.052163,0.01,0.339557,-0.00094,0.4787
genia,recebida,drop_from_denominator,L6,H2,0.444867,-0.049253,0.01,0.339211,-0.001285,0.7337
genia,recebida,drop_from_denominator,L6,H3,0.424637,-0.069483,0.1,0.332223,-0.008273,0.7227
genia,recebida,drop_from_denominator,L6,H4,0.42808,-0.06604,0.02,0.337735,-0.002762,0.6644
genia,recebida,drop_from_denominator,L6,H5,0.423834,-0.070286,0.1,0.332882,-0.007614,0.5849
genia,recebida,drop_from_denominator,L6,H6,0.461665,-0.032455,0.03,0.338147,-0.002349,0.4495
genia,recebida,drop_from_denominator,L6,H7,0.453328,-0.040792,0.02,0.338028,-0.002468,0.5851
genia,recebida,drop_from_denominator,L6,H8,0.430103,-0.064017,0.1,0.335165,-0.005331,0.5871
genia,recebida,drop_from_denominator,L6,H9,0.417489,-0.076631,0.06,0.336361,-0.004135,0.5081
genia,recebida,drop_from_denominator,L6,H10,0.446026,-0.048094,0.06,0.33765,-0.002846,0.4128
genia,recebida,drop_from_denominator,L6,H11,0.45805,-0.03607,0.0,0.340496,0.0,0.5207
genia,recebida,drop_from_denominator,L7,todas,0.422892,-0.071228,0.1,0.332547,-0.00795,0.7058
genia,recebida,drop_from_denominator,L7,H0,0.428782,-0.065338,0.01,0.339491,-0.001005,0.5735
genia,recebida,drop_from_denominator,L7,H1,0.434581,-0.059539,0.06,0.334326,-0.00617,0.6089
genia,recebida,drop_from_denominator,L7,H2,0.444897,-0.049223,0.09,0.335407,-0.005089,0.6343
genia,recebida,drop_from_denominator,L7,H3,0.420858,-0.073262,0.09,0.331094,-0.009402,0.7628
genia,recebida,drop_from_denominator,L7,H4,0.435351,-0.058769,0.0,0.340496,0.0,0.5509
genia,recebida,drop_from_denominator,L7,H5,0.458001,-0.036119,0.0,0.340496,0.0,0.4159
genia,recebida,drop_from_denominator,L7,H6,0.444353,-0.049767,0.09,0.335525,-0.004971,0.3723
genia,recebida,drop_from_denominator,L7,H7,0.450946,-0.043174,0.07,0.336917,-0.00358,0.5427
genia,recebida,drop_from_denominator,L7,H8,0.437304,-0.056816,0.1,0.333486,-0.00701,0.4877
genia,recebida,drop_from_denominator,L7,H9,0.414871,-0.079249,0.13,0.332037,-0.008459,0.5881
genia,recebida,drop_from_denominator,L7,H10,0.441679,-0.052441,0.07,0.334476,-0.00602,0.6645
genia,recebida,drop_from_denominator,L7,H11,0.448179,-0.045941,0.01,0.339378,-0.001118,0.5744
genia,recebida,drop_from_denominator,L8,todas,0.433821,-0.060299,0.09,0.335753,-0.004743,0.6205
genia,recebida,drop_from_denominator,L8,H0,0.455832,-0.038288,0.07,0.341684,0.001188,0.3206
genia,recebida,drop_from_denominator,L8,H1,0.435965,-0.058155,0.07,0.336598,-0.003898,0.5581
genia,recebida,drop_from_denominator,L8,H2,0.440128,-0.053992,0.07,0.336657,-0.00384,0.5193
genia,recebida,drop_from_denominator,L8,H3,0.437618,-0.056502,0.02,0.338047,-0.00245,0.6241
genia,recebida,drop_from_denominator,L8,H4,0.450277,-0.043843,0.0,0.340496,0.0,0.3351
genia,recebida,drop_from_denominator,L8,H5,0.478288,-0.015832,0.0,0.340496,0.0,0.3391
genia,recebida,drop_from_denominator,L8,H6,0.426565,-0.067555,0.02,0.337374,-0.003122,0.655
genia,recebida,drop_from_denominator,L8,H7,0.434996,-0.059124,0.1,0.335118,-0.005378,0.4728
genia,recebida,drop_from_denominator,L8,H8,0.436861,-0.057259,0.13,0.334829,-0.005668,0.5344
genia,recebida,drop_from_denominator,L8,H9,0.438342,-0.055778,0.0,0.340496,0.0,0.7543
genia,recebida,drop_from_denominator,L8,H10,0.447981,-0.046139,0.07,0.336995,-0.003501,0.5004
genia,recebida,drop_from_denominator,L8,H11,0.482558,-0.011562,0.04,0.339888,-0.000608,0.317
genia,recebida,drop_from_denominator,L9,todas,0.430886,-0.063234,0.1,0.334413,-0.006083,0.6629
genia,recebida,drop_from_denominator,L9,H0,0.447133,-0.046987,0.02,0.338809,-0.001687,0.5348
genia,recebida,drop_from_denominator,L9,H1,0.446407,-0.047713,0.09,0.336122,-0.004374,0.5514
genia,recebida,drop_from_denominator,L9,H2,0.446172,-0.047948,0.0,0.340496,0.0,0.5718
genia,recebida,drop_from_denominator,L9,H3,0.429099,-0.065021,0.03,0.336877,-0.003619,0.7152
genia,recebida,drop_from_denominator,L9,H4,0.45996,-0.03416,0.08,0.337795,-0.002701,0.4857
genia,recebida,drop_from_denominator,L9,H5,0.435031,-0.059089,0.1,0.333565,-0.006931,0.666
genia,recebida,drop_from_denominator,L9,H6,0.434403,-0.059717,0.01,0.338994,-0.001502,0.7006
genia,recebida,drop_from_denominator,L9,H7,0.435281,-0.058839,0.1,0.334467,-0.006029,0.4442
genia,recebida,drop_from_denominator,L9,H8,0.435069,-0.059051,0.01,0.339084,-0.001412,0.4735
genia,recebida,drop_from_denominator,L9,H9,0.431774,-0.062346,0.01,0.338874,-0.001622,0.7483
genia,recebida,drop_from_denominator,L9,H10,0.446848,-0.047272,0.08,0.337319,-0.003177,0.5532
genia,recebida,drop_from_denominator,L9,H11,0.437126,-0.056994,0.1,0.337875,-0.002622,0.4052
genia,recebida,drop_from_denominator,L10,todas,0.427374,-0.066746,0.07,0.336655,-0.003841,0.6279
genia,recebida,drop_from_denominator,L10,H0,0.429578,-0.064542,0.09,0.334072,-0.006424,0.7066
genia,recebida,drop_from_denominator,L10,H1,0.415333,-0.078787,0.01,0.339197,-0.001299,0.6308
genia,recebida,drop_from_denominator,L10,H2,0.465709,-0.028411,0.0,0.340496,0.0,0.3595
genia,recebida,drop_from_denominator,L10,H3,0.476131,-0.017989,0.15,0.346448,0.005952,0.3409
genia,recebida,drop_from_denominator,L10,H4,0.444753,-0.049367,0.09,0.33727,-0.003227,0.55
genia,recebida,drop_from_denominator,L10,H5,0.432552,-0.061568,0.1,0.33652,-0.003976,0.5251
genia,recebida,drop_from_denominator,L10,H6,0.435624,-0.058496,0.11,0.337021,-0.003475,0.5667
genia,recebida,drop_from_denominator,L10,H7,0.434559,-0.059561,0.06,0.33779,-0.002706,0.441
genia,recebida,drop_from_denominator,L10,H8,0.43652,-0.0576,0.08,0.337182,-0.003314,0.5703
genia,recebida,drop_from_denominator,L10,H9,0.441319,-0.052801,0.0,0.340496,0.0,0.6614
genia,recebida,drop_from_denominator,L10,H10,0.436436,-0.057684,0.05,0.337598,-0.002899,0.4584
genia,recebida,drop_from_denominator,L10,H11,0.437607,-0.056513,0.0,0.340496,0.0,0.4693
genia,recebida,drop_from_denominator,L11,todas,0.432927,-0.061193,0.08,0.334701,-0.005795,0.7
genia,recebida,drop_from_denominator,L11,H0,0.436549,-0.057571,0.08,0.334381,-0.006115,0.6983
genia,recebida,drop_from_denominator,L11,H1,0.435191,-0.058929,0.02,0.337694,-0.002802,0.7479
genia,recebida,drop_from_denominator,L11,H2,0.429838,-0.064282,0.02,0.338186,-0.00231,0.6789
genia,recebida,drop_from_denominator,L11,H3,0.4368,-0.05732,0.06,0.33518,-0.005316,0.6147
genia,recebida,drop_from_denominator,L11,H4,0.44414,-0.04998,0.08,0.3351,-0.005397,0.5173
genia,recebida,drop_from_denominator,L11,H5,0.452114,-0.042006,0.04,0.337128,-0.003368,0.5389
genia,recebida,drop_from_denominator,L11,H6,0.453696,-0.040424,0.02,0.337954,-0.002542,0.699
genia,recebida,drop_from_denominator,L11,H7,0.424038,-0.070082,0.03,0.337618,-0.002878,0.6471
genia,recebida,drop_from_denominator,L11,H8,0.430805,-0.063315,0.08,0.335814,-0.004683,0.6929
genia,recebida,drop_from_denominator,L11,H9,0.439446,-0.054674,0.01,0.3392,-0.001296,0.6192
genia,recebida,drop_from_denominator,L11,H10,0.44345,-0.05067,0.02,0.337626,-0.00287,0.7227
genia,recebida,drop_from_denominator,L11,H11,0.447557,-0.046563,0.01,0.339206,-0.001291,0.5965
genia,recebida,drop_from_denominator,0-3,todas,0.428908,-0.065212,0.09,0.333487,-0.007009,0.7463
genia,recebida,drop_from_denominator,0-3,H0,0.429812,-0.064308,0.1,0.332855,-0.007642,0.6786
genia,recebida,drop_from_denominator,0-3,H1,0.432315,-0.061805,0.1,0.333833,-0.006663,0.6908
genia,recebida,drop_from_denominator,0-3,H2,0.43706,-0.05706,0.01,0.339174,-0.001322,0.7244
genia,recebida,drop_from_denominator,0-3,H3,0.417941,-0.076179,0.1,0.332201,-0.008295,0.7601
genia,recebida,drop_from_denominator,0-3,H4,0.435323,-0.058797,0.02,0.338224,-0.002272,0.7658
genia,recebida,drop_from_denominator,0-3,H5,0.434476,-0.059644,0.03,0.336941,-0.003555,0.7733
genia,recebida,drop_from_denominator,0-3,H6,0.432358,-0.061762,0.03,0.336877,-0.003619,0.7529
genia,recebida,drop_from_denominator,0-3,H7,0.438497,-0.055623,0.09,0.335615,-0.004882,0.7136
genia,recebida,drop_from_denominator,0-3,H8,0.434792,-0.059328,0.03,0.337324,-0.003172,0.7725
genia,recebida,drop_from_denominator,0-3,H9,0.429674,-0.064446,0.11,0.333579,-0.006917,0.705
genia,recebida,drop_from_denominator,0-3,H10,0.428845,-0.065275,0.09,0.332602,-0.007895,0.7075
genia,recebida,drop_from_denominator,0-3,H11,0.425823,-0.068297,0.1,0.332539,-0.007958,0.6862
genia,recebida,drop_from_denominator,4-7,todas,0.421724,-0.072396,0.11,0.33288,-0.007616,0.7361
genia,recebida,drop_from_denominator,4-7,H0,0.424246,-0.069874,0.02,0.337531,-0.002965,0.7713
genia,recebida,drop_from_denominator,4-7,H1,0.422985,-0.071135,0.07,0.335423,-0.005073,0.6594
genia,recebida,drop_from_denominator,4-7,H2,0.441826,-0.052294,0.09,0.335631,-0.004865,0.6885
genia,recebida,drop_from_denominator,4-7,H3,0.419358,-0.074762,0.11,0.331273,-0.009223,0.7502
genia,recebida,drop_from_denominator,4-7,H4,0.423435,-0.070685,0.02,0.337881,-0.002615,0.6988
genia,recebida,drop_from_denominator,4-7,H5,0.430827,-0.063293,0.11,0.335499,-0.004997,0.6707
genia,recebida,drop_from_denominator,4-7,H6,0.422094,-0.072026,0.02,0.337592,-0.002904,0.7305
genia,recebida,drop_from_denominator,4-7,H7,0.436318,-0.057802,0.1,0.334929,-0.005568,0.6749
genia,recebida,drop_from_denominator,4-7,H8,0.425708,-0.068412,0.13,0.333548,-0.006948,0.634
genia,recebida,drop_from_denominator,4-7,H9,0.409928,-0.084192,0.1,0.332526,-0.007971,0.7193
genia,recebida,drop_from_denominator,4-7,H10,0.427744,-0.066376,0.1,0.333941,-0.006556,0.685
genia,recebida,drop_from_denominator,4-7,H11,0.431688,-0.062432,0.02,0.338715,-0.001781,0.6965
genia,recebida,drop_from_denominator,8-11,todas,0.429369,-0.064751,0.08,0.335205,-0.005291,0.6697
genia,recebida,drop_from_denominator,8-11,H0,0.433423,-0.060697,0.1,0.335276,-0.005221,0.6517
genia,recebida,drop_from_denominator,8-11,H1,0.427361,-0.066759,0.08,0.334232,-0.006264,0.7257
genia,recebida,drop_from_denominator,8-11,H2,0.433963,-0.060157,0.01,0.339467,-0.001029,0.6577
genia,recebida,drop_from_denominator,8-11,H3,0.433348,-0.060772,0.1,0.334314,-0.006182,0.668
genia,recebida,drop_from_denominator,8-11,H4,0.434836,-0.059284,0.03,0.337389,-0.003107,0.6117
genia,recebida,drop_from_denominator,8-11,H5,0.438474,-0.055646,0.08,0.337221,-0.003275,0.5843
genia,recebida,drop_from_denominator,8-11,H6,0.427502,-0.066618,0.07,0.334411,-0.006086,0.7016
genia,recebida,drop_from_denominator,8-11,H7,0.426019,-0.068101,0.1,0.335407,-0.005089,0.5491
genia,recebida,drop_from_denominator,8-11,H8,0.428277,-0.065843,0.13,0.335097,-0.0054,0.6192
genia,recebida,drop_from_denominator,8-11,H9,0.435186,-0.058934,0.0,0.340496,0.0,0.7228
genia,recebida,drop_from_denominator,8-11,H10,0.434913,-0.059207,0.08,0.335144,-0.005352,0.6359
genia,recebida,drop_from_denominator,8-11,H11,0.438134,-0.055986,0.06,0.338002,-0.002494,0.6119
genia,recebida,drop_from_queries_and_denominator,todas,todas,0.426298,-0.067822,0.08,0.334252,-0.006245,0.7233
genia,recebida,drop_from_queries_and_denominator,todas,H0,0.427227,-0.066893,0.09,0.333475,-0.007022,0.7104
genia,recebida,drop_from_queries_and_denominator,todas,H1,0.425303,-0.068817,0.09,0.333902,-0.006594,0.7113
genia,recebida,drop_from_queries_and_denominator,todas,H2,0.434805,-0.059315,0.02,0.33823,-0.002266,0.7223
genia,recebida,drop_from_queries_and_denominator,todas,H3,0.42301,-0.07111,0.12,0.332074,-0.008422,0.7346
genia,recebida,drop_from_queries_and_denominator,todas,H4,0.427437,-0.066683,0.02,0.337812,-0.002684,0.7368
genia,recebida,drop_from_queries_and_denominator,todas,H5,0.432223,-0.061897,0.05,0.336824,-0.003672,0.6846
genia,recebida,drop_from_queries_and_denominator,todas,H6,0.42472,-0.0694,0.09,0.33301,-0.007486,0.7577
genia,recebida,drop_from_queries_and_denominator,todas,H7,0.429748,-0.064373,0.1,0.334969,-0.005528,0.6584
genia,recebida,drop_from_queries_and_denominator,todas,H8,0.425706,-0.068414,0.12,0.333524,-0.006972,0.6957
genia,recebida,drop_from_queries_and_denominator,todas,H9,0.425395,-0.068725,0.02,0.337734,-0.002763,0.7336
genia,recebida,drop_from_queries_and_denominator,todas,H10,0.426473,-0.067647,0.1,0.33329,-0.007207,0.7126
genia,recebida,drop_from_queries_and_denominator,todas,H11,0.428043,-0.066077,0.1,0.334761,-0.005735,0.6931
genia,recebida,drop_from_queries_and_denominator,L0,todas,0.431215,-0.062905,0.09,0.333443,-0.007054,0.6991
genia,recebida,drop_from_queries_and_denominator,L0,H0,0.451286,-0.042835,0.06,0.335851,-0.004645,0.4217
genia,recebida,drop_from_queries_and_denominator,L0,H1,0.439243,-0.054877,0.09,0.335898,-0.004599,0.6275
genia,recebida,drop_from_queries_and_denominator,L0,H2,0.433957,-0.060163,0.02,0.337751,-0.002745,0.7017
genia,recebida,drop_from_queries_and_denominator,L0,H3,0.432652,-0.061468,0.08,0.334465,-0.006031,0.6298
genia,recebida,drop_from_queries_and_denominator,L0,H4,0.42838,-0.06574,0.01,0.339166,-0.00133,0.6999
genia,recebida,drop_from_queries_and_denominator,L0,H5,0.438067,-0.056053,0.04,0.335909,-0.004587,0.7437
genia,recebida,drop_from_queries_and_denominator,L0,H6,0.452619,-0.041501,0.0,0.340496,0.0,0.5539
genia,recebida,drop_from_queries_and_denominator,L0,H7,0.443974,-0.050146,0.11,0.337291,-0.003205,0.5727
genia,recebida,drop_from_queries_and_denominator,L0,H8,0.438439,-0.055681,0.1,0.334651,-0.005845,0.7106
genia,recebida,drop_from_queries_and_denominator,L0,H9,0.429319,-0.064801,0.09,0.334031,-0.006466,0.6624
genia,recebida,drop_from_queries_and_denominator,L0,H10,0.435227,-0.058893,0.01,0.339084,-0.001412,0.6635
genia,recebida,drop_from_queries_and_denominator,L0,H11,0.444059,-0.050061,0.09,0.33498,-0.005516,0.6319
genia,recebida,drop_from_queries_and_denominator,L1,todas,0.43029,-0.06383,0.04,0.336384,-0.004112,0.7487
genia,recebida,drop_from_queries_and_denominator,L1,H0,0.423284,-0.070836,0.11,0.332071,-0.008425,0.6972
genia,recebida,drop_from_queries_and_denominator,L1,H1,0.433656,-0.060464,0.09,0.334336,-0.006161,0.655
genia,recebida,drop_from_queries_and_denominator,L1,H2,0.45347,-0.04065,0.03,0.338679,-0.001817,0.5971
genia,recebida,drop_from_queries_and_denominator,L1,H3,0.421035,-0.073085,0.0,0.340496,0.0,0.6231
genia,recebida,drop_from_queries_and_denominator,L1,H4,0.465303,-0.028817,0.03,0.338345,-0.002151,0.6336
genia,recebida,drop_from_queries_and_denominator,L1,H5,0.449764,-0.044356,0.0,0.340496,0.0,0.644
genia,recebida,drop_from_queries_and_denominator,L1,H6,0.427563,-0.066557,0.09,0.332816,-0.007681,0.7002
genia,recebida,drop_from_queries_and_denominator,L1,H7,0.441383,-0.052737,0.0,0.340496,0.0,0.7271
genia,recebida,drop_from_queries_and_denominator,L1,H8,0.443067,-0.051053,0.04,0.336398,-0.004099,0.7308
genia,recebida,drop_from_queries_and_denominator,L1,H9,0.437569,-0.056551,0.0,0.340496,0.0,0.6439
genia,recebida,drop_from_queries_and_denominator,L1,H10,0.440271,-0.053849,0.07,0.334089,-0.006407,0.6719
genia,recebida,drop_from_queries_and_denominator,L1,H11,0.427378,-0.066742,0.03,0.336731,-0.003765,0.7406
genia,recebida,drop_from_queries_and_denominator,L2,todas,0.433433,-0.060687,0.0,0.340496,0.0,0.7474
genia,recebida,drop_from_queries_and_denominator,L2,H0,0.437361,-0.056759,0.07,0.336523,-0.003973,0.6298
genia,recebida,drop_from_queries_and_denominator,L2,H1,0.452177,-0.041943,0.02,0.339301,-0.001195,0.5866
genia,recebida,drop_from_queries_and_denominator,L2,H2,0.462514,-0.031606,0.0,0.340496,0.0,0.6257
genia,recebida,drop_from_queries_and_denominator,L2,H3,0.437077,-0.057043,0.0,0.340496,0.0,0.6825
genia,recebida,drop_from_queries_and_denominator,L2,H4,0.435289,-0.058831,0.0,0.340496,0.0,0.7191
genia,recebida,drop_from_queries_and_denominator,L2,H5,0.424875,-0.069245,0.1,0.332673,-0.007823,0.7553
genia,recebida,drop_from_queries_and_denominator,L2,H6,0.443797,-0.050323,0.0,0.340496,0.0,0.7026
genia,recebida,drop_from_queries_and_denominator,L2,H7,0.439466,-0.054654,0.03,0.338351,-0.002145,0.6378
genia,recebida,drop_from_queries_and_denominator,L2,H8,0.430531,-0.063589,0.01,0.339344,-0.001153,0.7133
genia,recebida,drop_from_queries_and_denominator,L2,H9,0.435481,-0.058639,0.01,0.339326,-0.001171,0.684
genia,recebida,drop_from_queries_and_denominator,L2,H10,0.444166,-0.049954,0.0,0.340496,0.0,0.5407
genia,recebida,drop_from_queries_and_denominator,L2,H11,0.44048,-0.05364,0.06,0.335385,-0.005111,0.6407
genia,recebida,drop_from_queries_and_denominator,L3,todas,0.426376,-0.067744,0.11,0.332032,-0.008464,0.7395
genia,recebida,drop_from_queries_and_denominator,L3,H0,0.433583,-0.060537,0.0,0.340496,0.0,0.7431
genia,recebida,drop_from_queries_and_denominator,L3,H1,0.455135,-0.038985,0.03,0.338036,-0.00246,0.4628
genia,recebida,drop_from_queries_and_denominator,L3,H2,0.430741,-0.063379,0.1,0.332938,-0.007558,0.7096
genia,recebida,drop_from_queries_and_denominator,L3,H3,0.418822,-0.075298,0.1,0.331858,-0.008638,0.7685
genia,recebida,drop_from_queries_and_denominator,L3,H4,0.45197,-0.04215,0.0,0.340496,0.0,0.6669
genia,recebida,drop_from_queries_and_denominator,L3,H5,0.445942,-0.048178,0.0,0.340496,0.0,0.7082
genia,recebida,drop_from_queries_and_denominator,L3,H6,0.434784,-0.059336,0.06,0.334569,-0.005927,0.6328
genia,recebida,drop_from_queries_and_denominator,L3,H7,0.458058,-0.036062,0.06,0.338308,-0.002188,0.5541
genia,recebida,drop_from_queries_and_denominator,L3,H8,0.44616,-0.04796,0.0,0.340496,0.0,0.6865
genia,recebida,drop_from_queries_and_denominator,L3,H9,0.443015,-0.051105,0.09,0.337284,-0.003212,0.6176
genia,recebida,drop_from_queries_and_denominator,L3,H10,0.432036,-0.062084,0.1,0.331917,-0.00858,0.6593
genia,recebida,drop_from_queries_and_denominator,L3,H11,0.422439,-0.071681,0.12,0.332123,-0.008373,0.5647
genia,recebida,drop_from_queries_and_denominator,L4,todas,0.426113,-0.068007,0.02,0.338194,-0.002302,0.7806
genia,recebida,drop_from_queries_and_denominator,L4,H0,0.43612,-0.058,0.0,0.340496,0.0,0.7639
genia,recebida,drop_from_queries_and_denominator,L4,H1,0.45096,-0.04316,0.02,0.33822,-0.002276,0.6059
genia,recebida,drop_from_queries_and_denominator,L4,H2,0.458185,-0.035935,0.04,0.33899,-0.001506,0.4449
genia,recebida,drop_from_queries_and_denominator,L4,H3,0.425162,-0.068958,0.09,0.332614,-0.007883,0.7659
genia,recebida,drop_from_queries_and_denominator,L4,H4,0.45789,-0.03623,0.02,0.339779,-0.000718,0.5868
genia,recebida,drop_from_queries_and_denominator,L4,H5,0.437906,-0.056214,0.07,0.335186,-0.00531,0.6884
genia,recebida,drop_from_queries_and_denominator,L4,H6,0.426203,-0.067917,0.0,0.340496,0.0,0.4498
genia,recebida,drop_from_queries_and_denominator,L4,H7,0.428811,-0.065309,0.02,0.337317,-0.003179,0.6899
genia,recebida,drop_from_queries_and_denominator,L4,H8,0.438277,-0.055843,0.01,0.339601,-0.000895,0.6225
genia,recebida,drop_from_queries_and_denominator,L4,H9,0.432661,-0.061459,0.0,0.340496,0.0,0.6893
genia,recebida,drop_from_queries_and_denominator,L4,H10,0.436223,-0.057897,0.12,0.336452,-0.004044,0.6641
genia,recebida,drop_from_queries_and_denominator,L4,H11,0.445479,-0.048641,0.02,0.339516,-0.00098,0.7838
genia,recebida,drop_from_queries_and_denominator,L5,todas,0.42027,-0.07385,0.1,0.333045,-0.007451,0.7176
genia,recebida,drop_from_queries_and_denominator,L5,H0,0.436472,-0.057648,0.08,0.335307,-0.005189,0.6233
genia,recebida,drop_from_queries_and_denominator,L5,H1,0.41118,-0.08294,0.08,0.334202,-0.006294,0.653
genia,recebida,drop_from_queries_and_denominator,L5,H2,0.447556,-0.046564,0.08,0.337556,-0.002941,0.581
genia,recebida,drop_from_queries_and_denominator,L5,H3,0.425387,-0.068733,0.08,0.336711,-0.003786,0.4779
genia,recebida,drop_from_queries_and_denominator,L5,H4,0.444049,-0.050071,0.01,0.339344,-0.001152,0.4437
genia,recebida,drop_from_queries_and_denominator,L5,H5,0.44488,-0.04924,0.02,0.338057,-0.002439,0.5877
genia,recebida,drop_from_queries_and_denominator,L5,H6,0.437322,-0.056798,0.0,0.340496,0.0,0.7456
genia,recebida,drop_from_queries_and_denominator,L5,H7,0.440201,-0.053919,0.03,0.338131,-0.002365,0.6151
genia,recebida,drop_from_queries_and_denominator,L5,H8,0.425868,-0.068252,0.11,0.331932,-0.008564,0.6025
genia,recebida,drop_from_queries_and_denominator,L5,H9,0.431922,-0.062198,0.06,0.335478,-0.005018,0.6878
genia,recebida,drop_from_queries_and_denominator,L5,H10,0.422962,-0.071158,0.1,0.333891,-0.006605,0.762
genia,recebida,drop_from_queries_and_denominator,L5,H11,0.413809,-0.080311,0.12,0.329806,-0.01069,0.6652
genia,recebida,drop_from_queries_and_denominator,L6,todas,0.425022,-0.069098,0.07,0.334677,-0.005819,0.6959
genia,recebida,drop_from_queries_and_denominator,L6,H0,0.432374,-0.061746,0.04,0.335475,-0.005021,0.732
genia,recebida,drop_from_queries_and_denominator,L6,H1,0.441955,-0.052165,0.01,0.339568,-0.000928,0.4771
genia,recebida,drop_from_queries_and_denominator,L6,H2,0.444876,-0.049244,0.01,0.339205,-0.001291,0.7336
genia,recebida,drop_from_queries_and_denominator,L6,H3,0.424823,-0.069297,0.1,0.332292,-0.008205,0.7205
genia,recebida,drop_from_queries_and_denominator,L6,H4,0.428023,-0.066097,0.02,0.337744,-0.002752,0.6635
genia,recebida,drop_from_queries_and_denominator,L6,H5,0.423858,-0.070262,0.1,0.332886,-0.00761,0.5846
genia,recebida,drop_from_queries_and_denominator,L6,H6,0.461666,-0.032454,0.03,0.33816,-0.002336,0.4493
genia,recebida,drop_from_queries_and_denominator,L6,H7,0.453424,-0.040696,0.02,0.33803,-0.002466,0.5836
genia,recebida,drop_from_queries_and_denominator,L6,H8,0.430137,-0.063983,0.1,0.335177,-0.005319,0.5865
genia,recebida,drop_from_queries_and_denominator,L6,H9,0.417762,-0.076358,0.06,0.336378,-0.004118,0.5056
genia,recebida,drop_from_queries_and_denominator,L6,H10,0.446001,-0.048119,0.06,0.337658,-0.002839,0.4125
genia,recebida,drop_from_queries_and_denominator,L6,H11,0.457917,-0.036203,0.0,0.340496,0.0,0.515
genia,recebida,drop_from_queries_and_denominator,L7,todas,0.42295,-0.07117,0.1,0.332527,-0.007969,0.7025
genia,recebida,drop_from_queries_and_denominator,L7,H0,0.428858,-0.065263,0.01,0.339503,-0.000993,0.5706
genia,recebida,drop_from_queries_and_denominator,L7,H1,0.434656,-0.059464,0.06,0.334326,-0.00617,0.6084
genia,recebida,drop_from_queries_and_denominator,L7,H2,0.444848,-0.049272,0.09,0.335416,-0.00508,0.6338
genia,recebida,drop_from_queries_and_denominator,L7,H3,0.42087,-0.07325,0.09,0.331066,-0.00943,0.7573
genia,recebida,drop_from_queries_and_denominator,L7,H4,0.435535,-0.058585,0.0,0.340496,0.0,0.5474
genia,recebida,drop_from_queries_and_denominator,L7,H5,0.458111,-0.036009,0.0,0.340496,0.0,0.4144
genia,recebida,drop_from_queries_and_denominator,L7,H6,0.444356,-0.049764,0.09,0.335531,-0.004965,0.3721
genia,recebida,drop_from_queries_and_denominator,L7,H7,0.450964,-0.043156,0.07,0.336912,-0.003584,0.5426
genia,recebida,drop_from_queries_and_denominator,L7,H8,0.43749,-0.05663,0.11,0.333383,-0.007113,0.4843
genia,recebida,drop_from_queries_and_denominator,L7,H9,0.414883,-0.079237,0.13,0.332043,-0.008453,0.588
genia,recebida,drop_from_queries_and_denominator,L7,H10,0.441669,-0.052451,0.07,0.334476,-0.006021,0.6644
genia,recebida,drop_from_queries_and_denominator,L7,H11,0.448454,-0.045666,0.01,0.339363,-0.001134,0.57
genia,recebida,drop_from_queries_and_denominator,L8,todas,0.433918,-0.060202,0.09,0.335846,-0.00465,0.6181
genia,recebida,drop_from_queries_and_denominator,L8,H0,0.455905,-0.038215,0.04,0.340467,-2.9e-05,0.3189
genia,recebida,drop_from_queries_and_denominator,L8,H1,0.436095,-0.058025,0.07,0.336642,-0.003854,0.5555
genia,recebida,drop_from_queries_and_denominator,L8,H2,0.440096,-0.054024,0.08,0.336618,-0.003878,0.5179
genia,recebida,drop_from_queries_and_denominator,L8,H3,0.437699,-0.056421,0.07,0.335471,-0.005025,0.6218
genia,recebida,drop_from_queries_and_denominator,L8,H4,0.450906,-0.043214,0.0,0.340496,0.0,0.3308
genia,recebida,drop_from_queries_and_denominator,L8,H5,0.478433,-0.015687,0.0,0.340496,0.0,0.3373
genia,recebida,drop_from_queries_and_denominator,L8,H6,0.42664,-0.06748,0.02,0.337375,-0.003121,0.6533
genia,recebida,drop_from_queries_and_denominator,L8,H7,0.434602,-0.059518,0.1,0.335163,-0.005333,0.4684
genia,recebida,drop_from_queries_and_denominator,L8,H8,0.436936,-0.057184,0.13,0.334866,-0.00563,0.5346
genia,recebida,drop_from_queries_and_denominator,L8,H9,0.438348,-0.055772,0.0,0.340496,0.0,0.7547
genia,recebida,drop_from_queries_and_denominator,L8,H10,0.448043,-0.046077,0.07,0.337013,-0.003483,0.4995
genia,recebida,drop_from_queries_and_denominator,L8,H11,0.482539,-0.011582,0.04,0.339885,-0.000611,0.3168
genia,recebida,drop_from_queries_and_denominator,L9,todas,0.4309,-0.06322,0.1,0.334436,-0.00606,0.6622
genia,recebida,drop_from_queries_and_denominator,L9,H0,0.447183,-0.046937,0.02,0.338835,-0.001661,0.5347
genia,recebida,drop_from_queries_and_denominator,L9,H1,0.446461,-0.047659,0.09,0.336112,-0.004384,0.5504
genia,recebida,drop_from_queries_and_denominator,L9,H2,0.446195,-0.047925,0.0,0.340496,0.0,0.5714
genia,recebida,drop_from_queries_and_denominator,L9,H3,0.429217,-0.064903,0.1,0.334083,-0.006414,0.712
genia,recebida,drop_from_queries_and_denominator,L9,H4,0.459967,-0.034153,0.08,0.337798,-0.002698,0.4856
genia,recebida,drop_from_queries_and_denominator,L9,H5,0.435034,-0.059086,0.1,0.333567,-0.006929,0.6659
genia,recebida,drop_from_queries_and_denominator,L9,H6,0.4344,-0.05972,0.01,0.338997,-0.001499,0.7005
genia,recebida,drop_from_queries_and_denominator,L9,H7,0.435303,-0.058817,0.1,0.334467,-0.00603,0.4442
genia,recebida,drop_from_queries_and_denominator,L9,H8,0.435078,-0.059042,0.01,0.339084,-0.001413,0.4735
genia,recebida,drop_from_queries_and_denominator,L9,H9,0.431949,-0.062171,0.01,0.338848,-0.001649,0.7445
genia,recebida,drop_from_queries_and_denominator,L9,H10,0.446891,-0.047229,0.08,0.33733,-0.003166,0.5529
genia,recebida,drop_from_queries_and_denominator,L9,H11,0.437168,-0.056952,0.1,0.337875,-0.002622,0.4048
genia,recebida,drop_from_queries_and_denominator,L10,todas,0.427758,-0.066362,0.07,0.336741,-0.003755,0.6229
genia,recebida,drop_from_queries_and_denominator,L10,H0,0.429612,-0.064508,0.09,0.334119,-0.006377,0.7023
genia,recebida,drop_from_queries_and_denominator,L10,H1,0.415723,-0.078397,0.07,0.334106,-0.00639,0.6157
genia,recebida,drop_from_queries_and_denominator,L10,H2,0.466428,-0.027692,0.0,0.340496,0.0,0.3505
genia,recebida,drop_from_queries_and_denominator,L10,H3,0.476277,-0.017843,0.15,0.346465,0.005969,0.3398
genia,recebida,drop_from_queries_and_denominator,L10,H4,0.44475,-0.04937,0.09,0.337261,-0.003235,0.5501
genia,recebida,drop_from_queries_and_denominator,L10,H5,0.432748,-0.061372,0.1,0.336612,-0.003884,0.5209
genia,recebida,drop_from_queries_and_denominator,L10,H6,0.436274,-0.057846,0.1,0.336979,-0.003517,0.5559
genia,recebida,drop_from_queries_and_denominator,L10,H7,0.434689,-0.059431,0.06,0.337828,-0.002668,0.4392
genia,recebida,drop_from_queries_and_denominator,L10,H8,0.436593,-0.057527,0.08,0.337245,-0.003251,0.5688
genia,recebida,drop_from_queries_and_denominator,L10,H9,0.441564,-0.052556,0.0,0.340496,0.0,0.6549
genia,recebida,drop_from_queries_and_denominator,L10,H10,0.436436,-0.057684,0.05,0.337597,-0.002899,0.4584
genia,recebida,drop_from_queries_and_denominator,L10,H11,0.438255,-0.055865,0.0,0.340496,0.0,0.4626
genia,recebida,drop_from_queries_and_denominator,L11,todas,0.433099,-0.061021,0.08,0.334732,-0.005764,0.6958
genia,recebida,drop_from_queries_and_denominator,L11,H0,0.436216,-0.057904,0.09,0.334074,-0.006422,0.699
genia,recebida,drop_from_queries_and_denominator,L11,H1,0.436055,-0.058065,0.02,0.337697,-0.0028,0.732
genia,recebida,drop_from_queries_and_denominator,L11,H2,0.430723,-0.063397,0.03,0.337733,-0.002763,0.6636
genia,recebida,drop_from_queries_and_denominator,L11,H3,0.437102,-0.057018,0.07,0.334822,-0.005674,0.6119
genia,recebida,drop_from_queries_and_denominator,L11,H4,0.44414,-0.04998,0.08,0.3351,-0.005396,0.5173
genia,recebida,drop_from_queries_and_denominator,L11,H5,0.452488,-0.041632,0.03,0.337475,-0.003021,0.5331
genia,recebida,drop_from_queries_and_denominator,L11,H6,0.453835,-0.040285,0.02,0.337966,-0.00253,0.6925
genia,recebida,drop_from_queries_and_denominator,L11,H7,0.425209,-0.068911,0.03,0.337741,-0.002755,0.6341
genia,recebida,drop_from_queries_and_denominator,L11,H8,0.431754,-0.062366,0.08,0.335987,-0.004509,0.688
genia,recebida,drop_from_queries_and_denominator,L11,H9,0.439399,-0.054721,0.01,0.339201,-0.001295,0.6201
genia,recebida,drop_from_queries_and_denominator,L11,H10,0.443463,-0.050657,0.02,0.337616,-0.002881,0.7231
genia,recebida,drop_from_queries_and_denominator,L11,H11,0.448027,-0.046093,0.01,0.339207,-0.001289,0.5901
genia,recebida,drop_from_queries_and_denominator,0-3,todas,0.429264,-0.064856,0.09,0.333644,-0.006852,0.7427
genia,recebida,drop_from_queries_and_denominator,0-3,H0,0.430521,-0.063599,0.1,0.33307,-0.007426,0.6675
genia,recebida,drop_from_queries_and_denominator,0-3,H1,0.432523,-0.061597,0.1,0.333989,-0.006507,0.6894
genia,recebida,drop_from_queries_and_denominator,0-3,H2,0.437469,-0.056651,0.0,0.340496,0.0,0.7236
genia,recebida,drop_from_queries_and_denominator,0-3,H3,0.418098,-0.076022,0.1,0.332258,-0.008238,0.7565
genia,recebida,drop_from_queries_and_denominator,0-3,H4,0.435335,-0.058785,0.02,0.338226,-0.00227,0.7655
genia,recebida,drop_from_queries_and_denominator,0-3,H5,0.434835,-0.059285,0.03,0.336963,-0.003533,0.7695
genia,recebida,drop_from_queries_and_denominator,0-3,H6,0.432737,-0.061383,0.03,0.336916,-0.00358,0.7488
genia,recebida,drop_from_queries_and_denominator,0-3,H7,0.439224,-0.054896,0.1,0.335857,-0.004639,0.7036
genia,recebida,drop_from_queries_and_denominator,0-3,H8,0.434904,-0.059216,0.03,0.337331,-0.003166,0.7719
genia,recebida,drop_from_queries_and_denominator,0-3,H9,0.430269,-0.063852,0.11,0.333815,-0.006681,0.702
genia,recebida,drop_from_queries_and_denominator,0-3,H10,0.429629,-0.064491,0.09,0.332903,-0.007593,0.7002
genia,recebida,drop_from_queries_and_denominator,0-3,H11,0.426144,-0.067976,0.1,0.332604,-0.007893,0.6842
genia,recebida,drop_from_queries_and_denominator,4-7,todas,0.421838,-0.072282,0.11,0.332899,-0.007598,0.7333
genia,recebida,drop_from_queries_and_denominator,4-7,H0,0.42432,-0.0698,0.02,0.337539,-0.002957,0.7692
genia,recebida,drop_from_queries_and_denominator,4-7,H1,0.423151,-0.070969,0.07,0.335448,-0.005048,0.6566
genia,recebida,drop_from_queries_and_denominator,4-7,H2,0.441805,-0.052315,0.09,0.335638,-0.004858,0.6884
genia,recebida,drop_from_queries_and_denominator,4-7,H3,0.419373,-0.074747,0.11,0.331294,-0.009202,0.7475
genia,recebida,drop_from_queries_and_denominator,4-7,H4,0.423852,-0.070268,0.02,0.3379,-0.002597,0.6899
genia,recebida,drop_from_queries_and_denominator,4-7,H5,0.430904,-0.063216,0.11,0.335527,-0.004969,0.6693
genia,recebida,drop_from_queries_and_denominator,4-7,H6,0.422174,-0.071946,0.02,0.337604,-0.002893,0.7294
genia,recebida,drop_from_queries_and_denominator,4-7,H7,0.436475,-0.057645,0.1,0.334992,-0.005504,0.6714
genia,recebida,drop_from_queries_and_denominator,4-7,H8,0.425763,-0.068357,0.13,0.333553,-0.006943,0.6321
genia,recebida,drop_from_queries_and_denominator,4-7,H9,0.410027,-0.084093,0.1,0.332552,-0.007944,0.7169
genia,recebida,drop_from_queries_and_denominator,4-7,H10,0.427761,-0.066359,0.1,0.333936,-0.00656,0.6847
genia,recebida,drop_from_queries_and_denominator,4-7,H11,0.432098,-0.062022,0.02,0.338741,-0.001755,0.692
genia,recebida,drop_from_queries_and_denominator,8-11,todas,0.429557,-0.064563,0.1,0.334984,-0.005512,0.6663
genia,recebida,drop_from_queries_and_denominator,8-11,H0,0.433425,-0.060695,0.1,0.335242,-0.005254,0.6488
genia,recebida,drop_from_queries_and_denominator,8-11,H1,0.427676,-0.066444,0.08,0.334326,-0.00617,0.7168
genia,recebida,drop_from_queries_and_denominator,8-11,H2,0.434352,-0.059768,0.01,0.339506,-0.00099,0.6506
genia,recebida,drop_from_queries_and_denominator,8-11,H3,0.433555,-0.060565,0.1,0.334363,-0.006133,0.6654
genia,recebida,drop_from_queries_and_denominator,8-11,H4,0.435095,-0.059025,0.03,0.337482,-0.003014,0.6096
genia,recebida,drop_from_queries_and_denominator,8-11,H5,0.438713,-0.055407,0.07,0.337283,-0.003214,0.5799
genia,recebida,drop_from_queries_and_denominator,8-11,H6,0.427747,-0.066373,0.07,0.33448,-0.006016,0.6966
genia,recebida,drop_from_queries_and_denominator,8-11,H7,0.426065,-0.068055,0.1,0.335597,-0.0049,0.546
genia,recebida,drop_from_queries_and_denominator,8-11,H8,0.428298,-0.065822,0.12,0.335078,-0.005418,0.6189
genia,recebida,drop_from_queries_and_denominator,8-11,H9,0.435369,-0.058751,0.0,0.340496,0.0,0.7197
genia,recebida,drop_from_queries_and_denominator,8-11,H10,0.434932,-0.059188,0.08,0.335144,-0.005353,0.636
genia,recebida,drop_from_queries_and_denominator,8-11,H11,0.43836,-0.05576,0.08,0.337568,-0.002929,0.6064
genia,auto_foco,keep,todas,todas,0.417144,-0.076976,0.04,0.334611,-0.005885,0.8854
genia,auto_foco,keep,todas,H0,0.415497,-0.078623,0.1,0.329165,-0.011331,0.8133
genia,auto_foco,keep,todas,H1,0.432188,-0.061932,0.05,0.334955,-0.005541,0.7856
genia,auto_foco,keep,todas,H2,0.428396,-0.065724,0.03,0.336116,-0.00438,0.8941
genia,auto_foco,keep,todas,H3,0.401245,-0.092875,0.15,0.323884,-0.016613,0.8146
genia,auto_foco,keep,todas,H4,0.439155,-0.054965,0.0,0.340496,0.0,0.8451
genia,auto_foco,keep,todas,H5,0.415403,-0.078717,0.1,0.329051,-0.011446,0.8761
genia,auto_foco,keep,todas,H6,0.422395,-0.071725,0.03,0.33639,-0.004106,0.8926
genia,auto_foco,keep,todas,H7,0.426696,-0.067424,0.04,0.335575,-0.004922,0.8111
genia,auto_foco,keep,todas,H8,0.419601,-0.074519,0.05,0.333893,-0.006603,0.8496
genia,auto_foco,keep,todas,H9,0.414575,-0.079545,0.02,0.337653,-0.002843,0.8697
genia,auto_foco,keep,todas,H10,0.412087,-0.082033,0.13,0.327262,-0.013234,0.897
genia,auto_foco,keep,todas,H11,0.429444,-0.064676,0.04,0.334244,-0.006252,0.8499
genia,auto_foco,keep,L0,todas,0.441043,-0.053077,0.01,0.339629,-0.000868,0.8162
genia,auto_foco,keep,L0,H0,0.436889,-0.057231,0.06,0.334581,-0.005915,0.6438
genia,auto_foco,keep,L0,H1,0.466235,-0.027885,0.0,0.340496,0.0,0.524
genia,auto_foco,keep,L0,H2,0.435422,-0.058698,0.0,0.340496,0.0,0.799
genia,auto_foco,keep,L0,H3,0.437569,-0.056551,0.04,0.337,-0.003496,0.7452
genia,auto_foco,keep,L0,H4,0.445579,-0.048541,0.0,0.340496,0.0,0.6638
genia,auto_foco,keep,L0,H5,0.459631,-0.034489,0.03,0.338794,-0.001702,0.3589
genia,auto_foco,keep,L0,H6,0.456602,-0.037518,0.0,0.340496,0.0,0.3942
genia,auto_foco,keep,L0,H7,0.439077,-0.055044,0.02,0.339391,-0.001105,0.4953
genia,auto_foco,keep,L0,H8,0.461901,-0.032219,0.13,0.335042,-0.005455,0.5809
genia,auto_foco,keep,L0,H9,0.453034,-0.041086,0.0,0.340496,0.0,0.6329
genia,auto_foco,keep,L0,H10,0.442659,-0.051461,0.0,0.340496,0.0,0.7289
genia,auto_foco,keep,L0,H11,0.452591,-0.041529,0.05,0.335569,-0.004928,0.6923
genia,auto_foco,keep,L1,todas,0.431183,-0.062937,0.03,0.336483,-0.004013,0.8367
genia,auto_foco,keep,L1,H0,0.419858,-0.074262,0.16,0.325665,-0.014831,0.6142
genia,auto_foco,keep,L1,H1,0.431565,-0.062555,0.1,0.332618,-0.007879,0.5321
genia,auto_foco,keep,L1,H2,0.452985,-0.041135,0.02,0.339606,-0.00089,0.6752
genia,auto_foco,keep,L1,H3,0.452239,-0.041881,0.0,0.340496,0.0,0.4423
genia,auto_foco,keep,L1,H4,0.470273,-0.023847,0.03,0.3412,0.000704,0.4377
genia,auto_foco,keep,L1,H5,0.437253,-0.056867,0.0,0.340496,0.0,0.7568
genia,auto_foco,keep,L1,H6,0.438543,-0.055577,0.06,0.336575,-0.003921,0.6445
genia,auto_foco,keep,L1,H7,0.461571,-0.032549,0.0,0.340496,0.0,0.6467
genia,auto_foco,keep,L1,H8,0.437776,-0.056344,0.04,0.335446,-0.00505,0.8424
genia,auto_foco,keep,L1,H9,0.44886,-0.04526,0.0,0.340496,0.0,0.7253
genia,auto_foco,keep,L1,H10,0.443625,-0.050495,0.06,0.339043,-0.001454,0.5442
genia,auto_foco,keep,L1,H11,0.424003,-0.070117,0.13,0.331712,-0.008784,0.7193
genia,auto_foco,keep,L2,todas,0.442672,-0.051448,0.0,0.340496,0.0,0.8156
genia,auto_foco,keep,L2,H0,0.442906,-0.051214,0.0,0.340496,0.0,0.524
genia,auto_foco,keep,L2,H1,0.460361,-0.033759,0.0,0.340496,0.0,0.5864
genia,auto_foco,keep,L2,H2,0.471764,-0.022356,0.0,0.340496,0.0,0.5027
genia,auto_foco,keep,L2,H3,0.426089,-0.068031,0.0,0.340496,0.0,0.8646
genia,auto_foco,keep,L2,H4,0.460754,-0.033366,0.0,0.340496,0.0,0.5667
genia,auto_foco,keep,L2,H5,0.410293,-0.083827,0.13,0.32694,-0.013556,0.7883
genia,auto_foco,keep,L2,H6,0.450124,-0.043996,0.01,0.339262,-0.001234,0.7241
genia,auto_foco,keep,L2,H7,0.448348,-0.045772,0.07,0.336693,-0.003803,0.6228
genia,auto_foco,keep,L2,H8,0.442789,-0.051331,0.08,0.335014,-0.005483,0.6438
genia,auto_foco,keep,L2,H9,0.430672,-0.063448,0.0,0.340496,0.0,0.7482
genia,auto_foco,keep,L2,H10,0.457447,-0.036673,0.0,0.340496,0.0,0.5372
genia,auto_foco,keep,L2,H11,0.439268,-0.054852,0.02,0.33856,-0.001937,0.6165
genia,auto_foco,keep,L3,todas,0.422137,-0.071983,0.07,0.332623,-0.007874,0.8649
genia,auto_foco,keep,L3,H0,0.452154,-0.041966,0.0,0.340496,0.0,0.7482
genia,auto_foco,keep,L3,H1,0.438756,-0.055364,0.09,0.337957,-0.002539,0.5471
genia,auto_foco,keep,L3,H2,0.418508,-0.075612,0.15,0.32774,-0.012756,0.7396
genia,auto_foco,keep,L3,H3,0.414505,-0.079615,0.2,0.330852,-0.009644,0.7171
genia,auto_foco,keep,L3,H4,0.442438,-0.051682,0.0,0.340496,0.0,0.6553
genia,auto_foco,keep,L3,H5,0.438759,-0.055361,0.01,0.339386,-0.001111,0.7785
genia,auto_foco,keep,L3,H6,0.413689,-0.080431,0.03,0.335787,-0.004709,0.8902
genia,auto_foco,keep,L3,H7,0.453779,-0.040341,0.05,0.338724,-0.001772,0.4332
genia,auto_foco,keep,L3,H8,0.469903,-0.024217,0.0,0.340496,0.0,0.519
genia,auto_foco,keep,L3,H9,0.417675,-0.076445,0.17,0.330399,-0.010097,0.8348
genia,auto_foco,keep,L3,H10,0.423632,-0.070488,0.1,0.330585,-0.009912,0.7611
genia,auto_foco,keep,L3,H11,0.441886,-0.052234,0.03,0.337287,-0.003209,0.5368
genia,auto_foco,keep,L4,todas,0.426179,-0.067941,0.01,0.339242,-0.001254,0.8962
genia,auto_foco,keep,L4,H0,0.434761,-0.059359,0.0,0.340496,0.0,0.8055
genia,auto_foco,keep,L4,H1,0.452556,-0.041565,0.01,0.339479,-0.001017,0.7077
genia,auto_foco,keep,L4,H2,0.482019,-0.012101,0.0,0.340496,0.0,0.4476
genia,auto_foco,keep,L4,H3,0.40646,-0.08766,0.03,0.334791,-0.005705,0.8621
genia,auto_foco,keep,L4,H4,0.460896,-0.033224,0.0,0.340496,0.0,0.7126
genia,auto_foco,keep,L4,H5,0.433776,-0.060344,0.02,0.337587,-0.002909,0.7922
genia,auto_foco,keep,L4,H6,0.45303,-0.04109,0.0,0.340496,0.0,0.3632
genia,auto_foco,keep,L4,H7,0.437224,-0.056896,0.01,0.339064,-0.001432,0.6509
genia,auto_foco,keep,L4,H8,0.461252,-0.032868,0.0,0.340496,0.0,0.5246
genia,auto_foco,keep,L4,H9,0.421178,-0.072942,0.0,0.340496,0.0,0.6777
genia,auto_foco,keep,L4,H10,0.430207,-0.063913,0.02,0.338338,-0.002159,0.8338
genia,auto_foco,keep,L4,H11,0.447767,-0.046353,0.0,0.340496,0.0,0.5955
genia,auto_foco,keep,L5,todas,0.420077,-0.074043,0.04,0.334337,-0.006159,0.8476
genia,auto_foco,keep,L5,H0,0.420593,-0.073527,0.03,0.336186,-0.00431,0.7565
genia,auto_foco,keep,L5,H1,0.486498,-0.007622,0.01,0.339426,-0.00107,0.2549
genia,auto_foco,keep,L5,H2,0.43076,-0.06336,0.01,0.339913,-0.000583,0.7513
genia,auto_foco,keep,L5,H3,0.451617,-0.042503,0.0,0.340496,0.0,0.6167
genia,auto_foco,keep,L5,H4,0.450212,-0.043908,0.0,0.340496,0.0,0.5874
genia,auto_foco,keep,L5,H5,0.440258,-0.053862,0.0,0.340496,0.0,0.5907
genia,auto_foco,keep,L5,H6,0.435721,-0.058399,0.0,0.340496,0.0,0.8356
genia,auto_foco,keep,L5,H7,0.421545,-0.072575,0.13,0.33025,-0.010246,0.7123
genia,auto_foco,keep,L5,H8,0.43093,-0.06319,0.02,0.338174,-0.002322,0.6354
genia,auto_foco,keep,L5,H9,0.410206,-0.083914,0.03,0.334953,-0.005543,0.8057
genia,auto_foco,keep,L5,H10,0.425867,-0.068253,0.17,0.333044,-0.007452,0.6852
genia,auto_foco,keep,L5,H11,0.398046,-0.096074,0.09,0.328646,-0.01185,0.6923
genia,auto_foco,keep,L6,todas,0.421675,-0.072445,0.04,0.333596,-0.006901,0.7764
genia,auto_foco,keep,L6,H0,0.420281,-0.073839,0.06,0.331746,-0.00875,0.8085
genia,auto_foco,keep,L6,H1,0.479556,-0.014564,0.01,0.339372,-0.001124,0.275
genia,auto_foco,keep,L6,H2,0.425546,-0.068574,0.03,0.33599,-0.004506,0.8248
genia,auto_foco,keep,L6,H3,0.416002,-0.078118,0.06,0.331608,-0.008888,0.6651
genia,auto_foco,keep,L6,H4,0.431551,-0.062569,0.02,0.337137,-0.003359,0.6134
genia,auto_foco,keep,L6,H5,0.41763,-0.07649,0.03,0.337949,-0.002547,0.7238
genia,auto_foco,keep,L6,H6,0.463043,-0.031077,0.02,0.339488,-0.001008,0.4727
genia,auto_foco,keep,L6,H7,0.432164,-0.061956,0.0,0.340496,0.0,0.6616
genia,auto_foco,keep,L6,H8,0.441446,-0.052674,0.19,0.337898,-0.002598,0.433
genia,auto_foco,keep,L6,H9,0.527753,0.033633,0.03,0.340358,-0.000138,-0.1565
genia,auto_foco,keep,L6,H10,0.434113,-0.060007,0.05,0.335206,-0.00529,0.6045
genia,auto_foco,keep,L6,H11,0.438589,-0.055531,0.0,0.340496,0.0,0.6165
genia,auto_foco,keep,L7,todas,0.414215,-0.079905,0.04,0.332932,-0.007564,0.8265
genia,auto_foco,keep,L7,H0,0.459004,-0.035116,0.0,0.340496,0.0,0.3013
genia,auto_foco,keep,L7,H1,0.420311,-0.073809,0.06,0.333361,-0.007136,0.744
genia,auto_foco,keep,L7,H2,0.420163,-0.073957,0.04,0.334232,-0.006264,0.7769
genia,auto_foco,keep,L7,H3,0.399813,-0.094307,0.14,0.322686,-0.01781,0.7536
genia,auto_foco,keep,L7,H4,0.453537,-0.040583,0.0,0.340496,0.0,0.4502
genia,auto_foco,keep,L7,H5,0.429788,-0.064332,0.01,0.338755,-0.001741,0.5058
genia,auto_foco,keep,L7,H6,0.414852,-0.079268,0.08,0.332548,-0.007949,0.6857
genia,auto_foco,keep,L7,H7,0.45951,-0.03461,0.02,0.338212,-0.002284,0.6091
genia,auto_foco,keep,L7,H8,0.429838,-0.064282,0.05,0.334329,-0.006168,0.7231
genia,auto_foco,keep,L7,H9,0.410661,-0.083459,0.1,0.334819,-0.005677,0.4663
genia,auto_foco,keep,L7,H10,0.415496,-0.078624,0.07,0.330969,-0.009527,0.7385
genia,auto_foco,keep,L7,H11,0.449805,-0.044315,0.0,0.340496,0.0,0.5635
genia,auto_foco,keep,L8,todas,0.422335,-0.071785,0.04,0.334737,-0.005759,0.7845
genia,auto_foco,keep,L8,H0,0.467455,-0.026665,0.03,0.338585,-0.001911,0.3083
genia,auto_foco,keep,L8,H1,0.470772,-0.023348,0.0,0.340496,0.0,0.4523
genia,auto_foco,keep,L8,H2,0.432792,-0.061328,0.04,0.335157,-0.005339,0.5438
genia,auto_foco,keep,L8,H3,0.417263,-0.076857,0.07,0.332812,-0.007685,0.6694
genia,auto_foco,keep,L8,H4,0.459559,-0.034561,0.0,0.340496,0.0,0.4652
genia,auto_foco,keep,L8,H5,0.455976,-0.038144,0.0,0.340496,0.0,0.4992
genia,auto_foco,keep,L8,H6,0.414079,-0.080041,0.04,0.33411,-0.006387,0.7699
genia,auto_foco,keep,L8,H7,0.431033,-0.063087,0.03,0.337013,-0.003483,0.6821
genia,auto_foco,keep,L8,H8,0.414723,-0.079397,0.06,0.333443,-0.007053,0.6292
genia,auto_foco,keep,L8,H9,0.437867,-0.056253,0.0,0.340496,0.0,0.8603
genia,auto_foco,keep,L8,H10,0.422586,-0.071534,0.0,0.340496,0.0,0.6111
genia,auto_foco,keep,L8,H11,0.443487,-0.050633,0.02,0.338508,-0.001988,0.5295
genia,auto_foco,keep,L9,todas,0.408122,-0.085998,0.11,0.328983,-0.011514,0.8264
genia,auto_foco,keep,L9,H0,0.440828,-0.053292,0.01,0.339388,-0.001108,0.662
genia,auto_foco,keep,L9,H1,0.420496,-0.073624,0.07,0.333302,-0.007194,0.6646
genia,auto_foco,keep,L9,H2,0.444334,-0.049786,0.03,0.337205,-0.003291,0.7596
genia,auto_foco,keep,L9,H3,0.377775,-0.116345,0.32,0.324307,-0.016189,0.6657
genia,auto_foco,keep,L9,H4,0.471055,-0.023065,0.0,0.340496,0.0,0.4246
genia,auto_foco,keep,L9,H5,0.428112,-0.066008,0.06,0.33305,-0.007446,0.8461
genia,auto_foco,keep,L9,H6,0.421223,-0.072897,0.03,0.337742,-0.002754,0.7076
genia,auto_foco,keep,L9,H7,0.416376,-0.077744,0.08,0.333491,-0.007006,0.7271
genia,auto_foco,keep,L9,H8,0.430791,-0.063329,0.0,0.340496,0.0,0.5335
genia,auto_foco,keep,L9,H9,0.419475,-0.074645,0.05,0.335067,-0.005429,0.8509
genia,auto_foco,keep,L9,H10,0.438824,-0.055296,0.02,0.339344,-0.001153,0.6592
genia,auto_foco,keep,L9,H11,0.432419,-0.061701,0.02,0.338927,-0.001569,0.5574
genia,auto_foco,keep,L10,todas,0.408472,-0.085648,0.08,0.33041,-0.010086,0.7944
genia,auto_foco,keep,L10,H0,0.413384,-0.080736,0.05,0.334914,-0.005582,0.7462
genia,auto_foco,keep,L10,H1,0.401432,-0.092688,0.05,0.330849,-0.009648,0.7206
genia,auto_foco,keep,L10,H2,0.440631,-0.053489,0.0,0.340496,0.0,0.5181
genia,auto_foco,keep,L10,H3,0.437963,-0.056157,0.02,0.339999,-0.000497,0.7004
genia,auto_foco,keep,L10,H4,0.414589,-0.079531,0.11,0.330936,-0.009561,0.7294
genia,auto_foco,keep,L10,H5,0.399703,-0.094417,0.14,0.326268,-0.014229,0.6853
genia,auto_foco,keep,L10,H6,0.407617,-0.086503,0.06,0.334407,-0.006089,0.7009
genia,auto_foco,keep,L10,H7,0.470331,-0.023789,0.02,0.339307,-0.001189,0.2912
genia,auto_foco,keep,L10,H8,0.430208,-0.063912,0.02,0.338742,-0.001754,0.6405
genia,auto_foco,keep,L10,H9,0.406532,-0.087588,0.07,0.334312,-0.006184,0.7427
genia,auto_foco,keep,L10,H10,0.417364,-0.076756,0.08,0.330997,-0.009499,0.7136
genia,auto_foco,keep,L10,H11,0.442823,-0.051297,0.0,0.340496,0.0,0.5712
genia,auto_foco,keep,L11,todas,0.421025,-0.073096,0.06,0.332437,-0.008059,0.8306
genia,auto_foco,keep,L11,H0,0.426049,-0.068071,0.2,0.326583,-0.013914,0.6146
genia,auto_foco,keep,L11,H1,0.427878,-0.066242,0.03,0.336816,-0.00368,0.7614
genia,auto_foco,keep,L11,H2,0.44265,-0.05147,0.02,0.338933,-0.001563,0.8266
genia,auto_foco,keep,L11,H3,0.435841,-0.058279,0.01,0.339761,-0.000735,0.7404
genia,auto_foco,keep,L11,H4,0.437753,-0.056367,0.05,0.334189,-0.006307,0.7248
genia,auto_foco,keep,L11,H5,0.443617,-0.050503,0.0,0.340496,0.0,0.6595
genia,auto_foco,keep,L11,H6,0.430645,-0.063475,0.02,0.337573,-0.002923,0.8719
genia,auto_foco,keep,L11,H7,0.429827,-0.064293,0.02,0.337746,-0.00275,0.6648
genia,auto_foco,keep,L11,H8,0.423273,-0.070847,0.02,0.337411,-0.003085,0.775
genia,auto_foco,keep,L11,H9,0.413599,-0.080521,0.02,0.33743,-0.003066,0.8146
genia,auto_foco,keep,L11,H10,0.418753,-0.075367,0.11,0.328386,-0.01211,0.833
genia,auto_foco,keep,L11,H11,0.448209,-0.045911,0.03,0.337086,-0.00341,0.7203
genia,auto_foco,keep,0-3,todas,0.432921,-0.061199,0.01,0.339494,-0.001003,0.8531
genia,auto_foco,keep,0-3,H0,0.426662,-0.067458,0.03,0.337478,-0.003019,0.7669
genia,auto_foco,keep,0-3,H1,0.440926,-0.053194,0.07,0.335954,-0.004542,0.6688
genia,auto_foco,keep,0-3,H2,0.436191,-0.057929,0.0,0.340496,0.0,0.8147
genia,auto_foco,keep,0-3,H3,0.421381,-0.072739,0.03,0.336121,-0.004376,0.8839
genia,auto_foco,keep,0-3,H4,0.455762,-0.038358,0.0,0.340496,0.0,0.7054
genia,auto_foco,keep,0-3,H5,0.432679,-0.061441,0.04,0.335019,-0.005477,0.8415
genia,auto_foco,keep,0-3,H6,0.452811,-0.041309,0.0,0.340496,0.0,0.7999
genia,auto_foco,keep,0-3,H7,0.447522,-0.046598,0.01,0.339845,-0.000651,0.7321
genia,auto_foco,keep,0-3,H8,0.459641,-0.034479,0.03,0.338416,-0.00208,0.7184
genia,auto_foco,keep,0-3,H9,0.432826,-0.061294,0.0,0.340496,0.0,0.8002
genia,auto_foco,keep,0-3,H10,0.435412,-0.058708,0.0,0.340496,0.0,0.789
genia,auto_foco,keep,0-3,H11,0.433092,-0.061028,0.1,0.330344,-0.010152,0.8311
genia,auto_foco,keep,4-7,todas,0.417839,-0.076281,0.04,0.333825,-0.006672,0.8712
genia,auto_foco,keep,4-7,H0,0.421199,-0.072921,0.01,0.338867,-0.001629,0.8751
genia,auto_foco,keep,4-7,H1,0.457249,-0.036871,0.02,0.338123,-0.002373,0.5556
genia,auto_foco,keep,4-7,H2,0.424707,-0.069413,0.03,0.33565,-0.004846,0.8648
genia,auto_foco,keep,4-7,H3,0.402621,-0.091499,0.09,0.326638,-0.013858,0.7748
genia,auto_foco,keep,4-7,H4,0.443324,-0.050796,0.0,0.340496,0.0,0.7188
genia,auto_foco,keep,4-7,H5,0.425349,-0.068771,0.01,0.339065,-0.001432,0.7777
genia,auto_foco,keep,4-7,H6,0.437669,-0.056451,0.0,0.340496,0.0,0.8179
genia,auto_foco,keep,4-7,H7,0.422805,-0.071315,0.04,0.334701,-0.005795,0.781
genia,auto_foco,keep,4-7,H8,0.427762,-0.066359,0.06,0.334349,-0.006148,0.7431
genia,auto_foco,keep,4-7,H9,0.45008,-0.04404,0.05,0.335089,-0.005408,0.4968
genia,auto_foco,keep,4-7,H10,0.411797,-0.082323,0.16,0.326547,-0.013949,0.8249
genia,auto_foco,keep,4-7,H11,0.431082,-0.063038,0.02,0.336862,-0.003634,0.733
genia,auto_foco,keep,8-11,todas,0.412684,-0.081436,0.08,0.330214,-0.010282,0.8449
genia,auto_foco,keep,8-11,H0,0.41741,-0.07671,0.12,0.328597,-0.011899,0.7098
genia,auto_foco,keep,8-11,H1,0.424564,-0.069556,0.05,0.334141,-0.006355,0.8265
genia,auto_foco,keep,8-11,H2,0.432266,-0.061854,0.03,0.335583,-0.004913,0.7407
genia,auto_foco,keep,8-11,H3,0.401397,-0.092723,0.13,0.327672,-0.012825,0.7636
genia,auto_foco,keep,8-11,H4,0.433806,-0.060314,0.05,0.333911,-0.006586,0.7669
genia,auto_foco,keep,8-11,H5,0.414302,-0.079818,0.13,0.327234,-0.013262,0.7831
genia,auto_foco,keep,8-11,H6,0.404262,-0.089858,0.05,0.333383,-0.007113,0.8408
genia,auto_foco,keep,8-11,H7,0.444283,-0.049837,0.03,0.337765,-0.002731,0.5772
genia,auto_foco,keep,8-11,H8,0.411284,-0.082836,0.08,0.331814,-0.008682,0.7492
genia,auto_foco,keep,8-11,H9,0.410815,-0.083305,0.03,0.336531,-0.003965,0.8845
genia,auto_foco,keep,8-11,H10,0.415474,-0.078646,0.08,0.32989,-0.010607,0.8683
genia,auto_foco,keep,8-11,H11,0.435699,-0.058421,0.04,0.335694,-0.004802,0.7885
genia,auto_foco,drop_from_denominator,todas,todas,0.418003,-0.076117,0.04,0.335143,-0.005353,0.8657
genia,auto_foco,drop_from_denominator,todas,H0,0.4188,-0.07532,0.06,0.334092,-0.006405,0.785
genia,auto_foco,drop_from_denominator,todas,H1,0.432026,-0.062094,0.05,0.335254,-0.005242,0.7785
genia,auto_foco,drop_from_denominator,todas,H2,0.429768,-0.064352,0.01,0.339085,-0.001412,0.8582
genia,auto_foco,drop_from_denominator,todas,H3,0.403552,-0.090568,0.13,0.325461,-0.015035,0.8216
genia,auto_foco,drop_from_denominator,todas,H4,0.436098,-0.058022,0.0,0.340496,0.0,0.8408
genia,auto_foco,drop_from_denominator,todas,H5,0.41675,-0.07737,0.04,0.334656,-0.00584,0.8797
genia,auto_foco,drop_from_denominator,todas,H6,0.419884,-0.074236,0.01,0.339669,-0.000828,0.8768
genia,auto_foco,drop_from_denominator,todas,H7,0.426732,-0.067388,0.04,0.335215,-0.005281,0.7868
genia,auto_foco,drop_from_denominator,todas,H8,0.425289,-0.068831,0.02,0.338462,-0.002034,0.784
genia,auto_foco,drop_from_denominator,todas,H9,0.413811,-0.080309,0.02,0.337832,-0.002664,0.8416
genia,auto_foco,drop_from_denominator,todas,H10,0.413171,-0.080949,0.01,0.339182,-0.001314,0.8777
genia,auto_foco,drop_from_denominator,todas,H11,0.426972,-0.067148,0.04,0.334152,-0.006344,0.8438
genia,auto_foco,drop_from_denominator,L0,todas,0.437269,-0.056851,0.01,0.339522,-0.000974,0.8119
genia,auto_foco,drop_from_denominator,L0,H0,0.436371,-0.057749,0.06,0.334256,-0.00624,0.6289
genia,auto_foco,drop_from_denominator,L0,H1,0.462286,-0.031834,0.0,0.340496,0.0,0.5503
genia,auto_foco,drop_from_denominator,L0,H2,0.431995,-0.062125,0.0,0.340496,0.0,0.8057
genia,auto_foco,drop_from_denominator,L0,H3,0.431704,-0.062416,0.1,0.332712,-0.007784,0.7691
genia,auto_foco,drop_from_denominator,L0,H4,0.441839,-0.052281,0.0,0.340496,0.0,0.6917
genia,auto_foco,drop_from_denominator,L0,H5,0.456887,-0.037233,0.04,0.338535,-0.001961,0.4066
genia,auto_foco,drop_from_denominator,L0,H6,0.454923,-0.039197,0.0,0.340496,0.0,0.4226
genia,auto_foco,drop_from_denominator,L0,H7,0.438579,-0.055541,0.03,0.338559,-0.001937,0.5082
genia,auto_foco,drop_from_denominator,L0,H8,0.457492,-0.036628,0.13,0.33493,-0.005566,0.584
genia,auto_foco,drop_from_denominator,L0,H9,0.449441,-0.044679,0.0,0.340496,0.0,0.642
genia,auto_foco,drop_from_denominator,L0,H10,0.444546,-0.049574,0.0,0.340496,0.0,0.734
genia,auto_foco,drop_from_denominator,L0,H11,0.448514,-0.045606,0.05,0.335023,-0.005474,0.7091
genia,auto_foco,drop_from_denominator,L1,todas,0.43029,-0.06383,0.03,0.336943,-0.003553,0.8299
genia,auto_foco,drop_from_denominator,L1,H0,0.420541,-0.073579,0.11,0.328112,-0.012385,0.6041
genia,auto_foco,drop_from_denominator,L1,H1,0.431862,-0.062258,0.11,0.332257,-0.00824,0.5364
genia,auto_foco,drop_from_denominator,L1,H2,0.451395,-0.042725,0.02,0.339418,-0.001079,0.6895
genia,auto_foco,drop_from_denominator,L1,H3,0.451626,-0.042494,0.0,0.340496,0.0,0.4444
genia,auto_foco,drop_from_denominator,L1,H4,0.467937,-0.026183,0.02,0.340496,-0.0,0.4455
genia,auto_foco,drop_from_denominator,L1,H5,0.439776,-0.054344,0.0,0.340496,0.0,0.7325
genia,auto_foco,drop_from_denominator,L1,H6,0.437081,-0.057039,0.06,0.336694,-0.003802,0.6485
genia,auto_foco,drop_from_denominator,L1,H7,0.461079,-0.033042,0.0,0.340496,0.0,0.6492
genia,auto_foco,drop_from_denominator,L1,H8,0.437656,-0.056464,0.03,0.336561,-0.003935,0.8114
genia,auto_foco,drop_from_denominator,L1,H9,0.446114,-0.048006,0.0,0.340496,0.0,0.7192
genia,auto_foco,drop_from_denominator,L1,H10,0.4425,-0.05162,0.04,0.338897,-0.001599,0.551
genia,auto_foco,drop_from_denominator,L1,H11,0.42483,-0.06929,0.15,0.33129,-0.009206,0.7419
genia,auto_foco,drop_from_denominator,L2,todas,0.443974,-0.050146,0.0,0.340496,0.0,0.7872
genia,auto_foco,drop_from_denominator,L2,H0,0.456534,-0.037586,0.0,0.340496,0.0,0.5523
genia,auto_foco,drop_from_denominator,L2,H1,0.462065,-0.032055,0.0,0.340496,0.0,0.6
genia,auto_foco,drop_from_denominator,L2,H2,0.469254,-0.024866,0.0,0.340496,0.0,0.552
genia,auto_foco,drop_from_denominator,L2,H3,0.434086,-0.060034,0.0,0.340496,0.0,0.7879
genia,auto_foco,drop_from_denominator,L2,H4,0.462262,-0.031858,0.0,0.340496,0.0,0.58
genia,auto_foco,drop_from_denominator,L2,H5,0.41187,-0.08225,0.15,0.326213,-0.014284,0.7931
genia,auto_foco,drop_from_denominator,L2,H6,0.445135,-0.048985,0.02,0.338649,-0.001847,0.7042
genia,auto_foco,drop_from_denominator,L2,H7,0.452951,-0.041169,0.07,0.338794,-0.001702,0.5954
genia,auto_foco,drop_from_denominator,L2,H8,0.442932,-0.051188,0.07,0.33512,-0.005376,0.6467
genia,auto_foco,drop_from_denominator,L2,H9,0.430101,-0.064019,0.0,0.340496,0.0,0.7366
genia,auto_foco,drop_from_denominator,L2,H10,0.45702,-0.0371,0.0,0.340496,0.0,0.5001
genia,auto_foco,drop_from_denominator,L2,H11,0.438126,-0.055994,0.02,0.338763,-0.001733,0.6185
genia,auto_foco,drop_from_denominator,L3,todas,0.426707,-0.067413,0.03,0.337535,-0.002961,0.843
genia,auto_foco,drop_from_denominator,L3,H0,0.453892,-0.040228,0.0,0.340496,0.0,0.7003
genia,auto_foco,drop_from_denominator,L3,H1,0.439672,-0.054448,0.04,0.337907,-0.002589,0.5487
genia,auto_foco,drop_from_denominator,L3,H2,0.418805,-0.075315,0.17,0.327309,-0.013187,0.7132
genia,auto_foco,drop_from_denominator,L3,H3,0.412958,-0.081162,0.2,0.330137,-0.010359,0.7424
genia,auto_foco,drop_from_denominator,L3,H4,0.444234,-0.049886,0.0,0.340496,0.0,0.6599
genia,auto_foco,drop_from_denominator,L3,H5,0.440151,-0.053969,0.0,0.340496,0.0,0.7864
genia,auto_foco,drop_from_denominator,L3,H6,0.414753,-0.079367,0.03,0.336131,-0.004365,0.8862
genia,auto_foco,drop_from_denominator,L3,H7,0.455508,-0.038612,0.05,0.340629,0.000133,0.4272
genia,auto_foco,drop_from_denominator,L3,H8,0.4827,-0.01142,0.0,0.340496,0.0,0.4856
genia,auto_foco,drop_from_denominator,L3,H9,0.434265,-0.059855,0.03,0.339075,-0.001421,0.6876
genia,auto_foco,drop_from_denominator,L3,H10,0.42551,-0.06861,0.11,0.330735,-0.009761,0.7518
genia,auto_foco,drop_from_denominator,L3,H11,0.442031,-0.052089,0.04,0.336353,-0.004143,0.5477
genia,auto_foco,drop_from_denominator,L4,todas,0.433256,-0.060864,0.0,0.340496,0.0,0.8433
genia,auto_foco,drop_from_denominator,L4,H0,0.442911,-0.051209,0.0,0.340496,0.0,0.7541
genia,auto_foco,drop_from_denominator,L4,H1,0.452067,-0.042053,0.02,0.338898,-0.001598,0.7097
genia,auto_foco,drop_from_denominator,L4,H2,0.479757,-0.014363,0.0,0.340496,0.0,0.4653
genia,auto_foco,drop_from_denominator,L4,H3,0.404566,-0.089554,0.03,0.334866,-0.00563,0.8692
genia,auto_foco,drop_from_denominator,L4,H4,0.465313,-0.028807,0.0,0.340496,0.0,0.6669
genia,auto_foco,drop_from_denominator,L4,H5,0.436728,-0.057392,0.01,0.339044,-0.001452,0.7637
genia,auto_foco,drop_from_denominator,L4,H6,0.457926,-0.036194,0.0,0.340496,0.0,0.3749
genia,auto_foco,drop_from_denominator,L4,H7,0.439874,-0.054246,0.01,0.33927,-0.001226,0.6304
genia,auto_foco,drop_from_denominator,L4,H8,0.481567,-0.012553,0.0,0.340496,0.0,0.4494
genia,auto_foco,drop_from_denominator,L4,H9,0.427427,-0.066693,0.0,0.340496,0.0,0.6716
genia,auto_foco,drop_from_denominator,L4,H10,0.436864,-0.057256,0.0,0.340496,0.0,0.7703
genia,auto_foco,drop_from_denominator,L4,H11,0.450393,-0.043727,0.0,0.340496,0.0,0.5918
genia,auto_foco,drop_from_denominator,L5,todas,0.422647,-0.071473,0.04,0.334916,-0.00558,0.8195
genia,auto_foco,drop_from_denominator,L5,H0,0.430365,-0.063755,0.01,0.33948,-0.001016,0.589
genia,auto_foco,drop_from_denominator,L5,H1,0.49513,0.00101,0.01,0.339722,-0.000775,0.2277
genia,auto_foco,drop_from_denominator,L5,H2,0.433551,-0.060569,0.0,0.340496,0.0,0.7348
genia,auto_foco,drop_from_denominator,L5,H3,0.447054,-0.047066,0.0,0.340496,0.0,0.6348
genia,auto_foco,drop_from_denominator,L5,H4,0.451464,-0.042656,0.01,0.338554,-0.001942,0.5691
genia,auto_foco,drop_from_denominator,L5,H5,0.439664,-0.054456,0.0,0.340496,0.0,0.6173
genia,auto_foco,drop_from_denominator,L5,H6,0.442393,-0.051728,0.0,0.340496,0.0,0.7701
genia,auto_foco,drop_from_denominator,L5,H7,0.41894,-0.07518,0.24,0.328298,-0.012198,0.6759
genia,auto_foco,drop_from_denominator,L5,H8,0.433554,-0.060566,0.01,0.339481,-0.001015,0.6604
genia,auto_foco,drop_from_denominator,L5,H9,0.412959,-0.081161,0.04,0.334555,-0.005941,0.817
genia,auto_foco,drop_from_denominator,L5,H10,0.423788,-0.070332,0.18,0.33181,-0.008686,0.6962
genia,auto_foco,drop_from_denominator,L5,H11,0.403786,-0.090334,0.09,0.33043,-0.010066,0.6627
genia,auto_foco,drop_from_denominator,L6,todas,0.42815,-0.06597,0.03,0.335628,-0.004868,0.7011
genia,auto_foco,drop_from_denominator,L6,H0,0.425021,-0.069099,0.04,0.335674,-0.004822,0.7867
genia,auto_foco,drop_from_denominator,L6,H1,0.485713,-0.008407,0.0,0.340496,0.0,0.2634
genia,auto_foco,drop_from_denominator,L6,H2,0.433862,-0.060258,0.02,0.337592,-0.002905,0.7311
genia,auto_foco,drop_from_denominator,L6,H3,0.413808,-0.080312,0.11,0.327572,-0.012924,0.6679
genia,auto_foco,drop_from_denominator,L6,H4,0.434033,-0.060087,0.0,0.340496,0.0,0.5645
genia,auto_foco,drop_from_denominator,L6,H5,0.423074,-0.071046,0.02,0.338609,-0.001887,0.676
genia,auto_foco,drop_from_denominator,L6,H6,0.46082,-0.0333,0.01,0.339558,-0.000938,0.491
genia,auto_foco,drop_from_denominator,L6,H7,0.445115,-0.049005,0.0,0.340496,0.0,0.449
genia,auto_foco,drop_from_denominator,L6,H8,0.446595,-0.047525,0.01,0.340297,-0.000199,0.3403
genia,auto_foco,drop_from_denominator,L6,H9,0.535499,0.041379,0.04,0.341675,0.001179,-0.1682
genia,auto_foco,drop_from_denominator,L6,H10,0.434281,-0.059839,0.04,0.336054,-0.004442,0.6029
genia,auto_foco,drop_from_denominator,L6,H11,0.440129,-0.053991,0.0,0.340496,0.0,0.6103
genia,auto_foco,drop_from_denominator,L7,todas,0.416307,-0.077813,0.06,0.330378,-0.010118,0.8108
genia,auto_foco,drop_from_denominator,L7,H0,0.461216,-0.032904,0.0,0.340496,0.0,0.2889
genia,auto_foco,drop_from_denominator,L7,H1,0.42573,-0.06839,0.04,0.335981,-0.004516,0.6679
genia,auto_foco,drop_from_denominator,L7,H2,0.418338,-0.075783,0.05,0.333115,-0.007382,0.781
genia,auto_foco,drop_from_denominator,L7,H3,0.399965,-0.094156,0.14,0.322672,-0.017824,0.7489
genia,auto_foco,drop_from_denominator,L7,H4,0.454383,-0.039737,0.0,0.340496,0.0,0.4715
genia,auto_foco,drop_from_denominator,L7,H5,0.429616,-0.064504,0.01,0.338874,-0.001622,0.5088
genia,auto_foco,drop_from_denominator,L7,H6,0.414239,-0.079881,0.08,0.332872,-0.007624,0.7021
genia,auto_foco,drop_from_denominator,L7,H7,0.460624,-0.033496,0.02,0.338413,-0.002083,0.6161
genia,auto_foco,drop_from_denominator,L7,H8,0.431082,-0.063038,0.05,0.333946,-0.00655,0.7056
genia,auto_foco,drop_from_denominator,L7,H9,0.413111,-0.081009,0.09,0.335364,-0.005132,0.4713
genia,auto_foco,drop_from_denominator,L7,H10,0.414736,-0.079384,0.08,0.329644,-0.010852,0.756
genia,auto_foco,drop_from_denominator,L7,H11,0.448465,-0.045655,0.0,0.340496,0.0,0.5669
genia,auto_foco,drop_from_denominator,L8,todas,0.42106,-0.07306,0.05,0.333887,-0.006609,0.7821
genia,auto_foco,drop_from_denominator,L8,H0,0.464396,-0.029724,0.03,0.338253,-0.002243,0.3162
genia,auto_foco,drop_from_denominator,L8,H1,0.473505,-0.020615,0.0,0.340496,0.0,0.4421
genia,auto_foco,drop_from_denominator,L8,H2,0.433229,-0.060891,0.04,0.335256,-0.005241,0.5703
genia,auto_foco,drop_from_denominator,L8,H3,0.417983,-0.076137,0.05,0.334363,-0.006134,0.6821
genia,auto_foco,drop_from_denominator,L8,H4,0.460344,-0.033776,0.0,0.340496,0.0,0.4715
genia,auto_foco,drop_from_denominator,L8,H5,0.451937,-0.042183,0.0,0.340496,0.0,0.5113
genia,auto_foco,drop_from_denominator,L8,H6,0.407467,-0.086653,0.02,0.336837,-0.003659,0.7297
genia,auto_foco,drop_from_denominator,L8,H7,0.430948,-0.063172,0.03,0.337053,-0.003443,0.6762
genia,auto_foco,drop_from_denominator,L8,H8,0.412962,-0.081158,0.06,0.333354,-0.007143,0.6418
genia,auto_foco,drop_from_denominator,L8,H9,0.436566,-0.057554,0.0,0.340496,0.0,0.8426
genia,auto_foco,drop_from_denominator,L8,H10,0.423476,-0.070644,0.02,0.338339,-0.002157,0.6194
genia,auto_foco,drop_from_denominator,L8,H11,0.441521,-0.0526,0.02,0.338302,-0.002194,0.5424
genia,auto_foco,drop_from_denominator,L9,todas,0.410722,-0.083398,0.05,0.33422,-0.006276,0.8022
genia,auto_foco,drop_from_denominator,L9,H0,0.439578,-0.054542,0.0,0.340496,0.0,0.6125
genia,auto_foco,drop_from_denominator,L9,H1,0.417969,-0.076151,0.07,0.333014,-0.007482,0.6909
genia,auto_foco,drop_from_denominator,L9,H2,0.440199,-0.053921,0.0,0.340496,0.0,0.6266
genia,auto_foco,drop_from_denominator,L9,H3,0.377381,-0.116739,0.37,0.322989,-0.017507,0.6578
genia,auto_foco,drop_from_denominator,L9,H4,0.46528,-0.02884,0.01,0.339402,-0.001095,0.4757
genia,auto_foco,drop_from_denominator,L9,H5,0.426696,-0.067424,0.05,0.334476,-0.00602,0.8623
genia,auto_foco,drop_from_denominator,L9,H6,0.422267,-0.071853,0.03,0.337587,-0.00291,0.7139
genia,auto_foco,drop_from_denominator,L9,H7,0.413534,-0.080586,0.07,0.334109,-0.006387,0.7631
genia,auto_foco,drop_from_denominator,L9,H8,0.426861,-0.067259,0.0,0.340496,0.0,0.4493
genia,auto_foco,drop_from_denominator,L9,H9,0.421364,-0.072756,0.05,0.33633,-0.004167,0.7688
genia,auto_foco,drop_from_denominator,L9,H10,0.439455,-0.054665,0.0,0.340496,0.0,0.6585
genia,auto_foco,drop_from_denominator,L9,H11,0.433143,-0.060977,0.01,0.339355,-0.001142,0.577
genia,auto_foco,drop_from_denominator,L10,todas,0.405788,-0.088332,0.06,0.332004,-0.008492,0.7977
genia,auto_foco,drop_from_denominator,L10,H0,0.4082,-0.08592,0.12,0.328646,-0.01185,0.7433
genia,auto_foco,drop_from_denominator,L10,H1,0.402674,-0.091446,0.04,0.332332,-0.008164,0.7382
genia,auto_foco,drop_from_denominator,L10,H2,0.438755,-0.055365,0.0,0.340496,0.0,0.5459
genia,auto_foco,drop_from_denominator,L10,H3,0.438146,-0.055974,0.02,0.339789,-0.000707,0.69
genia,auto_foco,drop_from_denominator,L10,H4,0.412588,-0.081532,0.09,0.331075,-0.009422,0.7375
genia,auto_foco,drop_from_denominator,L10,H5,0.399138,-0.094982,0.16,0.325403,-0.015093,0.6945
genia,auto_foco,drop_from_denominator,L10,H6,0.407751,-0.086369,0.07,0.334011,-0.006485,0.7052
genia,auto_foco,drop_from_denominator,L10,H7,0.471954,-0.022166,0.02,0.339377,-0.00112,0.2862
genia,auto_foco,drop_from_denominator,L10,H8,0.429772,-0.064348,0.02,0.338298,-0.002198,0.6628
genia,auto_foco,drop_from_denominator,L10,H9,0.407531,-0.086589,0.12,0.331997,-0.008499,0.6935
genia,auto_foco,drop_from_denominator,L10,H10,0.415179,-0.078941,0.11,0.330078,-0.010418,0.7287
genia,auto_foco,drop_from_denominator,L10,H11,0.442381,-0.051739,0.0,0.340496,0.0,0.5725
genia,auto_foco,drop_from_denominator,L11,todas,0.416607,-0.077513,0.06,0.33234,-0.008156,0.8321
genia,auto_foco,drop_from_denominator,L11,H0,0.423557,-0.070563,0.19,0.327542,-0.012954,0.6228
genia,auto_foco,drop_from_denominator,L11,H1,0.417659,-0.076461,0.04,0.336487,-0.004009,0.757
genia,auto_foco,drop_from_denominator,L11,H2,0.443058,-0.051062,0.01,0.339593,-0.000903,0.8123
genia,auto_foco,drop_from_denominator,L11,H3,0.434378,-0.059742,0.03,0.337688,-0.002808,0.7383
genia,auto_foco,drop_from_denominator,L11,H4,0.435257,-0.058863,0.06,0.33388,-0.006616,0.7
genia,auto_foco,drop_from_denominator,L11,H5,0.439589,-0.054531,0.0,0.340496,0.0,0.6875
genia,auto_foco,drop_from_denominator,L11,H6,0.429066,-0.065054,0.02,0.337626,-0.00287,0.8731
genia,auto_foco,drop_from_denominator,L11,H7,0.431421,-0.062699,0.02,0.337656,-0.002841,0.649
genia,auto_foco,drop_from_denominator,L11,H8,0.421998,-0.072122,0.02,0.337465,-0.003032,0.7931
genia,auto_foco,drop_from_denominator,L11,H9,0.411505,-0.082615,0.01,0.33919,-0.001307,0.8119
genia,auto_foco,drop_from_denominator,L11,H10,0.411787,-0.082333,0.12,0.326678,-0.013819,0.8405
genia,auto_foco,drop_from_denominator,L11,H11,0.441248,-0.052872,0.04,0.336257,-0.004239,0.6988
genia,auto_foco,drop_from_denominator,0-3,todas,0.432858,-0.061262,0.01,0.339894,-0.000602,0.8385
genia,auto_foco,drop_from_denominator,0-3,H0,0.435304,-0.058816,0.0,0.340496,0.0,0.7425
genia,auto_foco,drop_from_denominator,0-3,H1,0.440115,-0.054005,0.05,0.336928,-0.003568,0.6832
genia,auto_foco,drop_from_denominator,0-3,H2,0.44097,-0.05315,0.0,0.340496,0.0,0.7857
genia,auto_foco,drop_from_denominator,0-3,H3,0.421107,-0.073013,0.03,0.336505,-0.003991,0.8807
genia,auto_foco,drop_from_denominator,0-3,H4,0.454321,-0.039799,0.0,0.340496,0.0,0.7252
genia,auto_foco,drop_from_denominator,0-3,H5,0.434432,-0.059688,0.01,0.33917,-0.001326,0.8411
genia,auto_foco,drop_from_denominator,0-3,H6,0.448526,-0.045594,0.0,0.340496,0.0,0.7863
genia,auto_foco,drop_from_denominator,0-3,H7,0.445932,-0.048188,0.01,0.340241,-0.000256,0.7294
genia,auto_foco,drop_from_denominator,0-3,H8,0.457998,-0.036122,0.01,0.340144,-0.000353,0.7167
genia,auto_foco,drop_from_denominator,0-3,H9,0.429663,-0.064457,0.0,0.340496,0.0,0.7969
genia,auto_foco,drop_from_denominator,0-3,H10,0.437258,-0.056862,0.0,0.340496,0.0,0.7399
genia,auto_foco,drop_from_denominator,0-3,H11,0.430792,-0.063329,0.09,0.330871,-0.009625,0.8362
genia,auto_foco,drop_from_denominator,4-7,todas,0.422534,-0.071586,0.03,0.33571,-0.004786,0.8259
genia,auto_foco,drop_from_denominator,4-7,H0,0.428924,-0.065196,0.0,0.340496,0.0,0.769
genia,auto_foco,drop_from_denominator,4-7,H1,0.465251,-0.028869,0.01,0.339073,-0.001423,0.5157
genia,auto_foco,drop_from_denominator,4-7,H2,0.427551,-0.066569,0.02,0.337324,-0.003172,0.8164
genia,auto_foco,drop_from_denominator,4-7,H3,0.403387,-0.090733,0.08,0.32775,-0.012746,0.7848
genia,auto_foco,drop_from_denominator,4-7,H4,0.444826,-0.049294,0.0,0.340496,0.0,0.6907
genia,auto_foco,drop_from_denominator,4-7,H5,0.426712,-0.067408,0.0,0.340496,0.0,0.7706
genia,auto_foco,drop_from_denominator,4-7,H6,0.439331,-0.05479,0.0,0.340496,0.0,0.7774
genia,auto_foco,drop_from_denominator,4-7,H7,0.425146,-0.068974,0.03,0.335645,-0.004851,0.7325
genia,auto_foco,drop_from_denominator,4-7,H8,0.442173,-0.051947,0.01,0.339594,-0.000902,0.6423
genia,auto_foco,drop_from_denominator,4-7,H9,0.458284,-0.035836,0.04,0.337125,-0.003371,0.4534
genia,auto_foco,drop_from_denominator,4-7,H10,0.412746,-0.081374,0.13,0.327498,-0.012999,0.8341
genia,auto_foco,drop_from_denominator,4-7,H11,0.431936,-0.062184,0.02,0.336981,-0.003516,0.7277
genia,auto_foco,drop_from_denominator,8-11,todas,0.410885,-0.083235,0.05,0.333262,-0.007234,0.8358
genia,auto_foco,drop_from_denominator,8-11,H0,0.412655,-0.081465,0.13,0.327838,-0.012658,0.7152
genia,auto_foco,drop_from_denominator,8-11,H1,0.418151,-0.075969,0.05,0.334244,-0.006252,0.8304
genia,auto_foco,drop_from_denominator,8-11,H2,0.430792,-0.063328,0.03,0.336337,-0.004159,0.73
genia,auto_foco,drop_from_denominator,8-11,H3,0.402532,-0.091588,0.13,0.327716,-0.012781,0.7629
genia,auto_foco,drop_from_denominator,8-11,H4,0.430024,-0.064096,0.05,0.334089,-0.006407,0.7472
genia,auto_foco,drop_from_denominator,8-11,H5,0.414536,-0.079584,0.08,0.330405,-0.010091,0.8035
genia,auto_foco,drop_from_denominator,8-11,H6,0.400575,-0.093545,0.04,0.334352,-0.006144,0.8301
genia,auto_foco,drop_from_denominator,8-11,H7,0.442732,-0.051388,0.03,0.337624,-0.002872,0.5905
genia,auto_foco,drop_from_denominator,8-11,H8,0.409242,-0.084878,0.04,0.335192,-0.005305,0.7391
genia,auto_foco,drop_from_denominator,8-11,H9,0.409712,-0.084408,0.03,0.337149,-0.003347,0.8308
genia,auto_foco,drop_from_denominator,8-11,H10,0.411544,-0.082576,0.05,0.332522,-0.007975,0.8773
genia,auto_foco,drop_from_denominator,8-11,H11,0.43164,-0.06248,0.04,0.335385,-0.005112,0.7802
genia,auto_foco,drop_from_queries_and_denominator,todas,todas,0.418003,-0.076117,0.04,0.335143,-0.005353,0.8657
genia,auto_foco,drop_from_queries_and_denominator,todas,H0,0.4188,-0.07532,0.06,0.334092,-0.006405,0.785
genia,auto_foco,drop_from_queries_and_denominator,todas,H1,0.432026,-0.062094,0.05,0.335254,-0.005242,0.7785
genia,auto_foco,drop_from_queries_and_denominator,todas,H2,0.429768,-0.064352,0.01,0.339085,-0.001412,0.8582
genia,auto_foco,drop_from_queries_and_denominator,todas,H3,0.403552,-0.090568,0.13,0.325461,-0.015035,0.8216
genia,auto_foco,drop_from_queries_and_denominator,todas,H4,0.436098,-0.058022,0.0,0.340496,0.0,0.8408
genia,auto_foco,drop_from_queries_and_denominator,todas,H5,0.41675,-0.07737,0.04,0.334656,-0.00584,0.8797
genia,auto_foco,drop_from_queries_and_denominator,todas,H6,0.419884,-0.074236,0.01,0.339669,-0.000828,0.8768
genia,auto_foco,drop_from_queries_and_denominator,todas,H7,0.426732,-0.067388,0.04,0.335215,-0.005281,0.7868
genia,auto_foco,drop_from_queries_and_denominator,todas,H8,0.425289,-0.068831,0.02,0.338462,-0.002034,0.784
genia,auto_foco,drop_from_queries_and_denominator,todas,H9,0.413811,-0.080309,0.02,0.337832,-0.002664,0.8416
genia,auto_foco,drop_from_queries_and_denominator,todas,H10,0.413171,-0.080949,0.01,0.339182,-0.001314,0.8777
genia,auto_foco,drop_from_queries_and_denominator,todas,H11,0.426972,-0.067148,0.04,0.334152,-0.006344,0.8438
genia,auto_foco,drop_from_queries_and_denominator,L0,todas,0.437269,-0.056851,0.01,0.339522,-0.000974,0.8119
genia,auto_foco,drop_from_queries_and_denominator,L0,H0,0.436371,-0.057749,0.06,0.334256,-0.00624,0.6289
genia,auto_foco,drop_from_queries_and_denominator,L0,H1,0.462286,-0.031834,0.0,0.340496,0.0,0.5503
genia,auto_foco,drop_from_queries_and_denominator,L0,H2,0.431995,-0.062125,0.0,0.340496,0.0,0.8057
genia,auto_foco,drop_from_queries_and_denominator,L0,H3,0.431704,-0.062416,0.1,0.332712,-0.007784,0.7691
genia,auto_foco,drop_from_queries_and_denominator,L0,H4,0.441839,-0.052281,0.0,0.340496,0.0,0.6917
genia,auto_foco,drop_from_queries_and_denominator,L0,H5,0.456887,-0.037233,0.04,0.338535,-0.001961,0.4066
genia,auto_foco,drop_from_queries_and_denominator,L0,H6,0.454923,-0.039197,0.0,0.340496,0.0,0.4226
genia,auto_foco,drop_from_queries_and_denominator,L0,H7,0.438579,-0.055541,0.03,0.338559,-0.001937,0.5082
genia,auto_foco,drop_from_queries_and_denominator,L0,H8,0.457492,-0.036628,0.13,0.33493,-0.005566,0.584
genia,auto_foco,drop_from_queries_and_denominator,L0,H9,0.449441,-0.044679,0.0,0.340496,0.0,0.642
genia,auto_foco,drop_from_queries_and_denominator,L0,H10,0.444546,-0.049574,0.0,0.340496,0.0,0.734
genia,auto_foco,drop_from_queries_and_denominator,L0,H11,0.448514,-0.045606,0.05,0.335023,-0.005474,0.7091
genia,auto_foco,drop_from_queries_and_denominator,L1,todas,0.43029,-0.06383,0.03,0.336943,-0.003553,0.8299
genia,auto_foco,drop_from_queries_and_denominator,L1,H0,0.420541,-0.073579,0.11,0.328112,-0.012385,0.6041
genia,auto_foco,drop_from_queries_and_denominator,L1,H1,0.431862,-0.062258,0.11,0.332257,-0.00824,0.5364
genia,auto_foco,drop_from_queries_and_denominator,L1,H2,0.451395,-0.042725,0.02,0.339418,-0.001079,0.6895
genia,auto_foco,drop_from_queries_and_denominator,L1,H3,0.451626,-0.042494,0.0,0.340496,0.0,0.4444
genia,auto_foco,drop_from_queries_and_denominator,L1,H4,0.467937,-0.026183,0.02,0.340496,-0.0,0.4455
genia,auto_foco,drop_from_queries_and_denominator,L1,H5,0.439776,-0.054344,0.0,0.340496,0.0,0.7325
genia,auto_foco,drop_from_queries_and_denominator,L1,H6,0.437081,-0.057039,0.06,0.336694,-0.003802,0.6485
genia,auto_foco,drop_from_queries_and_denominator,L1,H7,0.461079,-0.033042,0.0,0.340496,0.0,0.6492
genia,auto_foco,drop_from_queries_and_denominator,L1,H8,0.437656,-0.056464,0.03,0.336561,-0.003935,0.8114
genia,auto_foco,drop_from_queries_and_denominator,L1,H9,0.446114,-0.048006,0.0,0.340496,0.0,0.7192
genia,auto_foco,drop_from_queries_and_denominator,L1,H10,0.4425,-0.05162,0.04,0.338897,-0.001599,0.551
genia,auto_foco,drop_from_queries_and_denominator,L1,H11,0.42483,-0.06929,0.15,0.33129,-0.009206,0.7419
genia,auto_foco,drop_from_queries_and_denominator,L2,todas,0.443974,-0.050146,0.0,0.340496,0.0,0.7872
genia,auto_foco,drop_from_queries_and_denominator,L2,H0,0.456534,-0.037586,0.0,0.340496,0.0,0.5523
genia,auto_foco,drop_from_queries_and_denominator,L2,H1,0.462065,-0.032055,0.0,0.340496,0.0,0.6
genia,auto_foco,drop_from_queries_and_denominator,L2,H2,0.469254,-0.024866,0.0,0.340496,0.0,0.552
genia,auto_foco,drop_from_queries_and_denominator,L2,H3,0.434086,-0.060034,0.0,0.340496,0.0,0.7879
genia,auto_foco,drop_from_queries_and_denominator,L2,H4,0.462262,-0.031858,0.0,0.340496,0.0,0.58
genia,auto_foco,drop_from_queries_and_denominator,L2,H5,0.41187,-0.08225,0.15,0.326213,-0.014284,0.7931
genia,auto_foco,drop_from_queries_and_denominator,L2,H6,0.445135,-0.048985,0.02,0.338649,-0.001847,0.7042
genia,auto_foco,drop_from_queries_and_denominator,L2,H7,0.452951,-0.041169,0.07,0.338794,-0.001702,0.5954
genia,auto_foco,drop_from_queries_and_denominator,L2,H8,0.442932,-0.051188,0.07,0.33512,-0.005376,0.6467
genia,auto_foco,drop_from_queries_and_denominator,L2,H9,0.430101,-0.064019,0.0,0.340496,0.0,0.7366
genia,auto_foco,drop_from_queries_and_denominator,L2,H10,0.45702,-0.0371,0.0,0.340496,0.0,0.5001
genia,auto_foco,drop_from_queries_and_denominator,L2,H11,0.438126,-0.055994,0.02,0.338763,-0.001733,0.6185
genia,auto_foco,drop_from_queries_and_denominator,L3,todas,0.426707,-0.067413,0.03,0.337535,-0.002961,0.843
genia,auto_foco,drop_from_queries_and_denominator,L3,H0,0.453892,-0.040228,0.0,0.340496,0.0,0.7003
genia,auto_foco,drop_from_queries_and_denominator,L3,H1,0.439672,-0.054448,0.04,0.337907,-0.002589,0.5487
genia,auto_foco,drop_from_queries_and_denominator,L3,H2,0.418805,-0.075315,0.17,0.327309,-0.013187,0.7132
genia,auto_foco,drop_from_queries_and_denominator,L3,H3,0.412958,-0.081162,0.2,0.330137,-0.010359,0.7424
genia,auto_foco,drop_from_queries_and_denominator,L3,H4,0.444234,-0.049886,0.0,0.340496,0.0,0.6599
genia,auto_foco,drop_from_queries_and_denominator,L3,H5,0.440151,-0.053969,0.0,0.340496,0.0,0.7864
genia,auto_foco,drop_from_queries_and_denominator,L3,H6,0.414753,-0.079367,0.03,0.336131,-0.004365,0.8862
genia,auto_foco,drop_from_queries_and_denominator,L3,H7,0.455508,-0.038612,0.05,0.340629,0.000133,0.4272
genia,auto_foco,drop_from_queries_and_denominator,L3,H8,0.4827,-0.01142,0.0,0.340496,0.0,0.4856
genia,auto_foco,drop_from_queries_and_denominator,L3,H9,0.434265,-0.059855,0.03,0.339075,-0.001421,0.6876
genia,auto_foco,drop_from_queries_and_denominator,L3,H10,0.42551,-0.06861,0.11,0.330735,-0.009761,0.7518
genia,auto_foco,drop_from_queries_and_denominator,L3,H11,0.442031,-0.052089,0.04,0.336353,-0.004143,0.5477
genia,auto_foco,drop_from_queries_and_denominator,L4,todas,0.433256,-0.060864,0.0,0.340496,0.0,0.8433
genia,auto_foco,drop_from_queries_and_denominator,L4,H0,0.442911,-0.051209,0.0,0.340496,0.0,0.7541
genia,auto_foco,drop_from_queries_and_denominator,L4,H1,0.452067,-0.042053,0.02,0.338898,-0.001598,0.7097
genia,auto_foco,drop_from_queries_and_denominator,L4,H2,0.479757,-0.014363,0.0,0.340496,0.0,0.4653
genia,auto_foco,drop_from_queries_and_denominator,L4,H3,0.404566,-0.089554,0.03,0.334866,-0.00563,0.8692
genia,auto_foco,drop_from_queries_and_denominator,L4,H4,0.465313,-0.028807,0.0,0.340496,0.0,0.6669
genia,auto_foco,drop_from_queries_and_denominator,L4,H5,0.436728,-0.057392,0.01,0.339044,-0.001452,0.7637
genia,auto_foco,drop_from_queries_and_denominator,L4,H6,0.457926,-0.036194,0.0,0.340496,0.0,0.3749
genia,auto_foco,drop_from_queries_and_denominator,L4,H7,0.439874,-0.054246,0.01,0.33927,-0.001226,0.6304
genia,auto_foco,drop_from_queries_and_denominator,L4,H8,0.481567,-0.012553,0.0,0.340496,0.0,0.4494
genia,auto_foco,drop_from_queries_and_denominator,L4,H9,0.427427,-0.066693,0.0,0.340496,0.0,0.6716
genia,auto_foco,drop_from_queries_and_denominator,L4,H10,0.436864,-0.057256,0.0,0.340496,0.0,0.7703
genia,auto_foco,drop_from_queries_and_denominator,L4,H11,0.450393,-0.043727,0.0,0.340496,0.0,0.5918
genia,auto_foco,drop_from_queries_and_denominator,L5,todas,0.422647,-0.071473,0.04,0.334916,-0.00558,0.8195
genia,auto_foco,drop_from_queries_and_denominator,L5,H0,0.430365,-0.063755,0.01,0.33948,-0.001016,0.589
genia,auto_foco,drop_from_queries_and_denominator,L5,H1,0.49513,0.00101,0.01,0.339722,-0.000775,0.2277
genia,auto_foco,drop_from_queries_and_denominator,L5,H2,0.433551,-0.060569,0.0,0.340496,0.0,0.7348
genia,auto_foco,drop_from_queries_and_denominator,L5,H3,0.447054,-0.047066,0.0,0.340496,0.0,0.6348
genia,auto_foco,drop_from_queries_and_denominator,L5,H4,0.451464,-0.042656,0.01,0.338554,-0.001942,0.5691
genia,auto_foco,drop_from_queries_and_denominator,L5,H5,0.439664,-0.054456,0.0,0.340496,0.0,0.6173
genia,auto_foco,drop_from_queries_and_denominator,L5,H6,0.442393,-0.051728,0.0,0.340496,0.0,0.7701
genia,auto_foco,drop_from_queries_and_denominator,L5,H7,0.41894,-0.07518,0.24,0.328298,-0.012198,0.6759
genia,auto_foco,drop_from_queries_and_denominator,L5,H8,0.433554,-0.060566,0.01,0.339481,-0.001015,0.6604
genia,auto_foco,drop_from_queries_and_denominator,L5,H9,0.412959,-0.081161,0.04,0.334555,-0.005941,0.817
genia,auto_foco,drop_from_queries_and_denominator,L5,H10,0.423788,-0.070332,0.18,0.33181,-0.008686,0.6962
genia,auto_foco,drop_from_queries_and_denominator,L5,H11,0.403786,-0.090334,0.09,0.33043,-0.010066,0.6627
genia,auto_foco,drop_from_queries_and_denominator,L6,todas,0.42815,-0.06597,0.03,0.335628,-0.004868,0.7011
genia,auto_foco,drop_from_queries_and_denominator,L6,H0,0.425021,-0.069099,0.04,0.335674,-0.004822,0.7867
genia,auto_foco,drop_from_queries_and_denominator,L6,H1,0.485713,-0.008407,0.0,0.340496,0.0,0.2634
genia,auto_foco,drop_from_queries_and_denominator,L6,H2,0.433862,-0.060258,0.02,0.337592,-0.002905,0.7311
genia,auto_foco,drop_from_queries_and_denominator,L6,H3,0.413808,-0.080312,0.11,0.327572,-0.012924,0.6679
genia,auto_foco,drop_from_queries_and_denominator,L6,H4,0.434033,-0.060087,0.0,0.340496,0.0,0.5645
genia,auto_foco,drop_from_queries_and_denominator,L6,H5,0.423074,-0.071046,0.02,0.338609,-0.001887,0.676
genia,auto_foco,drop_from_queries_and_denominator,L6,H6,0.46082,-0.0333,0.01,0.339558,-0.000938,0.491
genia,auto_foco,drop_from_queries_and_denominator,L6,H7,0.445115,-0.049005,0.0,0.340496,0.0,0.449
genia,auto_foco,drop_from_queries_and_denominator,L6,H8,0.446595,-0.047525,0.01,0.340297,-0.000199,0.3403
genia,auto_foco,drop_from_queries_and_denominator,L6,H9,0.535499,0.041379,0.04,0.341675,0.001179,-0.1682
genia,auto_foco,drop_from_queries_and_denominator,L6,H10,0.434281,-0.059839,0.04,0.336054,-0.004442,0.6029
genia,auto_foco,drop_from_queries_and_denominator,L6,H11,0.440129,-0.053991,0.0,0.340496,0.0,0.6103
genia,auto_foco,drop_from_queries_and_denominator,L7,todas,0.416307,-0.077813,0.06,0.330378,-0.010118,0.8108
genia,auto_foco,drop_from_queries_and_denominator,L7,H0,0.461216,-0.032904,0.0,0.340496,0.0,0.2889
genia,auto_foco,drop_from_queries_and_denominator,L7,H1,0.42573,-0.06839,0.04,0.335981,-0.004516,0.6679
genia,auto_foco,drop_from_queries_and_denominator,L7,H2,0.418338,-0.075783,0.05,0.333115,-0.007382,0.781
genia,auto_foco,drop_from_queries_and_denominator,L7,H3,0.399965,-0.094156,0.14,0.322672,-0.017824,0.7489
genia,auto_foco,drop_from_queries_and_denominator,L7,H4,0.454383,-0.039737,0.0,0.340496,0.0,0.4715
genia,auto_foco,drop_from_queries_and_denominator,L7,H5,0.429616,-0.064504,0.01,0.338874,-0.001622,0.5088
genia,auto_foco,drop_from_queries_and_denominator,L7,H6,0.414239,-0.079881,0.08,0.332872,-0.007624,0.7021
genia,auto_foco,drop_from_queries_and_denominator,L7,H7,0.460624,-0.033496,0.02,0.338413,-0.002083,0.6161
genia,auto_foco,drop_from_queries_and_denominator,L7,H8,0.431082,-0.063038,0.05,0.333946,-0.00655,0.7056
genia,auto_foco,drop_from_queries_and_denominator,L7,H9,0.413111,-0.081009,0.09,0.335364,-0.005132,0.4713
genia,auto_foco,drop_from_queries_and_denominator,L7,H10,0.414736,-0.079384,0.08,0.329644,-0.010852,0.756
genia,auto_foco,drop_from_queries_and_denominator,L7,H11,0.448465,-0.045655,0.0,0.340496,0.0,0.5669
genia,auto_foco,drop_from_queries_and_denominator,L8,todas,0.42106,-0.07306,0.05,0.333887,-0.006609,0.7821
genia,auto_foco,drop_from_queries_and_denominator,L8,H0,0.464396,-0.029724,0.03,0.338253,-0.002243,0.3162
genia,auto_foco,drop_from_queries_and_denominator,L8,H1,0.473505,-0.020615,0.0,0.340496,0.0,0.4421
genia,auto_foco,drop_from_queries_and_denominator,L8,H2,0.433229,-0.060891,0.04,0.335256,-0.005241,0.5703
genia,auto_foco,drop_from_queries_and_denominator,L8,H3,0.417983,-0.076137,0.05,0.334363,-0.006134,0.6821
genia,auto_foco,drop_from_queries_and_denominator,L8,H4,0.460344,-0.033776,0.0,0.340496,0.0,0.4715
genia,auto_foco,drop_from_queries_and_denominator,L8,H5,0.451937,-0.042183,0.0,0.340496,0.0,0.5113
genia,auto_foco,drop_from_queries_and_denominator,L8,H6,0.407467,-0.086653,0.02,0.336837,-0.003659,0.7297
genia,auto_foco,drop_from_queries_and_denominator,L8,H7,0.430948,-0.063172,0.03,0.337053,-0.003443,0.6762
genia,auto_foco,drop_from_queries_and_denominator,L8,H8,0.412962,-0.081158,0.06,0.333354,-0.007143,0.6418
genia,auto_foco,drop_from_queries_and_denominator,L8,H9,0.436566,-0.057554,0.0,0.340496,0.0,0.8426
genia,auto_foco,drop_from_queries_and_denominator,L8,H10,0.423476,-0.070644,0.02,0.338339,-0.002157,0.6194
genia,auto_foco,drop_from_queries_and_denominator,L8,H11,0.441521,-0.0526,0.02,0.338302,-0.002194,0.5424
genia,auto_foco,drop_from_queries_and_denominator,L9,todas,0.410722,-0.083398,0.05,0.33422,-0.006276,0.8022
genia,auto_foco,drop_from_queries_and_denominator,L9,H0,0.439578,-0.054542,0.0,0.340496,0.0,0.6125
genia,auto_foco,drop_from_queries_and_denominator,L9,H1,0.417969,-0.076151,0.07,0.333014,-0.007482,0.6909
genia,auto_foco,drop_from_queries_and_denominator,L9,H2,0.440199,-0.053921,0.0,0.340496,0.0,0.6266
genia,auto_foco,drop_from_queries_and_denominator,L9,H3,0.377381,-0.116739,0.37,0.322989,-0.017507,0.6578
genia,auto_foco,drop_from_queries_and_denominator,L9,H4,0.46528,-0.02884,0.01,0.339402,-0.001095,0.4757
genia,auto_foco,drop_from_queries_and_denominator,L9,H5,0.426696,-0.067424,0.05,0.334476,-0.00602,0.8623
genia,auto_foco,drop_from_queries_and_denominator,L9,H6,0.422267,-0.071853,0.03,0.337587,-0.00291,0.7139
genia,auto_foco,drop_from_queries_and_denominator,L9,H7,0.413534,-0.080586,0.07,0.334109,-0.006387,0.7631
genia,auto_foco,drop_from_queries_and_denominator,L9,H8,0.426861,-0.067259,0.0,0.340496,0.0,0.4493
genia,auto_foco,drop_from_queries_and_denominator,L9,H9,0.421364,-0.072756,0.05,0.33633,-0.004167,0.7688
genia,auto_foco,drop_from_queries_and_denominator,L9,H10,0.439455,-0.054665,0.0,0.340496,0.0,0.6585
genia,auto_foco,drop_from_queries_and_denominator,L9,H11,0.433143,-0.060977,0.01,0.339355,-0.001142,0.577
genia,auto_foco,drop_from_queries_and_denominator,L10,todas,0.405788,-0.088332,0.06,0.332004,-0.008492,0.7977
genia,auto_foco,drop_from_queries_and_denominator,L10,H0,0.4082,-0.08592,0.12,0.328646,-0.01185,0.7433
genia,auto_foco,drop_from_queries_and_denominator,L10,H1,0.402674,-0.091446,0.04,0.332332,-0.008164,0.7382
genia,auto_foco,drop_from_queries_and_denominator,L10,H2,0.438755,-0.055365,0.0,0.340496,0.0,0.5459
genia,auto_foco,drop_from_queries_and_denominator,L10,H3,0.438146,-0.055974,0.02,0.339789,-0.000707,0.69
genia,auto_foco,drop_from_queries_and_denominator,L10,H4,0.412588,-0.081532,0.09,0.331075,-0.009422,0.7375
genia,auto_foco,drop_from_queries_and_denominator,L10,H5,0.399138,-0.094982,0.16,0.325403,-0.015093,0.6945
genia,auto_foco,drop_from_queries_and_denominator,L10,H6,0.407751,-0.086369,0.07,0.334011,-0.006485,0.7052
genia,auto_foco,drop_from_queries_and_denominator,L10,H7,0.471954,-0.022166,0.02,0.339377,-0.00112,0.2862
genia,auto_foco,drop_from_queries_and_denominator,L10,H8,0.429772,-0.064348,0.02,0.338298,-0.002198,0.6628
genia,auto_foco,drop_from_queries_and_denominator,L10,H9,0.407531,-0.086589,0.12,0.331997,-0.008499,0.6935
genia,auto_foco,drop_from_queries_and_denominator,L10,H10,0.415179,-0.078941,0.11,0.330078,-0.010418,0.7287
genia,auto_foco,drop_from_queries_and_denominator,L10,H11,0.442381,-0.051739,0.0,0.340496,0.0,0.5725
genia,auto_foco,drop_from_queries_and_denominator,L11,todas,0.416607,-0.077513,0.06,0.33234,-0.008156,0.8321
genia,auto_foco,drop_from_queries_and_denominator,L11,H0,0.423557,-0.070563,0.19,0.327542,-0.012954,0.6228
genia,auto_foco,drop_from_queries_and_denominator,L11,H1,0.417659,-0.076461,0.04,0.336487,-0.004009,0.757
genia,auto_foco,drop_from_queries_and_denominator,L11,H2,0.443058,-0.051062,0.01,0.339593,-0.000903,0.8123
genia,auto_foco,drop_from_queries_and_denominator,L11,H3,0.434378,-0.059742,0.03,0.337688,-0.002808,0.7383
genia,auto_foco,drop_from_queries_and_denominator,L11,H4,0.435257,-0.058863,0.06,0.33388,-0.006616,0.7
genia,auto_foco,drop_from_queries_and_denominator,L11,H5,0.439589,-0.054531,0.0,0.340496,0.0,0.6875
genia,auto_foco,drop_from_queries_and_denominator,L11,H6,0.429066,-0.065054,0.02,0.337626,-0.00287,0.8731
genia,auto_foco,drop_from_queries_and_denominator,L11,H7,0.431421,-0.062699,0.02,0.337656,-0.002841,0.649
genia,auto_foco,drop_from_queries_and_denominator,L11,H8,0.421998,-0.072122,0.02,0.337465,-0.003032,0.7931
genia,auto_foco,drop_from_queries_and_denominator,L11,H9,0.411505,-0.082615,0.01,0.33919,-0.001307,0.8119
genia,auto_foco,drop_from_queries_and_denominator,L11,H10,0.411787,-0.082333,0.12,0.326678,-0.013819,0.8405
genia,auto_foco,drop_from_queries_and_denominator,L11,H11,0.441248,-0.052872,0.04,0.336257,-0.004239,0.6988
genia,auto_foco,drop_from_queries_and_denominator,0-3,todas,0.432858,-0.061262,0.01,0.339894,-0.000602,0.8385
genia,auto_foco,drop_from_queries_and_denominator,0-3,H0,0.435304,-0.058816,0.0,0.340496,0.0,0.7425
genia,auto_foco,drop_from_queries_and_denominator,0-3,H1,0.440115,-0.054005,0.05,0.336928,-0.003568,0.6832
genia,auto_foco,drop_from_queries_and_denominator,0-3,H2,0.44097,-0.05315,0.0,0.340496,0.0,0.7857
genia,auto_foco,drop_from_queries_and_denominator,0-3,H3,0.421107,-0.073013,0.03,0.336505,-0.003991,0.8807
genia,auto_foco,drop_from_queries_and_denominator,0-3,H4,0.454321,-0.039799,0.0,0.340496,0.0,0.7252
genia,auto_foco,drop_from_queries_and_denominator,0-3,H5,0.434432,-0.059688,0.01,0.33917,-0.001326,0.8411
genia,auto_foco,drop_from_queries_and_denominator,0-3,H6,0.448526,-0.045594,0.0,0.340496,0.0,0.7863
genia,auto_foco,drop_from_queries_and_denominator,0-3,H7,0.445932,-0.048188,0.01,0.340241,-0.000256,0.7294
genia,auto_foco,drop_from_queries_and_denominator,0-3,H8,0.457998,-0.036122,0.01,0.340144,-0.000353,0.7167
genia,auto_foco,drop_from_queries_and_denominator,0-3,H9,0.429663,-0.064457,0.0,0.340496,0.0,0.7969
genia,auto_foco,drop_from_queries_and_denominator,0-3,H10,0.437258,-0.056862,0.0,0.340496,0.0,0.7399
genia,auto_foco,drop_from_queries_and_denominator,0-3,H11,0.430792,-0.063329,0.09,0.330871,-0.009625,0.8362
genia,auto_foco,drop_from_queries_and_denominator,4-7,todas,0.422534,-0.071586,0.03,0.33571,-0.004786,0.8259
genia,auto_foco,drop_from_queries_and_denominator,4-7,H0,0.428924,-0.065196,0.0,0.340496,0.0,0.769
genia,auto_foco,drop_from_queries_and_denominator,4-7,H1,0.465251,-0.028869,0.01,0.339073,-0.001423,0.5157
genia,auto_foco,drop_from_queries_and_denominator,4-7,H2,0.427551,-0.066569,0.02,0.337324,-0.003172,0.8164
genia,auto_foco,drop_from_queries_and_denominator,4-7,H3,0.403387,-0.090733,0.08,0.32775,-0.012746,0.7848
genia,auto_foco,drop_from_queries_and_denominator,4-7,H4,0.444826,-0.049294,0.0,0.340496,0.0,0.6907
genia,auto_foco,drop_from_queries_and_denominator,4-7,H5,0.426712,-0.067408,0.0,0.340496,0.0,0.7706
genia,auto_foco,drop_from_queries_and_denominator,4-7,H6,0.439331,-0.05479,0.0,0.340496,0.0,0.7774
genia,auto_foco,drop_from_queries_and_denominator,4-7,H7,0.425146,-0.068974,0.03,0.335645,-0.004851,0.7325
genia,auto_foco,drop_from_queries_and_denominator,4-7,H8,0.442173,-0.051947,0.01,0.339594,-0.000902,0.6423
genia,auto_foco,drop_from_queries_and_denominator,4-7,H9,0.458284,-0.035836,0.04,0.337125,-0.003371,0.4534
genia,auto_foco,drop_from_queries_and_denominator,4-7,H10,0.412746,-0.081374,0.13,0.327498,-0.012999,0.8341
genia,auto_foco,drop_from_queries_and_denominator,4-7,H11,0.431936,-0.062184,0.02,0.336981,-0.003516,0.7277
genia,auto_foco,drop_from_queries_and_denominator,8-11,todas,0.410885,-0.083235,0.05,0.333262,-0.007234,0.8358
genia,auto_foco,drop_from_queries_and_denominator,8-11,H0,0.412655,-0.081465,0.13,0.327838,-0.012658,0.7152
genia,auto_foco,drop_from_queries_and_denominator,8-11,H1,0.418151,-0.075969,0.05,0.334244,-0.006252,0.8304
genia,auto_foco,drop_from_queries_and_denominator,8-11,H2,0.430792,-0.063328,0.03,0.336337,-0.004159,0.73
genia,auto_foco,drop_from_queries_and_denominator,8-11,H3,0.402532,-0.091588,0.13,0.327716,-0.012781,0.7629
genia,auto_foco,drop_from_queries_and_denominator,8-11,H4,0.430024,-0.064096,0.05,0.334089,-0.006407,0.7472
genia,auto_foco,drop_from_queries_and_denominator,8-11,H5,0.414536,-0.079584,0.08,0.330405,-0.010091,0.8035
genia,auto_foco,drop_from_queries_and_denominator,8-11,H6,0.400575,-0.093545,0.04,0.334352,-0.006144,0.8301
genia,auto_foco,drop_from_queries_and_denominator,8-11,H7,0.442732,-0.051388,0.03,0.337624,-0.002872,0.5905
genia,auto_foco,drop_from_queries_and_denominator,8-11,H8,0.409242,-0.084878,0.04,0.335192,-0.005305,0.7391
genia,auto_foco,drop_from_queries_and_denominator,8-11,H9,0.409712,-0.084408,0.03,0.337149,-0.003347,0.8308
genia,auto_foco,drop_from_queries_and_denominator,8-11,H10,0.411544,-0.082576,0.05,0.332522,-0.007975,0.8773
genia,auto_foco,drop_from_queries_and_denominator,8-11,H11,0.43164,-0.06248,0.04,0.335385,-0.005112,0.7802
genia,simetrica,keep,todas,todas,0.415349,-0.078771,0.04,0.334477,-0.006019,0.8877
genia,simetrica,keep,todas,H0,0.414346,-0.079774,0.08,0.330581,-0.009915,0.8393
genia,simetrica,keep,todas,H1,0.425504,-0.068616,0.05,0.334733,-0.005763,0.8083
genia,simetrica,keep,todas,H2,0.425206,-0.068914,0.04,0.335218,-0.005278,0.8999
genia,simetrica,keep,todas,H3,0.402743,-0.091377,0.15,0.324397,-0.016099,0.845
genia,simetrica,keep,todas,H4,0.431217,-0.062903,0.01,0.338943,-0.001553,0.8658
genia,simetrica,keep,todas,H5,0.415493,-0.078627,0.09,0.330704,-0.009792,0.8607
genia,simetrica,keep,todas,H6,0.418787,-0.075333,0.03,0.335857,-0.00464,0.9022
genia,simetrica,keep,todas,H7,0.422802,-0.071318,0.04,0.335503,-0.004993,0.8119
genia,simetrica,keep,todas,H8,0.416753,-0.077367,0.1,0.329886,-0.01061,0.8557
genia,simetrica,keep,todas,H9,0.413807,-0.080313,0.02,0.337534,-0.002962,0.8776
genia,simetrica,keep,todas,H10,0.41203,-0.08209,0.12,0.32817,-0.012327,0.8961
genia,simetrica,keep,todas,H11,0.424132,-0.069988,0.04,0.334732,-0.005765,0.8489
genia,simetrica,keep,L0,todas,0.432759,-0.061361,0.03,0.337192,-0.003305,0.8426
genia,simetrica,keep,L0,H0,0.435245,-0.058875,0.06,0.334406,-0.00609,0.6025
genia,simetrica,keep,L0,H1,0.459548,-0.034572,0.0,0.340496,0.0,0.5666
genia,simetrica,keep,L0,H2,0.428628,-0.065492,0.0,0.340496,0.0,0.8309
genia,simetrica,keep,L0,H3,0.431726,-0.062394,0.1,0.332274,-0.008223,0.7726
genia,simetrica,keep,L0,H4,0.435881,-0.058239,0.0,0.340496,0.0,0.7042
genia,simetrica,keep,L0,H5,0.454845,-0.039275,0.05,0.337368,-0.003129,0.4775
genia,simetrica,keep,L0,H6,0.458092,-0.036028,0.0,0.340496,0.0,0.4344
genia,simetrica,keep,L0,H7,0.437528,-0.056592,0.03,0.338029,-0.002467,0.5627
genia,simetrica,keep,L0,H8,0.453508,-0.040612,0.11,0.334073,-0.006424,0.6428
genia,simetrica,keep,L0,H9,0.442952,-0.051168,0.0,0.340496,0.0,0.6793
genia,simetrica,keep,L0,H10,0.431079,-0.063041,0.0,0.340496,0.0,0.7581
genia,simetrica,keep,L0,H11,0.446904,-0.047216,0.05,0.334981,-0.005515,0.7358
genia,simetrica,keep,L1,todas,0.425534,-0.068586,0.03,0.336206,-0.00429,0.8614
genia,simetrica,keep,L1,H0,0.417929,-0.076191,0.12,0.326852,-0.013645,0.6719
genia,simetrica,keep,L1,H1,0.424557,-0.069563,0.1,0.331034,-0.009462,0.6067
genia,simetrica,keep,L1,H2,0.451074,-0.043046,0.02,0.339267,-0.001229,0.6825
genia,simetrica,keep,L1,H3,0.426043,-0.068077,0.0,0.340496,0.0,0.649
genia,simetrica,keep,L1,H4,0.471884,-0.022236,0.02,0.34063,0.000133,0.5129
genia,simetrica,keep,L1,H5,0.433923,-0.060197,0.0,0.340496,0.0,0.7867
genia,simetrica,keep,L1,H6,0.435302,-0.058818,0.07,0.335059,-0.005438,0.6905
genia,simetrica,keep,L1,H7,0.454615,-0.039505,0.0,0.340496,0.0,0.7043
genia,simetrica,keep,L1,H8,0.437311,-0.056809,0.03,0.336517,-0.003979,0.8421
genia,simetrica,keep,L1,H9,0.435769,-0.058351,0.0,0.340496,0.0,0.7568
genia,simetrica,keep,L1,H10,0.44016,-0.05396,0.06,0.336542,-0.003954,0.626
genia,simetrica,keep,L1,H11,0.421582,-0.072538,0.13,0.330833,-0.009664,0.7563
genia,simetrica,keep,L2,todas,0.434806,-0.059314,0.0,0.340496,0.0,0.8469
genia,simetrica,keep,L2,H0,0.439867,-0.054253,0.01,0.341021,0.000525,0.5595
genia,simetrica,keep,L2,H1,0.456404,-0.037716,0.01,0.3401,-0.000396,0.6026
genia,simetrica,keep,L2,H2,0.472913,-0.021207,0.0,0.340496,0.0,0.5403
genia,simetrica,keep,L2,H3,0.422526,-0.071594,0.0,0.340496,0.0,0.8826
genia,simetrica,keep,L2,H4,0.45661,-0.03751,0.0,0.340496,0.0,0.6056
genia,simetrica,keep,L2,H5,0.410265,-0.083855,0.16,0.325332,-0.015165,0.8162
genia,simetrica,keep,L2,H6,0.445212,-0.048908,0.01,0.339117,-0.00138,0.7615
genia,simetrica,keep,L2,H7,0.44383,-0.05029,0.09,0.335698,-0.004799,0.6546
genia,simetrica,keep,L2,H8,0.436588,-0.057532,0.07,0.334956,-0.005541,0.7053
genia,simetrica,keep,L2,H9,0.428019,-0.066101,0.0,0.340496,0.0,0.7802
genia,simetrica,keep,L2,H10,0.452954,-0.041166,0.0,0.340496,0.0,0.5798
genia,simetrica,keep,L2,H11,0.438275,-0.055845,0.03,0.337371,-0.003126,0.6741
genia,simetrica,keep,L3,todas,0.418491,-0.075629,0.1,0.329141,-0.011355,0.8821
genia,simetrica,keep,L3,H0,0.447998,-0.046122,0.0,0.340496,0.0,0.78
genia,simetrica,keep,L3,H1,0.441081,-0.053039,0.08,0.336459,-0.004037,0.5607
genia,simetrica,keep,L3,H2,0.417204,-0.076916,0.15,0.327263,-0.013233,0.7811
genia,simetrica,keep,L3,H3,0.411382,-0.082738,0.18,0.32915,-0.011346,0.7492
genia,simetrica,keep,L3,H4,0.442142,-0.051978,0.0,0.340496,0.0,0.6847
genia,simetrica,keep,L3,H5,0.437044,-0.057076,0.01,0.339265,-0.001231,0.7957
genia,simetrica,keep,L3,H6,0.413335,-0.080785,0.03,0.335471,-0.005025,0.8943
genia,simetrica,keep,L3,H7,0.45413,-0.03999,0.06,0.338965,-0.001531,0.501
genia,simetrica,keep,L3,H8,0.463866,-0.030254,0.0,0.340496,0.0,0.5679
genia,simetrica,keep,L3,H9,0.418346,-0.075774,0.16,0.33066,-0.009837,0.8297
genia,simetrica,keep,L3,H10,0.423942,-0.070178,0.1,0.33017,-0.010327,0.7601
genia,simetrica,keep,L3,H11,0.432127,-0.061993,0.09,0.332712,-0.007785,0.5964
genia,simetrica,keep,L4,todas,0.422687,-0.071433,0.01,0.339159,-0.001337,0.908
genia,simetrica,keep,L4,H0,0.432262,-0.061858,0.0,0.340496,0.0,0.8351
genia,simetrica,keep,L4,H1,0.450855,-0.043265,0.02,0.338605,-0.001891,0.713
genia,simetrica,keep,L4,H2,0.474238,-0.019882,0.0,0.340496,0.0,0.4831
genia,simetrica,keep,L4,H3,0.407869,-0.086251,0.03,0.334829,-0.005667,0.878
genia,simetrica,keep,L4,H4,0.458571,-0.035549,0.01,0.340141,-0.000355,0.7225
genia,simetrica,keep,L4,H5,0.432884,-0.061236,0.04,0.336045,-0.004451,0.7862
genia,simetrica,keep,L4,H6,0.424837,-0.069283,0.0,0.340496,0.0,0.5249
genia,simetrica,keep,L4,H7,0.430559,-0.063561,0.02,0.337294,-0.003202,0.7111
genia,simetrica,keep,L4,H8,0.454152,-0.039968,0.01,0.340615,0.000119,0.6043
genia,simetrica,keep,L4,H9,0.419752,-0.074368,0.0,0.340496,0.0,0.7056
genia,simetrica,keep,L4,H10,0.428431,-0.06569,0.02,0.338256,-0.00224,0.8226
genia,simetrica,keep,L4,H11,0.445355,-0.048765,0.0,0.340496,0.0,0.7214
genia,simetrica,keep,L5,todas,0.415746,-0.078374,0.04,0.334299,-0.006197,0.8595
genia,simetrica,keep,L5,H0,0.419788,-0.074332,0.03,0.335917,-0.004579,0.7758
genia,simetrica,keep,L5,H1,0.468206,-0.025914,0.02,0.338512,-0.001984,0.3757
genia,simetrica,keep,L5,H2,0.43122,-0.0629,0.01,0.339277,-0.001219,0.7503
genia,simetrica,keep,L5,H3,0.440437,-0.053683,0.0,0.340496,0.0,0.6205
genia,simetrica,keep,L5,H4,0.438148,-0.055972,0.02,0.337081,-0.003415,0.6532
genia,simetrica,keep,L5,H5,0.438257,-0.055863,0.0,0.340496,0.0,0.617
genia,simetrica,keep,L5,H6,0.433458,-0.060662,0.0,0.340496,0.0,0.847
genia,simetrica,keep,L5,H7,0.419604,-0.074516,0.09,0.33188,-0.008616,0.7504
genia,simetrica,keep,L5,H8,0.426475,-0.067645,0.03,0.336078,-0.004418,0.6614
genia,simetrica,keep,L5,H9,0.411894,-0.082226,0.03,0.335047,-0.005449,0.8174
genia,simetrica,keep,L5,H10,0.421553,-0.072567,0.1,0.332579,-0.007917,0.7236
genia,simetrica,keep,L5,H11,0.394432,-0.099688,0.11,0.327086,-0.013411,0.7533
genia,simetrica,keep,L6,todas,0.417753,-0.076367,0.04,0.334076,-0.00642,0.8041
genia,simetrica,keep,L6,H0,0.419862,-0.074258,0.06,0.331789,-0.008708,0.8253
genia,simetrica,keep,L6,H1,0.469569,-0.024551,0.01,0.339312,-0.001184,0.35
genia,simetrica,keep,L6,H2,0.424495,-0.069625,0.03,0.336032,-0.004465,0.8486
genia,simetrica,keep,L6,H3,0.411457,-0.082663,0.1,0.327842,-0.012654,0.7162
genia,simetrica,keep,L6,H4,0.426622,-0.067498,0.02,0.336933,-0.003563,0.691
genia,simetrica,keep,L6,H5,0.414159,-0.079961,0.1,0.334892,-0.005604,0.7245
genia,simetrica,keep,L6,H6,0.462184,-0.031936,0.02,0.339196,-0.001301,0.5026
genia,simetrica,keep,L6,H7,0.432512,-0.061608,0.0,0.340496,0.0,0.7028
genia,simetrica,keep,L6,H8,0.431834,-0.062287,0.13,0.334848,-0.005648,0.5167
genia,simetrica,keep,L6,H9,0.510939,0.016819,0.03,0.339676,-0.00082,-0.0564
genia,simetrica,keep,L6,H10,0.433253,-0.060867,0.07,0.334454,-0.006042,0.5981
genia,simetrica,keep,L6,H11,0.436334,-0.057786,0.0,0.340496,0.0,0.6782
genia,simetrica,keep,L7,todas,0.412915,-0.081205,0.05,0.332136,-0.00836,0.8359
genia,simetrica,keep,L7,H0,0.436884,-0.057236,0.0,0.340496,0.0,0.5305
genia,simetrica,keep,L7,H1,0.419954,-0.074166,0.08,0.331346,-0.00915,0.7456
genia,simetrica,keep,L7,H2,0.421268,-0.072852,0.04,0.334291,-0.006205,0.7938
genia,simetrica,keep,L7,H3,0.400624,-0.093496,0.12,0.324182,-0.016315,0.7932
genia,simetrica,keep,L7,H4,0.43979,-0.05433,0.0,0.340496,0.0,0.6067
genia,simetrica,keep,L7,H5,0.437312,-0.056808,0.01,0.339383,-0.001113,0.5418
genia,simetrica,keep,L7,H6,0.425305,-0.068815,0.11,0.331574,-0.008922,0.6088
genia,simetrica,keep,L7,H7,0.455129,-0.038991,0.02,0.338037,-0.002459,0.625
genia,simetrica,keep,L7,H8,0.428193,-0.065927,0.1,0.331147,-0.009349,0.6957
genia,simetrica,keep,L7,H9,0.403836,-0.090284,0.11,0.332701,-0.007795,0.5759
genia,simetrica,keep,L7,H10,0.417575,-0.076545,0.06,0.332332,-0.008165,0.7571
genia,simetrica,keep,L7,H11,0.44598,-0.04814,0.02,0.337842,-0.002655,0.6232
genia,simetrica,keep,L8,todas,0.420925,-0.073195,0.04,0.334934,-0.005562,0.7763
genia,simetrica,keep,L8,H0,0.459937,-0.034183,0.03,0.338664,-0.001832,0.3519
genia,simetrica,keep,L8,H1,0.458432,-0.035688,0.03,0.339541,-0.000955,0.5387
genia,simetrica,keep,L8,H2,0.430124,-0.063996,0.05,0.334723,-0.005774,0.5758
genia,simetrica,keep,L8,H3,0.418337,-0.075783,0.06,0.332986,-0.00751,0.6881
genia,simetrica,keep,L8,H4,0.448734,-0.045386,0.0,0.340496,0.0,0.5208
genia,simetrica,keep,L8,H5,0.464278,-0.029842,0.0,0.340496,0.0,0.5171
genia,simetrica,keep,L8,H6,0.410821,-0.083299,0.04,0.334213,-0.006283,0.7902
genia,simetrica,keep,L8,H7,0.429874,-0.064246,0.06,0.334664,-0.005832,0.6534
genia,simetrica,keep,L8,H8,0.41572,-0.0784,0.08,0.331832,-0.008664,0.6496
genia,simetrica,keep,L8,H9,0.435539,-0.058581,0.0,0.340496,0.0,0.8729
genia,simetrica,keep,L8,H10,0.426599,-0.067521,0.02,0.338081,-0.002415,0.6288
genia,simetrica,keep,L8,H11,0.46022,-0.0339,0.03,0.338442,-0.002054,0.4724
genia,simetrica,keep,L9,todas,0.409491,-0.084629,0.12,0.328595,-0.011902,0.8353
genia,simetrica,keep,L9,H0,0.438976,-0.055144,0.01,0.339347,-0.001149,0.6624
genia,simetrica,keep,L9,H1,0.423336,-0.070784,0.06,0.334019,-0.006477,0.6663
genia,simetrica,keep,L9,H2,0.44105,-0.05307,0.03,0.337058,-0.003438,0.7624
genia,simetrica,keep,L9,H3,0.391015,-0.103105,0.23,0.324868,-0.015629,0.7204
genia,simetrica,keep,L9,H4,0.467668,-0.026453,0.05,0.337727,-0.002769,0.4605
genia,simetrica,keep,L9,H5,0.425451,-0.068669,0.06,0.333043,-0.007453,0.8466
genia,simetrica,keep,L9,H6,0.421075,-0.073045,0.03,0.337486,-0.003011,0.7401
genia,simetrica,keep,L9,H7,0.419549,-0.074571,0.09,0.333016,-0.00748,0.6629
genia,simetrica,keep,L9,H8,0.425981,-0.068139,0.02,0.338829,-0.001667,0.5579
genia,simetrica,keep,L9,H9,0.418442,-0.075678,0.03,0.336611,-0.003886,0.8771
genia,simetrica,keep,L9,H10,0.438222,-0.055898,0.02,0.338657,-0.001839,0.657
genia,simetrica,keep,L9,H11,0.429066,-0.065054,0.03,0.338411,-0.002085,0.5525
genia,simetrica,keep,L10,todas,0.408862,-0.085258,0.04,0.334798,-0.005698,0.7884
genia,simetrica,keep,L10,H0,0.412755,-0.081365,0.06,0.332957,-0.00754,0.778
genia,simetrica,keep,L10,H1,0.399601,-0.094519,0.05,0.331273,-0.009223,0.7452
genia,simetrica,keep,L10,H2,0.445895,-0.048225,0.0,0.340496,0.0,0.5495
genia,simetrica,keep,L10,H3,0.452811,-0.041309,0.06,0.339874,-0.000622,0.6033
genia,simetrica,keep,L10,H4,0.418015,-0.076106,0.1,0.331928,-0.008569,0.723
genia,simetrica,keep,L10,H5,0.402832,-0.091288,0.16,0.327429,-0.013068,0.6866
genia,simetrica,keep,L10,H6,0.410432,-0.083688,0.06,0.334605,-0.005891,0.7089
genia,simetrica,keep,L10,H7,0.454907,-0.039213,0.03,0.338696,-0.0018,0.3696
genia,simetrica,keep,L10,H8,0.426688,-0.067432,0.03,0.337994,-0.002502,0.6654
genia,simetrica,keep,L10,H9,0.409699,-0.084421,0.03,0.337444,-0.003052,0.7647
genia,simetrica,keep,L10,H10,0.419146,-0.074974,0.07,0.332762,-0.007734,0.6802
genia,simetrica,keep,L10,H11,0.430375,-0.063745,0.0,0.340496,0.0,0.6427
genia,simetrica,keep,L11,todas,0.420819,-0.073301,0.05,0.333561,-0.006935,0.8445
genia,simetrica,keep,L11,H0,0.421494,-0.072626,0.22,0.325898,-0.014599,0.6718
genia,simetrica,keep,L11,H1,0.423716,-0.070404,0.04,0.335486,-0.005011,0.7998
genia,simetrica,keep,L11,H2,0.430887,-0.063233,0.02,0.338352,-0.002145,0.7816
genia,simetrica,keep,L11,H3,0.431164,-0.062956,0.02,0.337954,-0.002542,0.7526
genia,simetrica,keep,L11,H4,0.433798,-0.060323,0.04,0.334805,-0.005691,0.7207
genia,simetrica,keep,L11,H5,0.444429,-0.049691,0.0,0.340496,0.0,0.6501
genia,simetrica,keep,L11,H6,0.437695,-0.056425,0.02,0.337569,-0.002927,0.8491
genia,simetrica,keep,L11,H7,0.420359,-0.073761,0.03,0.336906,-0.00359,0.7365
genia,simetrica,keep,L11,H8,0.423002,-0.071119,0.03,0.336574,-0.003923,0.7898
genia,simetrica,keep,L11,H9,0.415968,-0.078152,0.02,0.337534,-0.002962,0.8094
genia,simetrica,keep,L11,H10,0.420242,-0.073878,0.1,0.329088,-0.011408,0.8466
genia,simetrica,keep,L11,H11,0.441519,-0.052601,0.03,0.336994,-0.003502,0.7389
genia,simetrica,keep,0-3,todas,0.426981,-0.067139,0.02,0.337992,-0.002504,0.8752
genia,simetrica,keep,0-3,H0,0.420566,-0.073554,0.03,0.336387,-0.004109,0.7967
genia,simetrica,keep,0-3,H1,0.431584,-0.062536,0.05,0.335757,-0.004739,0.7201
genia,simetrica,keep,0-3,H2,0.430933,-0.063187,0.01,0.339232,-0.001264,0.8456
genia,simetrica,keep,0-3,H3,0.41621,-0.07791,0.03,0.335746,-0.00475,0.8982
genia,simetrica,keep,0-3,H4,0.446867,-0.047253,0.0,0.340496,0.0,0.7495
genia,simetrica,keep,0-3,H5,0.428726,-0.065394,0.04,0.334729,-0.005767,0.8722
genia,simetrica,keep,0-3,H6,0.443373,-0.050747,0.0,0.340496,0.0,0.8326
genia,simetrica,keep,0-3,H7,0.43989,-0.05423,0.03,0.338113,-0.002383,0.7755
genia,simetrica,keep,0-3,H8,0.446379,-0.047741,0.03,0.337829,-0.002667,0.7752
genia,simetrica,keep,0-3,H9,0.426358,-0.067762,0.0,0.340496,0.0,0.8227
genia,simetrica,keep,0-3,H10,0.42597,-0.06815,0.0,0.340496,0.0,0.8231
genia,simetrica,keep,0-3,H11,0.425471,-0.068649,0.1,0.330192,-0.010304,0.8339
genia,simetrica,keep,4-7,todas,0.413983,-0.080137,0.04,0.334115,-0.006382,0.8787
genia,simetrica,keep,4-7,H0,0.417745,-0.076375,0.03,0.335771,-0.004725,0.8962
genia,simetrica,keep,4-7,H1,0.445816,-0.048304,0.02,0.337973,-0.002524,0.621
genia,simetrica,keep,4-7,H2,0.42433,-0.06979,0.04,0.334896,-0.0056,0.8684
genia,simetrica,keep,4-7,H3,0.402431,-0.091689,0.08,0.327605,-0.012892,0.8139
genia,simetrica,keep,4-7,H4,0.429729,-0.064391,0.02,0.337016,-0.00348,0.8084
genia,simetrica,keep,4-7,H5,0.423028,-0.071092,0.02,0.338003,-0.002493,0.7886
genia,simetrica,keep,4-7,H6,0.429287,-0.064833,0.01,0.339039,-0.001458,0.8437
genia,simetrica,keep,4-7,H7,0.420123,-0.073997,0.04,0.334756,-0.00574,0.8138
genia,simetrica,keep,4-7,H8,0.420976,-0.073144,0.1,0.33126,-0.009236,0.771
genia,simetrica,keep,4-7,H9,0.432475,-0.061645,0.05,0.33431,-0.006186,0.601
genia,simetrica,keep,4-7,H10,0.412092,-0.082028,0.18,0.327064,-0.013432,0.8356
genia,simetrica,keep,4-7,H11,0.426935,-0.067185,0.02,0.337202,-0.003294,0.7844
genia,simetrica,keep,8-11,todas,0.412467,-0.081653,0.11,0.329059,-0.011438,0.8407
genia,simetrica,keep,8-11,H0,0.416877,-0.077243,0.15,0.328071,-0.012425,0.7456
genia,simetrica,keep,8-11,H1,0.421078,-0.073042,0.06,0.333411,-0.007085,0.846
genia,simetrica,keep,8-11,H2,0.428031,-0.066089,0.03,0.336092,-0.004404,0.7671
genia,simetrica,keep,8-11,H3,0.405949,-0.088171,0.13,0.327677,-0.012819,0.7908
genia,simetrica,keep,8-11,H4,0.429926,-0.064194,0.05,0.334119,-0.006377,0.7679
genia,simetrica,keep,8-11,H5,0.414956,-0.079164,0.11,0.330124,-0.010372,0.7676
genia,simetrica,keep,8-11,H6,0.405252,-0.088868,0.03,0.335673,-0.004823,0.8513
genia,simetrica,keep,8-11,H7,0.43401,-0.06011,0.03,0.33727,-0.003226,0.6117
genia,simetrica,keep,8-11,H8,0.411308,-0.082812,0.08,0.332083,-0.008413,0.7575
genia,simetrica,keep,8-11,H9,0.412935,-0.081185,0.03,0.33612,-0.004377,0.8927
genia,simetrica,keep,8-11,H10,0.416875,-0.077245,0.1,0.329872,-0.010624,0.8457
genia,simetrica,keep,8-11,H11,0.431709,-0.062411,0.04,0.336099,-0.004398,0.7836
genia,simetrica,drop_from_denominator,todas,todas,0.416272,-0.077848,0.03,0.335954,-0.004542,0.8693
genia,simetrica,drop_from_denominator,todas,H0,0.416442,-0.077678,0.07,0.332407,-0.008089,0.8136
genia,simetrica,drop_from_denominator,todas,H1,0.425131,-0.068989,0.04,0.335713,-0.004783,0.7995
genia,simetrica,drop_from_denominator,todas,H2,0.426266,-0.067855,0.01,0.339061,-0.001435,0.8706
genia,simetrica,drop_from_denominator,todas,H3,0.404711,-0.089409,0.13,0.325859,-0.014638,0.8468
genia,simetrica,drop_from_denominator,todas,H4,0.428912,-0.065208,0.01,0.33896,-0.001536,0.8542
genia,simetrica,drop_from_denominator,todas,H5,0.417304,-0.076816,0.03,0.335912,-0.004584,0.8673
genia,simetrica,drop_from_denominator,todas,H6,0.416973,-0.077147,0.03,0.33632,-0.004176,0.8883
genia,simetrica,drop_from_denominator,todas,H7,0.423722,-0.070398,0.04,0.335345,-0.005151,0.7892
genia,simetrica,drop_from_denominator,todas,H8,0.420834,-0.073286,0.04,0.335425,-0.005071,0.8078
genia,simetrica,drop_from_denominator,todas,H9,0.413169,-0.080951,0.02,0.337509,-0.002988,0.8528
genia,simetrica,drop_from_denominator,todas,H10,0.412558,-0.081562,0.03,0.336268,-0.004229,0.8819
genia,simetrica,drop_from_denominator,todas,H11,0.423038,-0.071082,0.03,0.335807,-0.00469,0.8348
genia,simetrica,drop_from_denominator,L0,todas,0.431049,-0.063071,0.02,0.338145,-0.002351,0.8306
genia,simetrica,drop_from_denominator,L0,H0,0.435462,-0.058658,0.08,0.333487,-0.007009,0.583
genia,simetrica,drop_from_denominator,L0,H1,0.454611,-0.039509,0.01,0.340907,0.000411,0.5904
genia,simetrica,drop_from_denominator,L0,H2,0.426979,-0.067141,0.0,0.340496,0.0,0.8315
genia,simetrica,drop_from_denominator,L0,H3,0.428823,-0.065297,0.11,0.331612,-0.008885,0.7749
genia,simetrica,drop_from_denominator,L0,H4,0.4287,-0.06542,0.0,0.340496,0.0,0.7307
genia,simetrica,drop_from_denominator,L0,H5,0.45243,-0.04169,0.05,0.337335,-0.003161,0.5201
genia,simetrica,drop_from_denominator,L0,H6,0.455205,-0.038915,0.0,0.340496,0.0,0.4608
genia,simetrica,drop_from_denominator,L0,H7,0.436254,-0.057866,0.03,0.337803,-0.002693,0.5674
genia,simetrica,drop_from_denominator,L0,H8,0.448633,-0.045487,0.13,0.333562,-0.006934,0.6418
genia,simetrica,drop_from_denominator,L0,H9,0.43952,-0.0546,0.0,0.340496,0.0,0.6827
genia,simetrica,drop_from_denominator,L0,H10,0.430884,-0.063237,0.0,0.340496,0.0,0.7583
genia,simetrica,drop_from_denominator,L0,H11,0.443203,-0.050917,0.07,0.333925,-0.006571,0.7373
genia,simetrica,drop_from_denominator,L1,todas,0.425894,-0.068226,0.03,0.336278,-0.004218,0.8458
genia,simetrica,drop_from_denominator,L1,H0,0.417153,-0.076967,0.11,0.327959,-0.012537,0.6591
genia,simetrica,drop_from_denominator,L1,H1,0.425309,-0.068811,0.12,0.331068,-0.009428,0.6057
genia,simetrica,drop_from_denominator,L1,H2,0.448688,-0.045432,0.02,0.33929,-0.001206,0.6877
genia,simetrica,drop_from_denominator,L1,H3,0.427513,-0.066607,0.0,0.340496,0.0,0.641
genia,simetrica,drop_from_denominator,L1,H4,0.468085,-0.026035,0.03,0.3396,-0.000896,0.5163
genia,simetrica,drop_from_denominator,L1,H5,0.436367,-0.057753,0.0,0.340496,0.0,0.7604
genia,simetrica,drop_from_denominator,L1,H6,0.432582,-0.061538,0.07,0.335268,-0.005228,0.6912
genia,simetrica,drop_from_denominator,L1,H7,0.452975,-0.041145,0.0,0.340496,0.0,0.7026
genia,simetrica,drop_from_denominator,L1,H8,0.437514,-0.056606,0.03,0.336659,-0.003838,0.8111
genia,simetrica,drop_from_denominator,L1,H9,0.435543,-0.058577,0.0,0.340496,0.0,0.7471
genia,simetrica,drop_from_denominator,L1,H10,0.439039,-0.055081,0.07,0.335784,-0.004712,0.6289
genia,simetrica,drop_from_denominator,L1,H11,0.421705,-0.072415,0.13,0.330645,-0.009851,0.7774
genia,simetrica,drop_from_denominator,L2,todas,0.436136,-0.057984,0.0,0.340496,0.0,0.8189
genia,simetrica,drop_from_denominator,L2,H0,0.451026,-0.043094,0.0,0.340496,0.0,0.5862
genia,simetrica,drop_from_denominator,L2,H1,0.457311,-0.036809,0.0,0.340496,0.0,0.6225
genia,simetrica,drop_from_denominator,L2,H2,0.46689,-0.02723,0.0,0.340496,0.0,0.5843
genia,simetrica,drop_from_denominator,L2,H3,0.430639,-0.063481,0.0,0.340496,0.0,0.8082
genia,simetrica,drop_from_denominator,L2,H4,0.451767,-0.042353,0.0,0.340496,0.0,0.6242
genia,simetrica,drop_from_denominator,L2,H5,0.410528,-0.083592,0.15,0.325478,-0.015018,0.8287
genia,simetrica,drop_from_denominator,L2,H6,0.441436,-0.052684,0.01,0.339049,-0.001447,0.7446
genia,simetrica,drop_from_denominator,L2,H7,0.448412,-0.045708,0.07,0.337679,-0.002817,0.6408
genia,simetrica,drop_from_denominator,L2,H8,0.437347,-0.056773,0.08,0.334911,-0.005585,0.7038
genia,simetrica,drop_from_denominator,L2,H9,0.426995,-0.067125,0.01,0.339166,-0.001331,0.7642
genia,simetrica,drop_from_denominator,L2,H10,0.452054,-0.042066,0.0,0.340496,0.0,0.539
genia,simetrica,drop_from_denominator,L2,H11,0.435803,-0.058317,0.03,0.337124,-0.003372,0.6664
genia,simetrica,drop_from_denominator,L3,todas,0.421417,-0.072703,0.03,0.33709,-0.003406,0.8654
genia,simetrica,drop_from_denominator,L3,H0,0.447319,-0.046801,0.0,0.340496,0.0,0.7367
genia,simetrica,drop_from_denominator,L3,H1,0.442095,-0.052025,0.05,0.336993,-0.003503,0.5688
genia,simetrica,drop_from_denominator,L3,H2,0.416969,-0.077151,0.15,0.326894,-0.013603,0.7611
genia,simetrica,drop_from_denominator,L3,H3,0.410686,-0.083434,0.17,0.328483,-0.012013,0.7735
genia,simetrica,drop_from_denominator,L3,H4,0.443417,-0.050703,0.0,0.340496,0.0,0.6944
genia,simetrica,drop_from_denominator,L3,H5,0.438531,-0.055589,0.0,0.340496,0.0,0.8064
genia,simetrica,drop_from_denominator,L3,H6,0.414027,-0.080093,0.03,0.335591,-0.004905,0.8974
genia,simetrica,drop_from_denominator,L3,H7,0.454674,-0.039446,0.04,0.339145,-0.001351,0.4951
genia,simetrica,drop_from_denominator,L3,H8,0.475364,-0.018756,0.0,0.340496,0.0,0.5451
genia,simetrica,drop_from_denominator,L3,H9,0.432211,-0.061909,0.14,0.337023,-0.003473,0.7106
genia,simetrica,drop_from_denominator,L3,H10,0.426465,-0.067655,0.1,0.330995,-0.009501,0.7419
genia,simetrica,drop_from_denominator,L3,H11,0.432016,-0.062104,0.1,0.332709,-0.007787,0.5962
genia,simetrica,drop_from_denominator,L4,todas,0.427374,-0.066746,0.0,0.340496,0.0,0.8684
genia,simetrica,drop_from_denominator,L4,H0,0.435763,-0.058357,0.0,0.340496,0.0,0.7899
genia,simetrica,drop_from_denominator,L4,H1,0.450737,-0.043383,0.02,0.338557,-0.001939,0.7102
genia,simetrica,drop_from_denominator,L4,H2,0.472237,-0.021883,0.0,0.340496,0.0,0.5013
genia,simetrica,drop_from_denominator,L4,H3,0.406426,-0.087694,0.03,0.334752,-0.005745,0.8884
genia,simetrica,drop_from_denominator,L4,H4,0.461544,-0.032576,0.0,0.340496,0.0,0.6961
genia,simetrica,drop_from_denominator,L4,H5,0.435674,-0.058446,0.03,0.336993,-0.003503,0.7717
genia,simetrica,drop_from_denominator,L4,H6,0.426861,-0.067259,0.0,0.340496,0.0,0.541
genia,simetrica,drop_from_denominator,L4,H7,0.432676,-0.061445,0.02,0.337344,-0.003153,0.6975
genia,simetrica,drop_from_denominator,L4,H8,0.471191,-0.022929,0.0,0.340496,0.0,0.5354
genia,simetrica,drop_from_denominator,L4,H9,0.425456,-0.068664,0.0,0.340496,0.0,0.7023
genia,simetrica,drop_from_denominator,L4,H10,0.433066,-0.061054,0.02,0.338581,-0.001915,0.7971
genia,simetrica,drop_from_denominator,L4,H11,0.446897,-0.047223,0.0,0.340496,0.0,0.716
genia,simetrica,drop_from_denominator,L5,todas,0.417523,-0.076597,0.03,0.335704,-0.004792,0.8383
genia,simetrica,drop_from_denominator,L5,H0,0.428109,-0.066012,0.01,0.339022,-0.001474,0.6361
genia,simetrica,drop_from_denominator,L5,H1,0.472899,-0.021221,0.02,0.339137,-0.001359,0.3592
genia,simetrica,drop_from_denominator,L5,H2,0.433197,-0.060923,0.01,0.339631,-0.000866,0.7516
genia,simetrica,drop_from_denominator,L5,H3,0.436705,-0.057415,0.0,0.340496,0.0,0.6482
genia,simetrica,drop_from_denominator,L5,H4,0.441363,-0.052757,0.02,0.337102,-0.003394,0.615
genia,simetrica,drop_from_denominator,L5,H5,0.437849,-0.056271,0.0,0.340496,0.0,0.6438
genia,simetrica,drop_from_denominator,L5,H6,0.438046,-0.056074,0.0,0.340496,0.0,0.7964
genia,simetrica,drop_from_denominator,L5,H7,0.417075,-0.077045,0.21,0.329631,-0.010865,0.7159
genia,simetrica,drop_from_denominator,L5,H8,0.429026,-0.065094,0.01,0.339426,-0.001071,0.6833
genia,simetrica,drop_from_denominator,L5,H9,0.414082,-0.080038,0.04,0.334368,-0.006128,0.8292
genia,simetrica,drop_from_denominator,L5,H10,0.41759,-0.07653,0.14,0.330552,-0.009944,0.7414
genia,simetrica,drop_from_denominator,L5,H11,0.399266,-0.094854,0.11,0.328528,-0.011969,0.7223
genia,simetrica,drop_from_denominator,L6,todas,0.422053,-0.072067,0.04,0.334546,-0.00595,0.75
genia,simetrica,drop_from_denominator,L6,H0,0.423315,-0.070805,0.04,0.335099,-0.005397,0.8105
genia,simetrica,drop_from_denominator,L6,H1,0.473695,-0.020425,0.01,0.339349,-0.001147,0.3448
genia,simetrica,drop_from_denominator,L6,H2,0.430628,-0.063492,0.02,0.337527,-0.002969,0.774
genia,simetrica,drop_from_denominator,L6,H3,0.41081,-0.08331,0.15,0.325461,-0.015035,0.7184
genia,simetrica,drop_from_denominator,L6,H4,0.428203,-0.065918,0.02,0.337212,-0.003284,0.6493
genia,simetrica,drop_from_denominator,L6,H5,0.418598,-0.075522,0.06,0.336283,-0.004214,0.6888
genia,simetrica,drop_from_denominator,L6,H6,0.459991,-0.034129,0.02,0.338818,-0.001678,0.5216
genia,simetrica,drop_from_denominator,L6,H7,0.442766,-0.051354,0.0,0.340496,0.0,0.5211
genia,simetrica,drop_from_denominator,L6,H8,0.436606,-0.057514,0.12,0.336279,-0.004218,0.4432
genia,simetrica,drop_from_denominator,L6,H9,0.518908,0.024788,0.04,0.340458,-3.8e-05,-0.0643
genia,simetrica,drop_from_denominator,L6,H10,0.4326,-0.06152,0.06,0.334696,-0.005801,0.6079
genia,simetrica,drop_from_denominator,L6,H11,0.437966,-0.056154,0.0,0.340496,0.0,0.6721
genia,simetrica,drop_from_denominator,L7,todas,0.413898,-0.080222,0.05,0.332226,-0.00827,0.8201
genia,simetrica,drop_from_denominator,L7,H0,0.440016,-0.054105,0.0,0.340496,0.0,0.508
genia,simetrica,drop_from_denominator,L7,H1,0.423284,-0.070836,0.06,0.333097,-0.007399,0.6968
genia,simetrica,drop_from_denominator,L7,H2,0.419721,-0.074399,0.08,0.330882,-0.009614,0.7929
genia,simetrica,drop_from_denominator,L7,H3,0.401048,-0.093072,0.13,0.323599,-0.016897,0.7887
genia,simetrica,drop_from_denominator,L7,H4,0.440954,-0.053166,0.0,0.340496,0.0,0.6133
genia,simetrica,drop_from_denominator,L7,H5,0.435413,-0.058707,0.02,0.338565,-0.001931,0.551
genia,simetrica,drop_from_denominator,L7,H6,0.423313,-0.070807,0.09,0.331471,-0.009025,0.6383
genia,simetrica,drop_from_denominator,L7,H7,0.455638,-0.038482,0.02,0.337967,-0.002529,0.634
genia,simetrica,drop_from_denominator,L7,H8,0.42848,-0.06564,0.1,0.33092,-0.009577,0.6782
genia,simetrica,drop_from_denominator,L7,H9,0.404665,-0.089455,0.11,0.332557,-0.00794,0.5811
genia,simetrica,drop_from_denominator,L7,H10,0.416824,-0.077296,0.06,0.332008,-0.008489,0.7663
genia,simetrica,drop_from_denominator,L7,H11,0.444775,-0.049345,0.01,0.338885,-0.001611,0.6255
genia,simetrica,drop_from_denominator,L8,todas,0.419727,-0.074393,0.04,0.335007,-0.005489,0.7766
genia,simetrica,drop_from_denominator,L8,H0,0.456965,-0.037155,0.03,0.338432,-0.002064,0.3596
genia,simetrica,drop_from_denominator,L8,H1,0.460695,-0.033425,0.02,0.339788,-0.000708,0.5279
genia,simetrica,drop_from_denominator,L8,H2,0.430383,-0.063737,0.05,0.334968,-0.005528,0.6031
genia,simetrica,drop_from_denominator,L8,H3,0.419414,-0.074706,0.06,0.3331,-0.007397,0.6971
genia,simetrica,drop_from_denominator,L8,H4,0.448116,-0.046004,0.0,0.340496,0.0,0.5333
genia,simetrica,drop_from_denominator,L8,H5,0.460951,-0.033169,0.0,0.340496,0.0,0.5318
genia,simetrica,drop_from_denominator,L8,H6,0.40539,-0.08873,0.04,0.333968,-0.006528,0.7623
genia,simetrica,drop_from_denominator,L8,H7,0.429633,-0.064487,0.07,0.334143,-0.006353,0.647
genia,simetrica,drop_from_denominator,L8,H8,0.414574,-0.079546,0.08,0.331636,-0.00886,0.6581
genia,simetrica,drop_from_denominator,L8,H9,0.433545,-0.060575,0.0,0.340496,0.0,0.8632
genia,simetrica,drop_from_denominator,L8,H10,0.426867,-0.067253,0.03,0.337172,-0.003324,0.6319
genia,simetrica,drop_from_denominator,L8,H11,0.458126,-0.035994,0.04,0.337754,-0.002742,0.482
genia,simetrica,drop_from_denominator,L9,todas,0.410012,-0.084108,0.09,0.33094,-0.009556,0.8166
genia,simetrica,drop_from_denominator,L9,H0,0.4371,-0.05702,0.0,0.340496,0.0,0.6287
genia,simetrica,drop_from_denominator,L9,H1,0.42124,-0.07288,0.07,0.333072,-0.007424,0.6981
genia,simetrica,drop_from_denominator,L9,H2,0.43854,-0.05558,0.0,0.340496,0.0,0.654
genia,simetrica,drop_from_denominator,L9,H3,0.390828,-0.103292,0.29,0.32333,-0.017166,0.7152
genia,simetrica,drop_from_denominator,L9,H4,0.462522,-0.031598,0.01,0.339469,-0.001027,0.499
genia,simetrica,drop_from_denominator,L9,H5,0.423819,-0.070301,0.03,0.335985,-0.004512,0.8686
genia,simetrica,drop_from_denominator,L9,H6,0.421191,-0.072929,0.02,0.338062,-0.002435,0.7445
genia,simetrica,drop_from_denominator,L9,H7,0.416498,-0.077622,0.1,0.332514,-0.007983,0.6969
genia,simetrica,drop_from_denominator,L9,H8,0.423225,-0.070895,0.0,0.340496,0.0,0.5023
genia,simetrica,drop_from_denominator,L9,H9,0.418449,-0.075671,0.03,0.336722,-0.003774,0.8071
genia,simetrica,drop_from_denominator,L9,H10,0.43945,-0.05467,0.02,0.338465,-0.002031,0.6575
genia,simetrica,drop_from_denominator,L9,H11,0.42847,-0.06565,0.06,0.337086,-0.00341,0.5778
genia,simetrica,drop_from_denominator,L10,todas,0.406831,-0.087289,0.11,0.3294,-0.011096,0.7904
genia,simetrica,drop_from_denominator,L10,H0,0.407661,-0.086459,0.19,0.325253,-0.015243,0.7764
genia,simetrica,drop_from_denominator,L10,H1,0.401034,-0.093086,0.04,0.332745,-0.007751,0.7605
genia,simetrica,drop_from_denominator,L10,H2,0.443039,-0.051081,0.0,0.340496,0.0,0.5814
genia,simetrica,drop_from_denominator,L10,H3,0.453079,-0.041041,0.05,0.339523,-0.000974,0.5966
genia,simetrica,drop_from_denominator,L10,H4,0.41659,-0.07753,0.1,0.331626,-0.008871,0.7236
genia,simetrica,drop_from_denominator,L10,H5,0.401955,-0.092165,0.15,0.327562,-0.012934,0.6923
genia,simetrica,drop_from_denominator,L10,H6,0.411722,-0.082398,0.07,0.334327,-0.006169,0.705
genia,simetrica,drop_from_denominator,L10,H7,0.456118,-0.038002,0.03,0.338634,-0.001862,0.3632
genia,simetrica,drop_from_denominator,L10,H8,0.426776,-0.067344,0.03,0.33762,-0.002877,0.6857
genia,simetrica,drop_from_denominator,L10,H9,0.411156,-0.082964,0.04,0.336396,-0.0041,0.725
genia,simetrica,drop_from_denominator,L10,H10,0.417331,-0.076789,0.08,0.332244,-0.008253,0.6942
genia,simetrica,drop_from_denominator,L10,H11,0.430449,-0.063671,0.0,0.340496,0.0,0.6434
genia,simetrica,drop_from_denominator,L11,todas,0.418133,-0.075987,0.07,0.331704,-0.008792,0.8406
genia,simetrica,drop_from_denominator,L11,H0,0.419992,-0.074128,0.21,0.325866,-0.01463,0.6788
genia,simetrica,drop_from_denominator,L11,H1,0.415192,-0.078928,0.02,0.337942,-0.002554,0.7987
genia,simetrica,drop_from_denominator,L11,H2,0.431689,-0.062431,0.02,0.338402,-0.002094,0.7587
genia,simetrica,drop_from_denominator,L11,H3,0.430467,-0.063653,0.02,0.337861,-0.002635,0.7481
genia,simetrica,drop_from_denominator,L11,H4,0.431732,-0.062388,0.09,0.332329,-0.008167,0.6853
genia,simetrica,drop_from_denominator,L11,H5,0.439298,-0.054822,0.0,0.340496,0.0,0.6871
genia,simetrica,drop_from_denominator,L11,H6,0.436295,-0.057825,0.02,0.337599,-0.002897,0.8484
genia,simetrica,drop_from_denominator,L11,H7,0.422565,-0.071555,0.03,0.336868,-0.003628,0.7163
genia,simetrica,drop_from_denominator,L11,H8,0.422459,-0.071662,0.03,0.336491,-0.004005,0.8008
genia,simetrica,drop_from_denominator,L11,H9,0.413833,-0.080287,0.02,0.337632,-0.002864,0.8095
genia,simetrica,drop_from_denominator,L11,H10,0.414715,-0.079405,0.08,0.330003,-0.010494,0.8545
genia,simetrica,drop_from_denominator,L11,H11,0.437478,-0.056642,0.03,0.336906,-0.00359,0.7134
genia,simetrica,drop_from_denominator,0-3,todas,0.427467,-0.066653,0.02,0.338681,-0.001816,0.8574
genia,simetrica,drop_from_denominator,0-3,H0,0.426622,-0.067498,0.02,0.33901,-0.001486,0.7716
genia,simetrica,drop_from_denominator,0-3,H1,0.43209,-0.06203,0.04,0.336869,-0.003628,0.7272
genia,simetrica,drop_from_denominator,0-3,H2,0.434915,-0.059205,0.0,0.340496,0.0,0.8166
genia,simetrica,drop_from_denominator,0-3,H3,0.416783,-0.077337,0.03,0.336085,-0.004411,0.8877
genia,simetrica,drop_from_denominator,0-3,H4,0.443182,-0.050938,0.0,0.340496,0.0,0.7677
genia,simetrica,drop_from_denominator,0-3,H5,0.430874,-0.063246,0.02,0.337323,-0.003173,0.8685
genia,simetrica,drop_from_denominator,0-3,H6,0.439309,-0.054811,0.0,0.340496,0.0,0.8189
genia,simetrica,drop_from_denominator,0-3,H7,0.438883,-0.055237,0.02,0.339036,-0.00146,0.768
genia,simetrica,drop_from_denominator,0-3,H8,0.445784,-0.048336,0.01,0.339642,-0.000855,0.7693
genia,simetrica,drop_from_denominator,0-3,H9,0.424969,-0.069151,0.0,0.340496,0.0,0.8123
genia,simetrica,drop_from_denominator,0-3,H10,0.428784,-0.065336,0.0,0.340496,0.0,0.7763
genia,simetrica,drop_from_denominator,0-3,H11,0.424448,-0.069672,0.11,0.329986,-0.010511,0.8264
genia,simetrica,drop_from_denominator,4-7,todas,0.417455,-0.076665,0.03,0.335566,-0.004931,0.8454
genia,simetrica,drop_from_denominator,4-7,H0,0.42244,-0.07168,0.01,0.339096,-0.0014,0.8126
genia,simetrica,drop_from_denominator,4-7,H1,0.449298,-0.044822,0.03,0.337551,-0.002945,0.5933
genia,simetrica,drop_from_denominator,4-7,H2,0.42624,-0.06788,0.03,0.336212,-0.004284,0.8352
genia,simetrica,drop_from_denominator,4-7,H3,0.403024,-0.091096,0.08,0.327927,-0.012569,0.8211
genia,simetrica,drop_from_denominator,4-7,H4,0.431604,-0.062516,0.02,0.337036,-0.003461,0.7747
genia,simetrica,drop_from_denominator,4-7,H5,0.424344,-0.069776,0.01,0.339449,-0.001047,0.7843
genia,simetrica,drop_from_denominator,4-7,H6,0.430658,-0.063462,0.0,0.340496,0.0,0.8228
genia,simetrica,drop_from_denominator,4-7,H7,0.420848,-0.073272,0.04,0.334658,-0.005838,0.7694
genia,simetrica,drop_from_denominator,4-7,H8,0.430859,-0.063261,0.02,0.337946,-0.00255,0.6962
genia,simetrica,drop_from_denominator,4-7,H9,0.439027,-0.055093,0.05,0.335564,-0.004932,0.5732
genia,simetrica,drop_from_denominator,4-7,H10,0.411559,-0.082561,0.12,0.327905,-0.012591,0.8503
genia,simetrica,drop_from_denominator,4-7,H11,0.427152,-0.066968,0.02,0.337211,-0.003285,0.7765
genia,simetrica,drop_from_denominator,8-11,todas,0.411595,-0.082525,0.08,0.331052,-0.009444,0.8324
genia,simetrica,drop_from_denominator,8-11,H0,0.414098,-0.080022,0.15,0.327554,-0.012942,0.748
genia,simetrica,drop_from_denominator,8-11,H1,0.416362,-0.077758,0.05,0.33411,-0.006387,0.8449
genia,simetrica,drop_from_denominator,8-11,H2,0.426219,-0.067901,0.03,0.336534,-0.003962,0.7626
genia,simetrica,drop_from_denominator,8-11,H3,0.406769,-0.087351,0.12,0.328272,-0.012224,0.7871
genia,simetrica,drop_from_denominator,8-11,H4,0.426988,-0.067132,0.07,0.333193,-0.007303,0.7445
genia,simetrica,drop_from_denominator,8-11,H5,0.415126,-0.078994,0.11,0.330133,-0.010363,0.7856
genia,simetrica,drop_from_denominator,8-11,H6,0.402907,-0.091213,0.06,0.332178,-0.008319,0.8427
genia,simetrica,drop_from_denominator,8-11,H7,0.432896,-0.061224,0.03,0.337159,-0.003337,0.6165
genia,simetrica,drop_from_denominator,8-11,H8,0.409014,-0.085106,0.04,0.33522,-0.005277,0.7555
genia,simetrica,drop_from_denominator,8-11,H9,0.412001,-0.082119,0.03,0.336576,-0.003921,0.85
genia,simetrica,drop_from_denominator,8-11,H10,0.414459,-0.079661,0.09,0.330149,-0.010347,0.8494
genia,simetrica,drop_from_denominator,8-11,H11,0.429157,-0.064963,0.04,0.335926,-0.00457,0.7698
genia,simetrica,drop_from_queries_and_denominator,todas,todas,0.416307,-0.077813,0.03,0.335915,-0.004581,0.8687
genia,simetrica,drop_from_queries_and_denominator,todas,H0,0.41642,-0.0777,0.07,0.332384,-0.008112,0.813
genia,simetrica,drop_from_queries_and_denominator,todas,H1,0.425154,-0.068967,0.04,0.335713,-0.004783,0.7987
genia,simetrica,drop_from_queries_and_denominator,todas,H2,0.426284,-0.067836,0.01,0.339068,-0.001428,0.8703
genia,simetrica,drop_from_queries_and_denominator,todas,H3,0.404732,-0.089388,0.13,0.325864,-0.014632,0.8466
genia,simetrica,drop_from_queries_and_denominator,todas,H4,0.428837,-0.065283,0.01,0.338971,-0.001526,0.8536
genia,simetrica,drop_from_queries_and_denominator,todas,H5,0.417318,-0.076802,0.03,0.335923,-0.004573,0.8664
genia,simetrica,drop_from_queries_and_denominator,todas,H6,0.416996,-0.077124,0.01,0.339019,-0.001478,0.8878
genia,simetrica,drop_from_queries_and_denominator,todas,H7,0.423687,-0.070433,0.04,0.335351,-0.005145,0.7882
genia,simetrica,drop_from_queries_and_denominator,todas,H8,0.42079,-0.07333,0.04,0.335429,-0.005067,0.8077
genia,simetrica,drop_from_queries_and_denominator,todas,H9,0.41333,-0.08079,0.02,0.33751,-0.002986,0.8524
genia,simetrica,drop_from_queries_and_denominator,todas,H10,0.412615,-0.081505,0.03,0.336267,-0.004229,0.8816
genia,simetrica,drop_from_queries_and_denominator,todas,H11,0.423062,-0.071058,0.03,0.33583,-0.004667,0.8337
genia,simetrica,drop_from_queries_and_denominator,L0,todas,0.43102,-0.0631,0.02,0.338128,-0.002368,0.8295
genia,simetrica,drop_from_queries_and_denominator,L0,H0,0.435883,-0.058237,0.08,0.333601,-0.006895,0.5758
genia,simetrica,drop_from_queries_and_denominator,L0,H1,0.454579,-0.039541,0.01,0.340911,0.000415,0.5905
genia,simetrica,drop_from_queries_and_denominator,L0,H2,0.426981,-0.067139,0.01,0.339225,-0.001272,0.8314
genia,simetrica,drop_from_queries_and_denominator,L0,H3,0.428836,-0.065284,0.11,0.331611,-0.008885,0.7749
genia,simetrica,drop_from_queries_and_denominator,L0,H4,0.428707,-0.065413,0.0,0.340496,0.0,0.7307
genia,simetrica,drop_from_queries_and_denominator,L0,H5,0.452489,-0.041631,0.05,0.337354,-0.003142,0.5183
genia,simetrica,drop_from_queries_and_denominator,L0,H6,0.455199,-0.038921,0.0,0.340496,0.0,0.461
genia,simetrica,drop_from_queries_and_denominator,L0,H7,0.436351,-0.057769,0.06,0.336219,-0.004277,0.565
genia,simetrica,drop_from_queries_and_denominator,L0,H8,0.448632,-0.045488,0.13,0.333562,-0.006934,0.6418
genia,simetrica,drop_from_queries_and_denominator,L0,H9,0.439106,-0.055014,0.0,0.340496,0.0,0.6823
genia,simetrica,drop_from_queries_and_denominator,L0,H10,0.43108,-0.06304,0.0,0.340496,0.0,0.7582
genia,simetrica,drop_from_queries_and_denominator,L0,H11,0.443209,-0.050911,0.07,0.333996,-0.0065,0.7367
genia,simetrica,drop_from_queries_and_denominator,L1,todas,0.426009,-0.068111,0.03,0.336292,-0.004204,0.8456
genia,simetrica,drop_from_queries_and_denominator,L1,H0,0.417179,-0.076941,0.11,0.327984,-0.012512,0.6591
genia,simetrica,drop_from_queries_and_denominator,L1,H1,0.425323,-0.068797,0.11,0.331244,-0.009252,0.6047
genia,simetrica,drop_from_queries_and_denominator,L1,H2,0.448692,-0.045428,0.02,0.339293,-0.001204,0.6875
genia,simetrica,drop_from_queries_and_denominator,L1,H3,0.427439,-0.066681,0.0,0.340496,0.0,0.6387
genia,simetrica,drop_from_queries_and_denominator,L1,H4,0.468075,-0.026045,0.03,0.339591,-0.000906,0.5163
genia,simetrica,drop_from_queries_and_denominator,L1,H5,0.436329,-0.057791,0.0,0.340496,0.0,0.7603
genia,simetrica,drop_from_queries_and_denominator,L1,H6,0.432621,-0.061499,0.07,0.335287,-0.005209,0.6907
genia,simetrica,drop_from_queries_and_denominator,L1,H7,0.453001,-0.041119,0.0,0.340496,0.0,0.7023
genia,simetrica,drop_from_queries_and_denominator,L1,H8,0.43764,-0.05648,0.03,0.336663,-0.003833,0.8111
genia,simetrica,drop_from_queries_and_denominator,L1,H9,0.436031,-0.058089,0.0,0.340496,0.0,0.7471
genia,simetrica,drop_from_queries_and_denominator,L1,H10,0.439144,-0.054976,0.07,0.335797,-0.004699,0.6273
genia,simetrica,drop_from_queries_and_denominator,L1,H11,0.421715,-0.072405,0.13,0.330641,-0.009855,0.7774
genia,simetrica,drop_from_queries_and_denominator,L2,todas,0.436296,-0.057824,0.0,0.340496,0.0,0.8188
genia,simetrica,drop_from_queries_and_denominator,L2,H0,0.45079,-0.04333,0.0,0.340496,0.0,0.5867
genia,simetrica,drop_from_queries_and_denominator,L2,H1,0.457318,-0.036802,0.0,0.340496,0.0,0.6223
genia,simetrica,drop_from_queries_and_denominator,L2,H2,0.467035,-0.027085,0.0,0.340496,0.0,0.5834
genia,simetrica,drop_from_queries_and_denominator,L2,H3,0.430635,-0.063485,0.0,0.340496,0.0,0.8076
genia,simetrica,drop_from_queries_and_denominator,L2,H4,0.451757,-0.042363,0.0,0.340496,0.0,0.6242
genia,simetrica,drop_from_queries_and_denominator,L2,H5,0.410566,-0.083554,0.15,0.325487,-0.015009,0.8287
genia,simetrica,drop_from_queries_and_denominator,L2,H6,0.441501,-0.052619,0.01,0.339051,-0.001446,0.7448
genia,simetrica,drop_from_queries_and_denominator,L2,H7,0.448282,-0.045838,0.07,0.337683,-0.002813,0.6411
genia,simetrica,drop_from_queries_and_denominator,L2,H8,0.437348,-0.056772,0.08,0.334912,-0.005584,0.7038
genia,simetrica,drop_from_queries_and_denominator,L2,H9,0.427072,-0.067048,0.02,0.337834,-0.002662,0.7641
genia,simetrica,drop_from_queries_and_denominator,L2,H10,0.45195,-0.04217,0.0,0.340496,0.0,0.5386
genia,simetrica,drop_from_queries_and_denominator,L2,H11,0.436178,-0.057942,0.03,0.337191,-0.003305,0.6645
genia,simetrica,drop_from_queries_and_denominator,L3,todas,0.421439,-0.072681,0.04,0.33544,-0.005056,0.865
genia,simetrica,drop_from_queries_and_denominator,L3,H0,0.447312,-0.046808,0.0,0.340496,0.0,0.7367
genia,simetrica,drop_from_queries_and_denominator,L3,H1,0.442126,-0.051994,0.05,0.336989,-0.003507,0.5684
genia,simetrica,drop_from_queries_and_denominator,L3,H2,0.417119,-0.077001,0.15,0.326905,-0.013592,0.761
genia,simetrica,drop_from_queries_and_denominator,L3,H3,0.410688,-0.083433,0.18,0.328502,-0.011994,0.7736
genia,simetrica,drop_from_queries_and_denominator,L3,H4,0.443429,-0.050691,0.0,0.340496,0.0,0.6944
genia,simetrica,drop_from_queries_and_denominator,L3,H5,0.43854,-0.05558,0.0,0.340496,0.0,0.8064
genia,simetrica,drop_from_queries_and_denominator,L3,H6,0.414028,-0.080092,0.03,0.335591,-0.004905,0.8974
genia,simetrica,drop_from_queries_and_denominator,L3,H7,0.45475,-0.03937,0.04,0.33912,-0.001377,0.4954
genia,simetrica,drop_from_queries_and_denominator,L3,H8,0.475263,-0.018857,0.0,0.340496,0.0,0.5454
genia,simetrica,drop_from_queries_and_denominator,L3,H9,0.432213,-0.061907,0.14,0.33703,-0.003466,0.7106
genia,simetrica,drop_from_queries_and_denominator,L3,H10,0.426446,-0.067674,0.1,0.330988,-0.009508,0.7413
genia,simetrica,drop_from_queries_and_denominator,L3,H11,0.431997,-0.062123,0.09,0.332988,-0.007509,0.5958
genia,simetrica,drop_from_queries_and_denominator,L4,todas,0.427301,-0.066819,0.0,0.340496,0.0,0.8683
genia,simetrica,drop_from_queries_and_denominator,L4,H0,0.435712,-0.058408,0.0,0.340496,0.0,0.7899
genia,simetrica,drop_from_queries_and_denominator,L4,H1,0.450812,-0.043308,0.02,0.338564,-0.001933,0.7086
genia,simetrica,drop_from_queries_and_denominator,L4,H2,0.472248,-0.021872,0.0,0.340496,0.0,0.5013
genia,simetrica,drop_from_queries_and_denominator,L4,H3,0.406423,-0.087697,0.03,0.334752,-0.005745,0.8884
genia,simetrica,drop_from_queries_and_denominator,L4,H4,0.461537,-0.032583,0.0,0.340496,0.0,0.696
genia,simetrica,drop_from_queries_and_denominator,L4,H5,0.435679,-0.058441,0.03,0.336992,-0.003504,0.7717
genia,simetrica,drop_from_queries_and_denominator,L4,H6,0.426957,-0.067163,0.0,0.340496,0.0,0.5409
genia,simetrica,drop_from_queries_and_denominator,L4,H7,0.432638,-0.061482,0.02,0.33735,-0.003147,0.6973
genia,simetrica,drop_from_queries_and_denominator,L4,H8,0.471192,-0.022928,0.0,0.340496,0.0,0.5354
genia,simetrica,drop_from_queries_and_denominator,L4,H9,0.425395,-0.068725,0.0,0.340496,0.0,0.7023
genia,simetrica,drop_from_queries_and_denominator,L4,H10,0.433061,-0.061059,0.02,0.338579,-0.001917,0.7971
genia,simetrica,drop_from_queries_and_denominator,L4,H11,0.446886,-0.047235,0.0,0.340496,0.0,0.716
genia,simetrica,drop_from_queries_and_denominator,L5,todas,0.417553,-0.076567,0.03,0.335681,-0.004815,0.8378
genia,simetrica,drop_from_queries_and_denominator,L5,H0,0.4281,-0.06602,0.01,0.339023,-0.001474,0.6361
genia,simetrica,drop_from_queries_and_denominator,L5,H1,0.472783,-0.021337,0.02,0.339122,-0.001374,0.3597
genia,simetrica,drop_from_queries_and_denominator,L5,H2,0.433195,-0.060925,0.01,0.339631,-0.000865,0.7516
genia,simetrica,drop_from_queries_and_denominator,L5,H3,0.436694,-0.057426,0.0,0.340496,0.0,0.6482
genia,simetrica,drop_from_queries_and_denominator,L5,H4,0.441357,-0.052763,0.02,0.337101,-0.003396,0.6112
genia,simetrica,drop_from_queries_and_denominator,L5,H5,0.437871,-0.056249,0.0,0.340496,0.0,0.6438
genia,simetrica,drop_from_queries_and_denominator,L5,H6,0.438042,-0.056078,0.0,0.340496,0.0,0.7964
genia,simetrica,drop_from_queries_and_denominator,L5,H7,0.417122,-0.076998,0.21,0.329653,-0.010843,0.7156
genia,simetrica,drop_from_queries_and_denominator,L5,H8,0.428982,-0.065138,0.01,0.339425,-0.001072,0.6832
genia,simetrica,drop_from_queries_and_denominator,L5,H9,0.414082,-0.080038,0.04,0.334364,-0.006132,0.8292
genia,simetrica,drop_from_queries_and_denominator,L5,H10,0.417581,-0.076539,0.14,0.330548,-0.009949,0.7414
genia,simetrica,drop_from_queries_and_denominator,L5,H11,0.39929,-0.09483,0.11,0.328531,-0.011965,0.722
genia,simetrica,drop_from_queries_and_denominator,L6,todas,0.422017,-0.072103,0.04,0.334547,-0.005949,0.7498
genia,simetrica,drop_from_queries_and_denominator,L6,H0,0.423319,-0.070801,0.04,0.335098,-0.005398,0.8105
genia,simetrica,drop_from_queries_and_denominator,L6,H1,0.47358,-0.02054,0.01,0.339344,-0.001152,0.345
genia,simetrica,drop_from_queries_and_denominator,L6,H2,0.43063,-0.06349,0.02,0.337533,-0.002963,0.774
genia,simetrica,drop_from_queries_and_denominator,L6,H3,0.410749,-0.083371,0.11,0.327296,-0.0132,0.7189
genia,simetrica,drop_from_queries_and_denominator,L6,H4,0.428213,-0.065907,0.02,0.337219,-0.003277,0.649
genia,simetrica,drop_from_queries_and_denominator,L6,H5,0.418616,-0.075504,0.06,0.336282,-0.004214,0.6887
genia,simetrica,drop_from_queries_and_denominator,L6,H6,0.45999,-0.03413,0.02,0.338818,-0.001678,0.5215
genia,simetrica,drop_from_queries_and_denominator,L6,H7,0.442743,-0.051377,0.0,0.340496,0.0,0.521
genia,simetrica,drop_from_queries_and_denominator,L6,H8,0.436608,-0.057512,0.12,0.336281,-0.004215,0.4432
genia,simetrica,drop_from_queries_and_denominator,L6,H9,0.518675,0.024555,0.04,0.340444,-5.3e-05,-0.063
genia,simetrica,drop_from_queries_and_denominator,L6,H10,0.432577,-0.061543,0.06,0.334695,-0.005801,0.6078
genia,simetrica,drop_from_queries_and_denominator,L6,H11,0.438103,-0.056017,0.0,0.340496,0.0,0.6709
genia,simetrica,drop_from_queries_and_denominator,L7,todas,0.413816,-0.080304,0.05,0.332225,-0.008271,0.8193
genia,simetrica,drop_from_queries_and_denominator,L7,H0,0.439871,-0.054249,0.0,0.340496,0.0,0.5082
genia,simetrica,drop_from_queries_and_denominator,L7,H1,0.4233,-0.07082,0.06,0.333094,-0.007402,0.6967
genia,simetrica,drop_from_queries_and_denominator,L7,H2,0.419734,-0.074386,0.08,0.330879,-0.009618,0.7928
genia,simetrica,drop_from_queries_and_denominator,L7,H3,0.400998,-0.093122,0.13,0.323582,-0.016914,0.7887
genia,simetrica,drop_from_queries_and_denominator,L7,H4,0.440965,-0.053155,0.0,0.340496,0.0,0.6123
genia,simetrica,drop_from_queries_and_denominator,L7,H5,0.435505,-0.058615,0.02,0.338574,-0.001923,0.5502
genia,simetrica,drop_from_queries_and_denominator,L7,H6,0.423316,-0.070804,0.1,0.331185,-0.009311,0.6381
genia,simetrica,drop_from_queries_and_denominator,L7,H7,0.455643,-0.038477,0.02,0.337967,-0.002529,0.6339
genia,simetrica,drop_from_queries_and_denominator,L7,H8,0.428513,-0.065607,0.1,0.330938,-0.009558,0.6766
genia,simetrica,drop_from_queries_and_denominator,L7,H9,0.404662,-0.089458,0.11,0.332559,-0.007938,0.5811
genia,simetrica,drop_from_queries_and_denominator,L7,H10,0.41682,-0.0773,0.06,0.332009,-0.008487,0.7663
genia,simetrica,drop_from_queries_and_denominator,L7,H11,0.444771,-0.049349,0.01,0.338888,-0.001609,0.6252
genia,simetrica,drop_from_queries_and_denominator,L8,todas,0.419716,-0.074404,0.04,0.335012,-0.005484,0.7761
genia,simetrica,drop_from_queries_and_denominator,L8,H0,0.456939,-0.037181,0.03,0.338439,-0.002058,0.3592
genia,simetrica,drop_from_queries_and_denominator,L8,H1,0.460551,-0.033569,0.02,0.339787,-0.00071,0.528
genia,simetrica,drop_from_queries_and_denominator,L8,H2,0.430368,-0.063752,0.05,0.334982,-0.005514,0.603
genia,simetrica,drop_from_queries_and_denominator,L8,H3,0.419462,-0.074658,0.06,0.333142,-0.007355,0.697
genia,simetrica,drop_from_queries_and_denominator,L8,H4,0.448574,-0.045546,0.0,0.340496,0.0,0.5268
genia,simetrica,drop_from_queries_and_denominator,L8,H5,0.461143,-0.032978,0.0,0.340496,0.0,0.5301
genia,simetrica,drop_from_queries_and_denominator,L8,H6,0.405311,-0.088809,0.04,0.333987,-0.006509,0.7622
genia,simetrica,drop_from_queries_and_denominator,L8,H7,0.429496,-0.064624,0.07,0.334136,-0.00636,0.6453
genia,simetrica,drop_from_queries_and_denominator,L8,H8,0.414648,-0.079472,0.07,0.332218,-0.008278,0.6581
genia,simetrica,drop_from_queries_and_denominator,L8,H9,0.433548,-0.060572,0.0,0.340496,0.0,0.8633
genia,simetrica,drop_from_queries_and_denominator,L8,H10,0.426944,-0.067176,0.02,0.337911,-0.002585,0.6313
genia,simetrica,drop_from_queries_and_denominator,L8,H11,0.458143,-0.035977,0.04,0.337754,-0.002742,0.4818
genia,simetrica,drop_from_queries_and_denominator,L9,todas,0.41002,-0.0841,0.09,0.330949,-0.009548,0.8164
genia,simetrica,drop_from_queries_and_denominator,L9,H0,0.437119,-0.057001,0.0,0.340496,0.0,0.6286
genia,simetrica,drop_from_queries_and_denominator,L9,H1,0.421274,-0.072846,0.07,0.333089,-0.007408,0.6979
genia,simetrica,drop_from_queries_and_denominator,L9,H2,0.43854,-0.05558,0.0,0.340496,0.0,0.6539
genia,simetrica,drop_from_queries_and_denominator,L9,H3,0.391027,-0.103093,0.29,0.323359,-0.017137,0.7155
genia,simetrica,drop_from_queries_and_denominator,L9,H4,0.462525,-0.031595,0.01,0.339471,-0.001025,0.499
genia,simetrica,drop_from_queries_and_denominator,L9,H5,0.423821,-0.070299,0.03,0.335985,-0.004511,0.8686
genia,simetrica,drop_from_queries_and_denominator,L9,H6,0.421169,-0.072951,0.02,0.33806,-0.002437,0.7445
genia,simetrica,drop_from_queries_and_denominator,L9,H7,0.416487,-0.077633,0.1,0.332514,-0.007982,0.6968
genia,simetrica,drop_from_queries_and_denominator,L9,H8,0.423213,-0.070907,0.0,0.340496,0.0,0.5024
genia,simetrica,drop_from_queries_and_denominator,L9,H9,0.418503,-0.075617,0.03,0.336714,-0.003783,0.8072
genia,simetrica,drop_from_queries_and_denominator,L9,H10,0.439478,-0.054642,0.02,0.338464,-0.002032,0.6574
genia,simetrica,drop_from_queries_and_denominator,L9,H11,0.428488,-0.065632,0.06,0.337084,-0.003412,0.5776
genia,simetrica,drop_from_queries_and_denominator,L10,todas,0.406867,-0.087253,0.11,0.32946,-0.011036,0.7891
genia,simetrica,drop_from_queries_and_denominator,L10,H0,0.407697,-0.086423,0.19,0.325267,-0.015229,0.7763
genia,simetrica,drop_from_queries_and_denominator,L10,H1,0.400813,-0.093307,0.04,0.332796,-0.0077,0.7572
genia,simetrica,drop_from_queries_and_denominator,L10,H2,0.443691,-0.050429,0.0,0.340496,0.0,0.5763
genia,simetrica,drop_from_queries_and_denominator,L10,H3,0.453191,-0.040929,0.05,0.33956,-0.000937,0.5955
genia,simetrica,drop_from_queries_and_denominator,L10,H4,0.416602,-0.077518,0.1,0.331624,-0.008873,0.7236
genia,simetrica,drop_from_queries_and_denominator,L10,H5,0.401964,-0.092156,0.15,0.327595,-0.012901,0.6913
genia,simetrica,drop_from_queries_and_denominator,L10,H6,0.411837,-0.082283,0.08,0.33402,-0.006477,0.7022
genia,simetrica,drop_from_queries_and_denominator,L10,H7,0.456078,-0.038042,0.03,0.338619,-0.001877,0.3632
genia,simetrica,drop_from_queries_and_denominator,L10,H8,0.426705,-0.067415,0.03,0.337637,-0.002859,0.6854
genia,simetrica,drop_from_queries_and_denominator,L10,H9,0.411255,-0.082865,0.03,0.337279,-0.003217,0.7248
genia,simetrica,drop_from_queries_and_denominator,L10,H10,0.417333,-0.076787,0.08,0.332244,-0.008252,0.6941
genia,simetrica,drop_from_queries_and_denominator,L10,H11,0.4307,-0.06342,0.0,0.340496,0.0,0.6402
genia,simetrica,drop_from_queries_and_denominator,L11,todas,0.418099,-0.076021,0.07,0.331739,-0.008757,0.8399
genia,simetrica,drop_from_queries_and_denominator,L11,H0,0.419767,-0.074353,0.21,0.325811,-0.014686,0.6788
genia,simetrica,drop_from_queries_and_denominator,L11,H1,0.415136,-0.078984,0.02,0.337968,-0.002528,0.7986
genia,simetrica,drop_from_queries_and_denominator,L11,H2,0.432142,-0.061978,0.02,0.338423,-0.002073,0.7477
genia,simetrica,drop_from_queries_and_denominator,L11,H3,0.430477,-0.063644,0.02,0.337859,-0.002637,0.7477
genia,simetrica,drop_from_queries_and_denominator,L11,H4,0.431733,-0.062387,0.09,0.332329,-0.008167,0.6853
genia,simetrica,drop_from_queries_and_denominator,L11,H5,0.439399,-0.054721,0.0,0.340496,0.0,0.6853
genia,simetrica,drop_from_queries_and_denominator,L11,H6,0.436502,-0.057619,0.02,0.337611,-0.002886,0.8458
genia,simetrica,drop_from_queries_and_denominator,L11,H7,0.42261,-0.07151,0.03,0.336915,-0.003581,0.7149
genia,simetrica,drop_from_queries_and_denominator,L11,H8,0.422733,-0.071387,0.03,0.336483,-0.004013,0.7996
genia,simetrica,drop_from_queries_and_denominator,L11,H9,0.413876,-0.080244,0.02,0.337641,-0.002855,0.8095
genia,simetrica,drop_from_queries_and_denominator,L11,H10,0.414746,-0.079374,0.08,0.330018,-0.010478,0.8546
genia,simetrica,drop_from_queries_and_denominator,L11,H11,0.437583,-0.056537,0.03,0.336908,-0.003588,0.7122
genia,simetrica,drop_from_queries_and_denominator,0-3,todas,0.427533,-0.066587,0.02,0.338691,-0.001806,0.8569
genia,simetrica,drop_from_queries_and_denominator,0-3,H0,0.426585,-0.067535,0.02,0.339028,-0.001468,0.7702
genia,simetrica,drop_from_queries_and_denominator,0-3,H1,0.432178,-0.061942,0.04,0.336874,-0.003622,0.7269
genia,simetrica,drop_from_queries_and_denominator,0-3,H2,0.434996,-0.059124,0.0,0.340496,0.0,0.8165
genia,simetrica,drop_from_queries_and_denominator,0-3,H3,0.416702,-0.077418,0.03,0.336087,-0.004409,0.887
genia,simetrica,drop_from_queries_and_denominator,0-3,H4,0.443171,-0.050949,0.0,0.340496,0.0,0.7678
genia,simetrica,drop_from_queries_and_denominator,0-3,H5,0.430901,-0.063219,0.02,0.337296,-0.0032,0.8679
genia,simetrica,drop_from_queries_and_denominator,0-3,H6,0.439274,-0.054846,0.0,0.340496,0.0,0.8185
genia,simetrica,drop_from_queries_and_denominator,0-3,H7,0.438717,-0.055403,0.02,0.338993,-0.001503,0.7665
genia,simetrica,drop_from_queries_and_denominator,0-3,H8,0.445809,-0.048311,0.01,0.339643,-0.000853,0.7692
genia,simetrica,drop_from_queries_and_denominator,0-3,H9,0.425176,-0.068944,0.0,0.340496,0.0,0.8119
genia,simetrica,drop_from_queries_and_denominator,0-3,H10,0.428924,-0.065196,0.0,0.340496,0.0,0.7753
genia,simetrica,drop_from_queries_and_denominator,0-3,H11,0.42448,-0.06964,0.11,0.330003,-0.010493,0.8258
genia,simetrica,drop_from_queries_and_denominator,4-7,todas,0.417407,-0.076713,0.03,0.33557,-0.004926,0.8449
genia,simetrica,drop_from_queries_and_denominator,4-7,H0,0.422367,-0.071753,0.01,0.339099,-0.001398,0.8125
genia,simetrica,drop_from_queries_and_denominator,4-7,H1,0.449199,-0.044921,0.03,0.337568,-0.002928,0.5932
genia,simetrica,drop_from_queries_and_denominator,4-7,H2,0.426246,-0.067874,0.03,0.336211,-0.004286,0.8351
genia,simetrica,drop_from_queries_and_denominator,4-7,H3,0.402973,-0.091147,0.08,0.327921,-0.012575,0.8211
genia,simetrica,drop_from_queries_and_denominator,4-7,H4,0.431498,-0.062622,0.02,0.337072,-0.003424,0.7724
genia,simetrica,drop_from_queries_and_denominator,4-7,H5,0.424331,-0.069789,0.01,0.339454,-0.001042,0.784
genia,simetrica,drop_from_queries_and_denominator,4-7,H6,0.430598,-0.063522,0.0,0.340496,0.0,0.8228
genia,simetrica,drop_from_queries_and_denominator,4-7,H7,0.420827,-0.073293,0.04,0.334667,-0.005829,0.7689
genia,simetrica,drop_from_queries_and_denominator,4-7,H8,0.430831,-0.063289,0.02,0.337945,-0.002552,0.6959
genia,simetrica,drop_from_queries_and_denominator,4-7,H9,0.438925,-0.055195,0.05,0.335565,-0.004931,0.5732
genia,simetrica,drop_from_queries_and_denominator,4-7,H10,0.411561,-0.082559,0.12,0.327906,-0.012591,0.8502
genia,simetrica,drop_from_queries_and_denominator,4-7,H11,0.427257,-0.066863,0.02,0.337183,-0.003314,0.7755
genia,simetrica,drop_from_queries_and_denominator,8-11,todas,0.411588,-0.082532,0.08,0.331051,-0.009445,0.8317
genia,simetrica,drop_from_queries_and_denominator,8-11,H0,0.414069,-0.080051,0.15,0.327589,-0.012908,0.7477
genia,simetrica,drop_from_queries_and_denominator,8-11,H1,0.416436,-0.077684,0.05,0.334125,-0.006371,0.8437
genia,simetrica,drop_from_queries_and_denominator,8-11,H2,0.426126,-0.067994,0.03,0.336556,-0.00394,0.7617
genia,simetrica,drop_from_queries_and_denominator,8-11,H3,0.406816,-0.087304,0.12,0.328264,-0.012233,0.7869
genia,simetrica,drop_from_queries_and_denominator,8-11,H4,0.426894,-0.067226,0.07,0.333245,-0.007251,0.7444
genia,simetrica,drop_from_queries_and_denominator,8-11,H5,0.415179,-0.078941,0.11,0.330197,-0.010299,0.7843
genia,simetrica,drop_from_queries_and_denominator,8-11,H6,0.402847,-0.091273,0.06,0.33221,-0.008286,0.842
genia,simetrica,drop_from_queries_and_denominator,8-11,H7,0.43264,-0.06148,0.03,0.337139,-0.003358,0.6163
genia,simetrica,drop_from_queries_and_denominator,8-11,H8,0.409039,-0.085081,0.04,0.335219,-0.005278,0.7556
genia,simetrica,drop_from_queries_and_denominator,8-11,H9,0.412033,-0.082087,0.03,0.336484,-0.004012,0.8498
genia,simetrica,drop_from_queries_and_denominator,8-11,H10,0.414474,-0.079646,0.09,0.330153,-0.010344,0.8493
genia,simetrica,drop_from_queries_and_denominator,8-11,H11,0.42923,-0.06489,0.04,0.335989,-0.004507,0.7681
genia,recebida_por_token,keep,todas,todas,0.536182,0.042061,0.01,0.340744,0.000248,-0.31
genia,recebida_por_token,keep,todas,H0,0.523895,0.029775,0.02,0.341255,0.000759,-0.2122
genia,recebida_por_token,keep,todas,H1,0.525907,0.031787,0.03,0.342558,0.002061,-0.227
genia,recebida_por_token,keep,todas,H2,0.547633,0.053513,0.0,0.340496,0.0,-0.3127
genia,recebida_por_token,keep,todas,H3,0.507161,0.013041,0.04,0.34118,0.000683,-0.1378
genia,recebida_por_token,keep,todas,H4,0.534077,0.039957,0.0,0.340496,0.0,-0.2915
genia,recebida_por_token,keep,todas,H5,0.551274,0.057154,0.02,0.342684,0.002188,-0.3914
genia,recebida_por_token,keep,todas,H6,0.520815,0.026695,0.01,0.340491,-6e-06,-0.2004
genia,recebida_por_token,keep,todas,H7,0.542645,0.048525,0.03,0.343681,0.003185,-0.3746
genia,recebida_por_token,keep,todas,H8,0.534862,0.040742,0.03,0.342593,0.002096,-0.3469
genia,recebida_por_token,keep,todas,H9,0.521522,0.027401,0.03,0.342572,0.002075,-0.186
genia,recebida_por_token,keep,todas,H10,0.542595,0.048475,0.02,0.343052,0.002555,-0.3545
genia,recebida_por_token,keep,todas,H11,0.546832,0.052712,0.01,0.341315,0.000818,-0.3935
genia,recebida_por_token,keep,L0,todas,0.531966,0.037846,0.03,0.342139,0.001643,-0.2359
genia,recebida_por_token,keep,L0,H0,0.551835,0.057715,0.02,0.341849,0.001352,-0.3472
genia,recebida_por_token,keep,L0,H1,0.491747,-0.002373,0.06,0.343014,0.002518,0.0744
genia,recebida_por_token,keep,L0,H2,0.527258,0.033138,0.0,0.340496,0.0,-0.2013
genia,recebida_por_token,keep,L0,H3,0.524184,0.030064,0.03,0.340834,0.000338,-0.2526
genia,recebida_por_token,keep,L0,H4,0.510573,0.016453,0.0,0.340496,0.0,-0.1078
genia,recebida_por_token,keep,L0,H5,0.53129,0.03717,0.05,0.343636,0.00314,-0.1456
genia,recebida_por_token,keep,L0,H6,0.507278,0.013158,0.0,0.340496,0.0,0.0298
genia,recebida_por_token,keep,L0,H7,0.532991,0.038871,0.04,0.344579,0.004082,-0.1938
genia,recebida_por_token,keep,L0,H8,0.481279,-0.012841,0.05,0.340914,0.000417,0.2298
genia,recebida_por_token,keep,L0,H9,0.50381,0.00969,0.02,0.340698,0.000201,-0.0636
genia,recebida_por_token,keep,L0,H10,0.523226,0.029106,0.0,0.340496,0.0,-0.1235
genia,recebida_por_token,keep,L0,H11,0.549792,0.055672,0.0,0.340496,0.0,-0.232
genia,recebida_por_token,keep,L1,todas,0.506006,0.011886,0.0,0.340496,0.0,0.0267
genia,recebida_por_token,keep,L1,H0,0.459822,-0.034298,0.08,0.339787,-0.000709,0.2179
genia,recebida_por_token,keep,L1,H1,0.48582,-0.0083,0.03,0.341308,0.000812,0.1294
genia,recebida_por_token,keep,L1,H2,0.560994,0.066874,0.0,0.340496,0.0,-0.2633
genia,recebida_por_token,keep,L1,H3,0.478778,-0.015343,0.0,0.340496,0.0,-0.018
genia,recebida_por_token,keep,L1,H4,0.553236,0.059116,0.0,0.340496,0.0,-0.0708
genia,recebida_por_token,keep,L1,H5,0.542864,0.048744,0.0,0.340496,0.0,-0.1734
genia,recebida_por_token,keep,L1,H6,0.460262,-0.033858,0.07,0.340632,0.000135,0.3375
genia,recebida_por_token,keep,L1,H7,0.481053,-0.013067,0.0,0.340496,0.0,0.3498
genia,recebida_por_token,keep,L1,H8,0.557402,0.063282,0.02,0.341629,0.001133,-0.1855
genia,recebida_por_token,keep,L1,H9,0.520173,0.026053,0.0,0.340496,0.0,-0.0895
genia,recebida_por_token,keep,L1,H10,0.544769,0.050649,0.0,0.340496,0.0,-0.2369
genia,recebida_por_token,keep,L1,H11,0.494851,0.000731,0.01,0.340469,-2.7e-05,0.0422
genia,recebida_por_token,keep,L2,todas,0.515422,0.021302,0.0,0.340496,0.0,-0.0191
genia,recebida_por_token,keep,L2,H0,0.471439,-0.022681,0.01,0.340672,0.000175,0.2492
genia,recebida_por_token,keep,L2,H1,0.538036,0.043916,0.0,0.340496,0.0,-0.1585
genia,recebida_por_token,keep,L2,H2,0.531045,0.036925,0.0,0.340496,0.0,0.1236
genia,recebida_por_token,keep,L2,H3,0.531086,0.036966,0.0,0.340496,0.0,-0.2381
genia,recebida_por_token,keep,L2,H4,0.465249,-0.028871,0.0,0.340496,0.0,0.3964
genia,recebida_por_token,keep,L2,H5,0.513054,0.018934,0.03,0.343034,0.002538,-0.0918
genia,recebida_por_token,keep,L2,H6,0.51771,0.02359,0.0,0.340496,0.0,0.0771
genia,recebida_por_token,keep,L2,H7,0.509267,0.015147,0.01,0.34076,0.000264,-0.11
genia,recebida_por_token,keep,L2,H8,0.522802,0.028682,0.0,0.340496,0.0,-0.1454
genia,recebida_por_token,keep,L2,H9,0.529559,0.035439,0.0,0.340496,0.0,-0.169
genia,recebida_por_token,keep,L2,H10,0.528439,0.034319,0.0,0.340496,0.0,-0.1898
genia,recebida_por_token,keep,L2,H11,0.516513,0.022393,0.02,0.341018,0.000521,-0.041
genia,recebida_por_token,keep,L3,todas,0.531817,0.037697,0.01,0.34037,-0.000126,-0.1834
genia,recebida_por_token,keep,L3,H0,0.497494,0.003374,0.0,0.340496,0.0,0.2205
genia,recebida_por_token,keep,L3,H1,0.547352,0.053232,0.0,0.340496,0.0,-0.2402
genia,recebida_por_token,keep,L3,H2,0.503185,0.009065,0.01,0.340052,-0.000445,0.0651
genia,recebida_por_token,keep,L3,H3,0.467056,-0.027064,0.09,0.343114,0.002618,0.2041
genia,recebida_por_token,keep,L3,H4,0.529469,0.035349,0.0,0.340496,0.0,-0.0693
genia,recebida_por_token,keep,L3,H5,0.545378,0.051258,0.0,0.340496,0.0,-0.0923
genia,recebida_por_token,keep,L3,H6,0.54168,0.04756,0.0,0.340496,0.0,-0.2856
genia,recebida_por_token,keep,L3,H7,0.559109,0.064989,0.01,0.341519,0.001022,-0.2101
genia,recebida_por_token,keep,L3,H8,0.517254,0.023134,0.0,0.340496,0.0,0.1202
genia,recebida_por_token,keep,L3,H9,0.550782,0.056662,0.01,0.341625,0.001129,-0.3152
genia,recebida_por_token,keep,L3,H10,0.542463,0.048343,0.03,0.340648,0.000152,-0.2413
genia,recebida_por_token,keep,L3,H11,0.516379,0.022259,0.01,0.339909,-0.000587,-0.252
genia,recebida_por_token,keep,L4,todas,0.542467,0.048347,0.02,0.342242,0.001745,-0.2788
genia,recebida_por_token,keep,L4,H0,0.51274,0.018619,0.0,0.340496,0.0,0.1735
genia,recebida_por_token,keep,L4,H1,0.565959,0.071839,0.01,0.340453,-4.3e-05,-0.3209
genia,recebida_por_token,keep,L4,H2,0.546655,0.052535,0.02,0.341907,0.001411,-0.3073
genia,recebida_por_token,keep,L4,H3,0.494918,0.000798,0.03,0.339853,-0.000644,0.0645
genia,recebida_por_token,keep,L4,H4,0.551804,0.057684,0.03,0.344347,0.00385,-0.2775
genia,recebida_por_token,keep,L4,H5,0.533202,0.039082,0.03,0.341563,0.001067,-0.1405
genia,recebida_por_token,keep,L4,H6,0.473259,-0.020861,0.0,0.340496,0.0,-0.0646
genia,recebida_por_token,keep,L4,H7,0.535112,0.040992,0.02,0.34002,-0.000476,-0.2539
genia,recebida_por_token,keep,L4,H8,0.529978,0.035858,0.0,0.340496,0.0,-0.2969
genia,recebida_por_token,keep,L4,H9,0.489801,-0.004319,0.0,0.340496,0.0,0.1368
genia,recebida_por_token,keep,L4,H10,0.542354,0.048234,0.03,0.344116,0.00362,-0.3075
genia,recebida_por_token,keep,L4,H11,0.57958,0.08546,0.0,0.340496,0.0,-0.2685
genia,recebida_por_token,keep,L5,todas,0.512359,0.018239,0.04,0.342294,0.001798,-0.214
genia,recebida_por_token,keep,L5,H0,0.523914,0.029794,0.04,0.343303,0.002807,-0.2424
genia,recebida_por_token,keep,L5,H1,0.483556,-0.010564,0.02,0.340792,0.000296,-0.1472
genia,recebida_por_token,keep,L5,H2,0.568712,0.074592,0.0,0.340496,0.0,-0.4332
genia,recebida_por_token,keep,L5,H3,0.5021,0.00798,0.01,0.340293,-0.000204,-0.3006
genia,recebida_por_token,keep,L5,H4,0.504874,0.010754,0.0,0.340496,0.0,-0.1638
genia,recebida_por_token,keep,L5,H5,0.500646,0.006526,0.02,0.33945,-0.001046,0.0212
genia,recebida_por_token,keep,L5,H6,0.484432,-0.009688,0.0,0.340496,0.0,0.3064
genia,recebida_por_token,keep,L5,H7,0.54302,0.0489,0.01,0.340796,0.0003,-0.229
genia,recebida_por_token,keep,L5,H8,0.496677,0.002557,0.03,0.340345,-0.000151,-0.1505
genia,recebida_por_token,keep,L5,H9,0.505123,0.011003,0.02,0.339795,-0.000701,-0.0267
genia,recebida_por_token,keep,L5,H10,0.455735,-0.038385,0.02,0.339468,-0.001028,0.2936
genia,recebida_por_token,keep,L5,H11,0.511775,0.017655,0.03,0.340694,0.000197,-0.2715
genia,recebida_por_token,keep,L6,todas,0.534813,0.040693,0.02,0.342409,0.001913,-0.3817
genia,recebida_por_token,keep,L6,H0,0.498032,0.003911,0.03,0.339011,-0.001486,0.1143
genia,recebida_por_token,keep,L6,H1,0.532742,0.038622,0.0,0.340496,0.0,-0.3342
genia,recebida_por_token,keep,L6,H2,0.520735,0.026615,0.0,0.340496,0.0,0.1252
genia,recebida_por_token,keep,L6,H3,0.480546,-0.013574,0.09,0.3432,0.002703,0.0584
genia,recebida_por_token,keep,L6,H4,0.515534,0.021413,0.02,0.341031,0.000535,-0.2621
genia,recebida_por_token,keep,L6,H5,0.53292,0.0388,0.02,0.34126,0.000764,-0.4153
genia,recebida_por_token,keep,L6,H6,0.533532,0.039412,0.0,0.340496,0.0,-0.1999
genia,recebida_por_token,keep,L6,H7,0.571561,0.077441,0.0,0.340496,0.0,-0.405
genia,recebida_por_token,keep,L6,H8,0.534878,0.040758,0.03,0.343369,0.002872,-0.3865
genia,recebida_por_token,keep,L6,H9,0.49482,0.0007,0.02,0.340061,-0.000436,-0.1963
genia,recebida_por_token,keep,L6,H10,0.530388,0.036268,0.02,0.344068,0.003571,-0.3392
genia,recebida_por_token,keep,L6,H11,0.541174,0.047054,0.0,0.340496,0.0,-0.3149
genia,recebida_por_token,keep,L7,todas,0.535932,0.041812,0.01,0.340507,1.1e-05,-0.3514
genia,recebida_por_token,keep,L7,H0,0.501926,0.007806,0.0,0.340496,0.0,-0.1568
genia,recebida_por_token,keep,L7,H1,0.54065,0.04653,0.02,0.340989,0.000492,-0.2968
genia,recebida_por_token,keep,L7,H2,0.529157,0.035037,0.02,0.340444,-5.2e-05,-0.1665
genia,recebida_por_token,keep,L7,H3,0.456483,-0.037637,0.05,0.335832,-0.004664,0.2757
genia,recebida_por_token,keep,L7,H4,0.51172,0.0176,0.0,0.340496,0.0,-0.1802
genia,recebida_por_token,keep,L7,H5,0.538397,0.044277,0.0,0.340496,0.0,-0.2988
genia,recebida_por_token,keep,L7,H6,0.533374,0.039254,0.02,0.34267,0.002174,-0.369
genia,recebida_por_token,keep,L7,H7,0.540842,0.046722,0.0,0.340496,0.0,-0.2172
genia,recebida_por_token,keep,L7,H8,0.532455,0.038335,0.04,0.342584,0.002088,-0.314
genia,recebida_por_token,keep,L7,H9,0.526844,0.032724,0.02,0.341814,0.001317,-0.4076
genia,recebida_por_token,keep,L7,H10,0.533198,0.039078,0.01,0.340212,-0.000284,-0.1623
genia,recebida_por_token,keep,L7,H11,0.537838,0.043718,0.0,0.340496,0.0,-0.2803
genia,recebida_por_token,keep,L8,todas,0.541384,0.047264,0.02,0.342133,0.001637,-0.3879
genia,recebida_por_token,keep,L8,H0,0.534017,0.039897,0.0,0.340496,0.0,-0.3523
genia,recebida_por_token,keep,L8,H1,0.510248,0.016128,0.04,0.342977,0.002481,-0.1439
genia,recebida_por_token,keep,L8,H2,0.51288,0.01876,0.02,0.340113,-0.000384,-0.2034
genia,recebida_por_token,keep,L8,H3,0.513908,0.019788,0.02,0.340087,-0.000409,-0.094
genia,recebida_por_token,keep,L8,H4,0.501147,0.007027,0.0,0.340496,0.0,-0.1939
genia,recebida_por_token,keep,L8,H5,0.559627,0.065507,0.0,0.340496,0.0,-0.3642
genia,recebida_por_token,keep,L8,H6,0.527478,0.033358,0.02,0.340772,0.000275,-0.2616
genia,recebida_por_token,keep,L8,H7,0.53519,0.04107,0.02,0.341284,0.000788,-0.3994
genia,recebida_por_token,keep,L8,H8,0.528834,0.034714,0.02,0.340674,0.000178,-0.321
genia,recebida_por_token,keep,L8,H9,0.502294,0.008174,0.0,0.340496,0.0,0.1947
genia,recebida_por_token,keep,L8,H10,0.545994,0.051874,0.02,0.342332,0.001836,-0.3819
genia,recebida_por_token,keep,L8,H11,0.554091,0.05997,0.02,0.343141,0.002645,-0.2944
genia,recebida_por_token,keep,L9,todas,0.534022,0.039902,0.04,0.345214,0.004718,-0.2883
genia,recebida_por_token,keep,L9,H0,0.5642,0.07008,0.02,0.342939,0.002442,-0.4012
genia,recebida_por_token,keep,L9,H1,0.544447,0.050327,0.02,0.340625,0.000129,-0.2564
genia,recebida_por_token,keep,L9,H2,0.543299,0.049179,0.03,0.344961,0.004464,-0.3251
genia,recebida_por_token,keep,L9,H3,0.500348,0.006228,0.03,0.341081,0.000585,0.0357
genia,recebida_por_token,keep,L9,H4,0.575958,0.081838,0.02,0.342049,0.001553,-0.414
genia,recebida_por_token,keep,L9,H5,0.519815,0.025695,0.03,0.34283,0.002334,-0.1721
genia,recebida_por_token,keep,L9,H6,0.49738,0.00326,0.01,0.340098,-0.000398,0.0805
genia,recebida_por_token,keep,L9,H7,0.532409,0.038289,0.02,0.341771,0.001274,-0.3985
genia,recebida_por_token,keep,L9,H8,0.536304,0.042183,0.02,0.342319,0.001822,-0.3762
genia,recebida_por_token,keep,L9,H9,0.511343,0.017223,0.01,0.340369,-0.000127,0.0716
genia,recebida_por_token,keep,L9,H10,0.557701,0.06358,0.03,0.344691,0.004195,-0.3583
genia,recebida_por_token,keep,L9,H11,0.520523,0.026403,0.03,0.344145,0.003649,-0.3344
genia,recebida_por_token,keep,L10,todas,0.545564,0.051444,0.01,0.341277,0.00078,-0.4381
genia,recebida_por_token,keep,L10,H0,0.495804,0.001684,0.01,0.340094,-0.000402,0.0622
genia,recebida_por_token,keep,L10,H1,0.527284,0.033164,0.0,0.340496,0.0,-0.4441
genia,recebida_por_token,keep,L10,H2,0.544588,0.050468,0.0,0.340496,0.0,-0.3587
genia,recebida_por_token,keep,L10,H3,0.580465,0.086345,0.0,0.340496,0.0,-0.4501
genia,recebida_por_token,keep,L10,H4,0.516304,0.022184,0.01,0.340173,-0.000323,-0.133
genia,recebida_por_token,keep,L10,H5,0.543748,0.049628,0.02,0.342025,0.001529,-0.3815
genia,recebida_por_token,keep,L10,H6,0.542836,0.048716,0.03,0.344567,0.00407,-0.4056
genia,recebida_por_token,keep,L10,H7,0.534501,0.040381,0.02,0.343001,0.002505,-0.4282
genia,recebida_por_token,keep,L10,H8,0.557443,0.063323,0.01,0.340942,0.000446,-0.4055
genia,recebida_por_token,keep,L10,H9,0.530867,0.036747,0.01,0.341139,0.000642,-0.1608
genia,recebida_por_token,keep,L10,H10,0.535596,0.041476,0.0,0.340496,0.0,-0.3933
genia,recebida_por_token,keep,L10,H11,0.507327,0.013207,0.0,0.340496,0.0,-0.2414
genia,recebida_por_token,keep,L11,todas,0.538893,0.044773,0.03,0.342731,0.002235,-0.2726
genia,recebida_por_token,keep,L11,H0,0.493193,-0.000927,0.03,0.339838,-0.000658,0.0926
genia,recebida_por_token,keep,L11,H1,0.514729,0.020609,0.0,0.340496,0.0,0.0465
genia,recebida_por_token,keep,L11,H2,0.551213,0.057093,0.02,0.342656,0.002159,-0.4207
genia,recebida_por_token,keep,L11,H3,0.527965,0.033845,0.03,0.341338,0.000842,-0.1959
genia,recebida_por_token,keep,L11,H4,0.545429,0.051309,0.02,0.341577,0.001081,-0.3456
genia,recebida_por_token,keep,L11,H5,0.542696,0.048576,0.0,0.340496,0.0,-0.2736
genia,recebida_por_token,keep,L11,H6,0.58975,0.09563,0.01,0.340967,0.000471,-0.3873
genia,recebida_por_token,keep,L11,H7,0.501601,0.007481,0.0,0.340496,0.0,-0.1861
genia,recebida_por_token,keep,L11,H8,0.528181,0.034061,0.02,0.342173,0.001676,-0.2631
genia,recebida_por_token,keep,L11,H9,0.55133,0.05721,0.02,0.34291,0.002414,-0.3612
genia,recebida_por_token,keep,L11,H10,0.553729,0.059609,0.0,0.340496,0.0,-0.1808
genia,recebida_por_token,keep,L11,H11,0.549061,0.054941,0.03,0.344345,0.003849,-0.2991
genia,recebida_por_token,keep,0-3,todas,0.522677,0.028557,0.01,0.34078,0.000283,-0.127
genia,recebida_por_token,keep,0-3,H0,0.526622,0.032502,0.02,0.341245,0.000749,-0.1923
genia,recebida_por_token,keep,0-3,H1,0.504037,0.009917,0.04,0.342694,0.002198,0.011
genia,recebida_por_token,keep,0-3,H2,0.535077,0.040957,0.0,0.340496,0.0,-0.1293
genia,recebida_por_token,keep,0-3,H3,0.502578,0.008458,0.01,0.340074,-0.000422,-0.1809
genia,recebida_por_token,keep,0-3,H4,0.506948,0.012828,0.0,0.340496,0.0,0.0973
genia,recebida_por_token,keep,0-3,H5,0.542096,0.047976,0.02,0.341884,0.001387,-0.183
genia,recebida_por_token,keep,0-3,H6,0.503647,0.009526,0.01,0.340748,0.000252,0.118
genia,recebida_por_token,keep,0-3,H7,0.52761,0.03349,0.01,0.341188,0.000692,-0.0632
genia,recebida_por_token,keep,0-3,H8,0.514723,0.020603,0.0,0.340496,0.0,0.0593
genia,recebida_por_token,keep,0-3,H9,0.522129,0.028009,0.01,0.340946,0.00045,-0.1588
genia,recebida_por_token,keep,0-3,H10,0.539974,0.045854,0.01,0.340814,0.000318,-0.2553
genia,recebida_por_token,keep,0-3,H11,0.52676,0.03264,0.02,0.340877,0.000381,-0.2192
genia,recebida_por_token,keep,4-7,todas,0.531866,0.037746,0.01,0.340585,8.9e-05,-0.3332
genia,recebida_por_token,keep,4-7,H0,0.516651,0.022531,0.02,0.340929,0.000433,-0.1365
genia,recebida_por_token,keep,4-7,H1,0.533805,0.039685,0.01,0.340741,0.000245,-0.3468
genia,recebida_por_token,keep,4-7,H2,0.54803,0.05391,0.02,0.341639,0.001142,-0.244
genia,recebida_por_token,keep,4-7,H3,0.469151,-0.024969,0.09,0.340333,-0.000163,0.0725
genia,recebida_por_token,keep,4-7,H4,0.523134,0.029014,0.0,0.340496,0.0,-0.3128
genia,recebida_por_token,keep,4-7,H5,0.539139,0.045019,0.01,0.34076,0.000264,-0.3509
genia,recebida_por_token,keep,4-7,H6,0.510321,0.016201,0.0,0.340496,0.0,-0.2793
genia,recebida_por_token,keep,4-7,H7,0.557658,0.063538,0.01,0.340734,0.000238,-0.3329
genia,recebida_por_token,keep,4-7,H8,0.530938,0.036818,0.03,0.342547,0.002051,-0.3733
genia,recebida_por_token,keep,4-7,H9,0.506711,0.012591,0.02,0.340483,-1.3e-05,-0.2484
genia,recebida_por_token,keep,4-7,H10,0.514415,0.020295,0.02,0.342953,0.002457,-0.2149
genia,recebida_por_token,keep,4-7,H11,0.545666,0.051546,0.0,0.340496,0.0,-0.3769
genia,recebida_por_token,keep,8-11,todas,0.543322,0.049202,0.02,0.342308,0.001812,-0.3811
genia,recebida_por_token,keep,8-11,H0,0.519105,0.024985,0.0,0.340496,0.0,-0.197
genia,recebida_por_token,keep,8-11,H1,0.528242,0.034122,0.04,0.343325,0.002829,-0.1924
genia,recebida_por_token,keep,8-11,H2,0.547516,0.053396,0.0,0.340496,0.0,-0.4466
genia,recebida_por_token,keep,8-11,H3,0.534691,0.040571,0.03,0.341992,0.001495,-0.219
genia,recebida_por_token,keep,8-11,H4,0.546473,0.052353,0.0,0.340496,0.0,-0.3957
genia,recebida_por_token,keep,8-11,H5,0.551578,0.057458,0.0,0.340496,0.0,-0.402
genia,recebida_por_token,keep,8-11,H6,0.536941,0.042821,0.01,0.340434,-6.2e-05,-0.3091
genia,recebida_por_token,keep,8-11,H7,0.533808,0.039688,0.02,0.342214,0.001718,-0.4416
genia,recebida_por_token,keep,8-11,H8,0.541313,0.047193,0.02,0.341697,0.001201,-0.4068
genia,recebida_por_token,keep,8-11,H9,0.529006,0.034886,0.01,0.340852,0.000356,-0.1243
genia,recebida_por_token,keep,8-11,H10,0.554004,0.059884,0.02,0.343298,0.002802,-0.4116
genia,recebida_por_token,keep,8-11,H11,0.550848,0.056728,0.03,0.345988,0.005492,-0.4333
genia,recebida_por_token,drop_from_denominator,todas,todas,0.534477,0.040357,0.01,0.340727,0.000231,-0.2962
genia,recebida_por_token,drop_from_denominator,todas,H0,0.520517,0.026397,0.02,0.341134,0.000638,-0.1893
genia,recebida_por_token,drop_from_denominator,todas,H1,0.525725,0.031605,0.03,0.342532,0.002036,-0.2333
genia,recebida_por_token,drop_from_denominator,todas,H2,0.547256,0.053136,0.01,0.341243,0.000746,-0.3038
genia,recebida_por_token,drop_from_denominator,todas,H3,0.508736,0.014616,0.04,0.341276,0.00078,-0.148
genia,recebida_por_token,drop_from_denominator,todas,H4,0.52895,0.03483,0.0,0.340496,0.0,-0.2631
genia,recebida_por_token,drop_from_denominator,todas,H5,0.550131,0.056011,0.02,0.342437,0.00194,-0.3765
genia,recebida_por_token,drop_from_denominator,todas,H6,0.520571,0.026451,0.03,0.342409,0.001912,-0.203
genia,recebida_por_token,drop_from_denominator,todas,H7,0.542095,0.047975,0.03,0.343452,0.002956,-0.3614
genia,recebida_por_token,drop_from_denominator,todas,H8,0.534105,0.039985,0.03,0.342494,0.001998,-0.3319
genia,recebida_por_token,drop_from_denominator,todas,H9,0.521045,0.026925,0.03,0.342328,0.001832,-0.1873
genia,recebida_por_token,drop_from_denominator,todas,H10,0.541692,0.047572,0.03,0.344745,0.004249,-0.3379
genia,recebida_por_token,drop_from_denominator,todas,H11,0.54477,0.05065,0.01,0.34121,0.000714,-0.3724
genia,recebida_por_token,drop_from_denominator,L0,todas,0.527393,0.033273,0.03,0.342011,0.001515,-0.21
genia,recebida_por_token,drop_from_denominator,L0,H0,0.550738,0.056618,0.02,0.341729,0.001232,-0.3414
genia,recebida_por_token,drop_from_denominator,L0,H1,0.492135,-0.001985,0.03,0.340859,0.000362,0.0674
genia,recebida_por_token,drop_from_denominator,L0,H2,0.524795,0.030675,0.0,0.340496,0.0,-0.1914
genia,recebida_por_token,drop_from_denominator,L0,H3,0.521486,0.027366,0.04,0.34177,0.001273,-0.2268
genia,recebida_por_token,drop_from_denominator,L0,H4,0.509882,0.015762,0.0,0.340496,0.0,-0.1111
genia,recebida_por_token,drop_from_denominator,L0,H5,0.529684,0.035564,0.04,0.342782,0.002286,-0.146
genia,recebida_por_token,drop_from_denominator,L0,H6,0.504648,0.010528,0.0,0.340496,0.0,0.0272
genia,recebida_por_token,drop_from_denominator,L0,H7,0.532184,0.038064,0.04,0.344406,0.00391,-0.1919
genia,recebida_por_token,drop_from_denominator,L0,H8,0.482229,-0.011891,0.06,0.341532,0.001036,0.1921
genia,recebida_por_token,drop_from_denominator,L0,H9,0.503979,0.009859,0.02,0.340586,8.9e-05,-0.0676
genia,recebida_por_token,drop_from_denominator,L0,H10,0.52089,0.02677,0.0,0.340496,0.0,-0.1241
genia,recebida_por_token,drop_from_denominator,L0,H11,0.546998,0.052878,0.0,0.340496,0.0,-0.2161
genia,recebida_por_token,drop_from_denominator,L1,todas,0.507932,0.013812,0.0,0.340496,0.0,0.0037
genia,recebida_por_token,drop_from_denominator,L1,H0,0.461092,-0.033028,0.07,0.339541,-0.000955,0.1898
genia,recebida_por_token,drop_from_denominator,L1,H1,0.4868,-0.00732,0.01,0.340266,-0.000231,0.1144
genia,recebida_por_token,drop_from_denominator,L1,H2,0.559997,0.065877,0.0,0.340496,0.0,-0.2678
genia,recebida_por_token,drop_from_denominator,L1,H3,0.481264,-0.012856,0.0,0.340496,0.0,-0.0245
genia,recebida_por_token,drop_from_denominator,L1,H4,0.548715,0.054595,0.0,0.340496,0.0,-0.0829
genia,recebida_por_token,drop_from_denominator,L1,H5,0.54311,0.04899,0.0,0.340496,0.0,-0.1658
genia,recebida_por_token,drop_from_denominator,L1,H6,0.460202,-0.033918,0.08,0.340595,9.9e-05,0.3198
genia,recebida_por_token,drop_from_denominator,L1,H7,0.48028,-0.01384,0.0,0.340496,0.0,0.3236
genia,recebida_por_token,drop_from_denominator,L1,H8,0.551321,0.057201,0.02,0.341244,0.000748,-0.1743
genia,recebida_por_token,drop_from_denominator,L1,H9,0.519438,0.025318,0.0,0.340496,0.0,-0.0893
genia,recebida_por_token,drop_from_denominator,L1,H10,0.543748,0.049628,0.0,0.340496,0.0,-0.2348
genia,recebida_por_token,drop_from_denominator,L1,H11,0.49435,0.00023,0.02,0.340741,0.000245,0.0383
genia,recebida_por_token,drop_from_denominator,L2,todas,0.514947,0.020827,0.0,0.340496,0.0,-0.0161
genia,recebida_por_token,drop_from_denominator,L2,H0,0.475569,-0.018551,0.01,0.340765,0.000269,0.2337
genia,recebida_por_token,drop_from_denominator,L2,H1,0.539217,0.045097,0.0,0.340496,0.0,-0.1591
genia,recebida_por_token,drop_from_denominator,L2,H2,0.526684,0.032564,0.0,0.340496,0.0,0.1019
genia,recebida_por_token,drop_from_denominator,L2,H3,0.533289,0.039169,0.01,0.341066,0.000569,-0.2373
genia,recebida_por_token,drop_from_denominator,L2,H4,0.463613,-0.030507,0.0,0.340496,0.0,0.378
genia,recebida_por_token,drop_from_denominator,L2,H5,0.51306,0.01894,0.04,0.344287,0.00379,-0.0942
genia,recebida_por_token,drop_from_denominator,L2,H6,0.517546,0.023426,0.0,0.340496,0.0,0.056
genia,recebida_por_token,drop_from_denominator,L2,H7,0.511147,0.017027,0.01,0.34091,0.000414,-0.1055
genia,recebida_por_token,drop_from_denominator,L2,H8,0.524238,0.030118,0.0,0.340496,0.0,-0.1451
genia,recebida_por_token,drop_from_denominator,L2,H9,0.526216,0.032096,0.01,0.341406,0.000909,-0.1643
genia,recebida_por_token,drop_from_denominator,L2,H10,0.528687,0.034567,0.0,0.340496,0.0,-0.1869
genia,recebida_por_token,drop_from_denominator,L2,H11,0.515433,0.021313,0.02,0.340724,0.000228,-0.0526
genia,recebida_por_token,drop_from_denominator,L3,todas,0.533508,0.039388,0.0,0.340496,0.0,-0.1814
genia,recebida_por_token,drop_from_denominator,L3,H0,0.495725,0.001605,0.0,0.340496,0.0,0.1684
genia,recebida_por_token,drop_from_denominator,L3,H1,0.549065,0.054945,0.0,0.340496,0.0,-0.2429
genia,recebida_por_token,drop_from_denominator,L3,H2,0.504782,0.010662,0.01,0.339983,-0.000513,0.0466
genia,recebida_por_token,drop_from_denominator,L3,H3,0.466219,-0.027901,0.09,0.342934,0.002438,0.2157
genia,recebida_por_token,drop_from_denominator,L3,H4,0.531951,0.037831,0.0,0.340496,0.0,-0.0712
genia,recebida_por_token,drop_from_denominator,L3,H5,0.54566,0.05154,0.0,0.340496,0.0,-0.0828
genia,recebida_por_token,drop_from_denominator,L3,H6,0.541837,0.047717,0.0,0.340496,0.0,-0.2775
genia,recebida_por_token,drop_from_denominator,L3,H7,0.558162,0.064042,0.02,0.343569,0.003073,-0.2085
genia,recebida_por_token,drop_from_denominator,L3,H8,0.518566,0.024446,0.0,0.340496,0.0,0.1053
genia,recebida_por_token,drop_from_denominator,L3,H9,0.552225,0.058105,0.01,0.341475,0.000978,-0.3068
genia,recebida_por_token,drop_from_denominator,L3,H10,0.544614,0.050494,0.03,0.340978,0.000482,-0.2471
genia,recebida_por_token,drop_from_denominator,L3,H11,0.519346,0.025226,0.01,0.340056,-0.00044,-0.2543
genia,recebida_por_token,drop_from_denominator,L4,todas,0.53908,0.04496,0.03,0.343716,0.003219,-0.2617
genia,recebida_por_token,drop_from_denominator,L4,H0,0.510893,0.016773,0.0,0.340496,0.0,0.1232
genia,recebida_por_token,drop_from_denominator,L4,H1,0.563649,0.069529,0.01,0.340379,-0.000117,-0.3124
genia,recebida_por_token,drop_from_denominator,L4,H2,0.547106,0.052986,0.02,0.341888,0.001392,-0.3089
genia,recebida_por_token,drop_from_denominator,L4,H3,0.492882,-0.001238,0.04,0.340055,-0.000441,0.0759
genia,recebida_por_token,drop_from_denominator,L4,H4,0.55214,0.05802,0.02,0.342798,0.002302,-0.279
genia,recebida_por_token,drop_from_denominator,L4,H5,0.532629,0.038509,0.03,0.341499,0.001003,-0.1375
genia,recebida_por_token,drop_from_denominator,L4,H6,0.475477,-0.018643,0.0,0.340496,0.0,-0.0758
genia,recebida_por_token,drop_from_denominator,L4,H7,0.537465,0.043345,0.02,0.340327,-0.000169,-0.2587
genia,recebida_por_token,drop_from_denominator,L4,H8,0.529646,0.035526,0.0,0.340496,0.0,-0.2861
genia,recebida_por_token,drop_from_denominator,L4,H9,0.491028,-0.003092,0.0,0.340496,0.0,0.1307
genia,recebida_por_token,drop_from_denominator,L4,H10,0.543293,0.049173,0.03,0.344263,0.003767,-0.2991
genia,recebida_por_token,drop_from_denominator,L4,H11,0.578822,0.084702,0.0,0.340496,0.0,-0.2635
genia,recebida_por_token,drop_from_denominator,L5,todas,0.51249,0.01837,0.03,0.341497,0.001,-0.2172
genia,recebida_por_token,drop_from_denominator,L5,H0,0.522763,0.028643,0.04,0.342817,0.002321,-0.238
genia,recebida_por_token,drop_from_denominator,L5,H1,0.488708,-0.005412,0.02,0.340933,0.000436,-0.1631
genia,recebida_por_token,drop_from_denominator,L5,H2,0.567452,0.073332,0.02,0.3435,0.003003,-0.4221
genia,recebida_por_token,drop_from_denominator,L5,H3,0.501776,0.007656,0.01,0.340322,-0.000175,-0.3017
genia,recebida_por_token,drop_from_denominator,L5,H4,0.506829,0.012709,0.0,0.340496,0.0,-0.1697
genia,recebida_por_token,drop_from_denominator,L5,H5,0.501501,0.007381,0.02,0.339467,-0.001029,0.0174
genia,recebida_por_token,drop_from_denominator,L5,H6,0.484486,-0.009634,0.0,0.340496,0.0,0.2805
genia,recebida_por_token,drop_from_denominator,L5,H7,0.539663,0.045543,0.02,0.341782,0.001286,-0.2328
genia,recebida_por_token,drop_from_denominator,L5,H8,0.497992,0.003872,0.03,0.340386,-0.00011,-0.1544
genia,recebida_por_token,drop_from_denominator,L5,H9,0.50521,0.01109,0.07,0.342296,0.001799,-0.0248
genia,recebida_por_token,drop_from_denominator,L5,H10,0.456729,-0.037391,0.03,0.339685,-0.000811,0.2791
genia,recebida_por_token,drop_from_denominator,L5,H11,0.514225,0.020105,0.03,0.340708,0.000212,-0.2792
genia,recebida_por_token,drop_from_denominator,L6,todas,0.535008,0.040888,0.02,0.342223,0.001726,-0.3712
genia,recebida_por_token,drop_from_denominator,L6,H0,0.498583,0.004463,0.02,0.339212,-0.001284,0.1056
genia,recebida_por_token,drop_from_denominator,L6,H1,0.532177,0.038057,0.0,0.340496,0.0,-0.3344
genia,recebida_por_token,drop_from_denominator,L6,H2,0.519284,0.025163,0.0,0.340496,0.0,0.0846
genia,recebida_por_token,drop_from_denominator,L6,H3,0.482617,-0.011503,0.09,0.343575,0.003079,0.0417
genia,recebida_por_token,drop_from_denominator,L6,H4,0.5158,0.02168,0.03,0.341848,0.001352,-0.2579
genia,recebida_por_token,drop_from_denominator,L6,H5,0.533539,0.039419,0.02,0.341249,0.000753,-0.4138
genia,recebida_por_token,drop_from_denominator,L6,H6,0.53277,0.03865,0.0,0.340496,0.0,-0.2005
genia,recebida_por_token,drop_from_denominator,L6,H7,0.566303,0.072183,0.02,0.342771,0.002275,-0.3866
genia,recebida_por_token,drop_from_denominator,L6,H8,0.534133,0.040013,0.04,0.344735,0.004238,-0.3801
genia,recebida_por_token,drop_from_denominator,L6,H9,0.49887,0.00475,0.02,0.340135,-0.000361,-0.2143
genia,recebida_por_token,drop_from_denominator,L6,H10,0.530323,0.036203,0.01,0.342168,0.001671,-0.3367
genia,recebida_por_token,drop_from_denominator,L6,H11,0.542461,0.048341,0.0,0.340496,0.0,-0.3138
genia,recebida_por_token,drop_from_denominator,L7,todas,0.535288,0.041168,0.01,0.340525,2.8e-05,-0.3487
genia,recebida_por_token,drop_from_denominator,L7,H0,0.504485,0.010365,0.0,0.340496,0.0,-0.1669
genia,recebida_por_token,drop_from_denominator,L7,H1,0.541209,0.047089,0.02,0.341032,0.000536,-0.3074
genia,recebida_por_token,drop_from_denominator,L7,H2,0.527618,0.033498,0.02,0.34038,-0.000116,-0.1654
genia,recebida_por_token,drop_from_denominator,L7,H3,0.457159,-0.036961,0.04,0.33614,-0.004357,0.2517
genia,recebida_por_token,drop_from_denominator,L7,H4,0.512312,0.018192,0.0,0.340496,0.0,-0.1784
genia,recebida_por_token,drop_from_denominator,L7,H5,0.538561,0.044441,0.0,0.340496,0.0,-0.3014
genia,recebida_por_token,drop_from_denominator,L7,H6,0.533515,0.039395,0.02,0.342612,0.002116,-0.3696
genia,recebida_por_token,drop_from_denominator,L7,H7,0.540184,0.046064,0.0,0.340496,0.0,-0.2201
genia,recebida_por_token,drop_from_denominator,L7,H8,0.531899,0.037779,0.04,0.342626,0.00213,-0.3156
genia,recebida_por_token,drop_from_denominator,L7,H9,0.526571,0.032451,0.02,0.341772,0.001276,-0.4041
genia,recebida_por_token,drop_from_denominator,L7,H10,0.530914,0.036794,0.01,0.340174,-0.000322,-0.1588
genia,recebida_por_token,drop_from_denominator,L7,H11,0.536661,0.042541,0.0,0.340496,0.0,-0.2701
genia,recebida_por_token,drop_from_denominator,L8,todas,0.541215,0.047095,0.02,0.342119,0.001623,-0.3822
genia,recebida_por_token,drop_from_denominator,L8,H0,0.53341,0.03929,0.0,0.340496,0.0,-0.3504
genia,recebida_por_token,drop_from_denominator,L8,H1,0.511822,0.017702,0.04,0.343303,0.002807,-0.1487
genia,recebida_por_token,drop_from_denominator,L8,H2,0.514318,0.020198,0.02,0.340163,-0.000333,-0.2128
genia,recebida_por_token,drop_from_denominator,L8,H3,0.514461,0.020341,0.02,0.340148,-0.000348,-0.0986
genia,recebida_por_token,drop_from_denominator,L8,H4,0.502346,0.008226,0.0,0.340496,0.0,-0.203
genia,recebida_por_token,drop_from_denominator,L8,H5,0.560911,0.066791,0.0,0.340496,0.0,-0.3672
genia,recebida_por_token,drop_from_denominator,L8,H6,0.527504,0.033384,0.02,0.340708,0.000212,-0.2647
genia,recebida_por_token,drop_from_denominator,L8,H7,0.535027,0.040907,0.03,0.342433,0.001937,-0.3956
genia,recebida_por_token,drop_from_denominator,L8,H8,0.52874,0.034619,0.02,0.340602,0.000106,-0.313
genia,recebida_por_token,drop_from_denominator,L8,H9,0.501869,0.007749,0.0,0.340496,0.0,0.1948
genia,recebida_por_token,drop_from_denominator,L8,H10,0.545624,0.051504,0.01,0.340926,0.00043,-0.3772
genia,recebida_por_token,drop_from_denominator,L8,H11,0.553346,0.059226,0.02,0.342846,0.00235,-0.2927
genia,recebida_por_token,drop_from_denominator,L9,todas,0.535019,0.040899,0.04,0.344853,0.004357,-0.2943
genia,recebida_por_token,drop_from_denominator,L9,H0,0.561261,0.067141,0.02,0.342965,0.002469,-0.3868
genia,recebida_por_token,drop_from_denominator,L9,H1,0.545743,0.051623,0.02,0.340754,0.000257,-0.2562
genia,recebida_por_token,drop_from_denominator,L9,H2,0.541372,0.047252,0.03,0.344117,0.003621,-0.3177
genia,recebida_por_token,drop_from_denominator,L9,H3,0.500525,0.006405,0.03,0.340988,0.000492,0.0211
genia,recebida_por_token,drop_from_denominator,L9,H4,0.574813,0.080693,0.02,0.341965,0.001469,-0.4086
genia,recebida_por_token,drop_from_denominator,L9,H5,0.518938,0.024818,0.04,0.343443,0.002946,-0.1612
genia,recebida_por_token,drop_from_denominator,L9,H6,0.498101,0.003981,0.0,0.340496,0.0,0.0707
genia,recebida_por_token,drop_from_denominator,L9,H7,0.531389,0.037269,0.02,0.341536,0.00104,-0.387
genia,recebida_por_token,drop_from_denominator,L9,H8,0.535602,0.041482,0.03,0.343808,0.003311,-0.3684
genia,recebida_por_token,drop_from_denominator,L9,H9,0.512474,0.018354,0.04,0.342756,0.00226,0.0183
genia,recebida_por_token,drop_from_denominator,L9,H10,0.557945,0.063825,0.03,0.344699,0.004203,-0.3539
genia,recebida_por_token,drop_from_denominator,L9,H11,0.520694,0.026574,0.03,0.34415,0.003654,-0.3336
genia,recebida_por_token,drop_from_denominator,L10,todas,0.544377,0.050257,0.02,0.342965,0.002469,-0.4229
genia,recebida_por_token,drop_from_denominator,L10,H0,0.494934,0.000814,0.01,0.34004,-0.000456,0.0477
genia,recebida_por_token,drop_from_denominator,L10,H1,0.529736,0.035616,0.0,0.340496,0.0,-0.4413
genia,recebida_por_token,drop_from_denominator,L10,H2,0.545995,0.051875,0.0,0.340496,0.0,-0.3656
genia,recebida_por_token,drop_from_denominator,L10,H3,0.579542,0.085422,0.02,0.344173,0.003677,-0.444
genia,recebida_por_token,drop_from_denominator,L10,H4,0.513607,0.019487,0.01,0.340127,-0.000369,-0.1251
genia,recebida_por_token,drop_from_denominator,L10,H5,0.542585,0.048465,0.03,0.343638,0.003142,-0.3748
genia,recebida_por_token,drop_from_denominator,L10,H6,0.541548,0.047428,0.03,0.344321,0.003824,-0.3862
genia,recebida_por_token,drop_from_denominator,L10,H7,0.534424,0.040304,0.02,0.342999,0.002502,-0.4178
genia,recebida_por_token,drop_from_denominator,L10,H8,0.557691,0.063571,0.01,0.340996,0.000499,-0.397
genia,recebida_por_token,drop_from_denominator,L10,H9,0.531742,0.037622,0.01,0.341063,0.000566,-0.1654
genia,recebida_por_token,drop_from_denominator,L10,H10,0.535025,0.040905,0.0,0.340496,0.0,-0.3852
genia,recebida_por_token,drop_from_denominator,L10,H11,0.510409,0.016289,0.0,0.340496,0.0,-0.2491
genia,recebida_por_token,drop_from_denominator,L11,todas,0.537177,0.043057,0.03,0.342619,0.002123,-0.2674
genia,recebida_por_token,drop_from_denominator,L11,H0,0.493218,-0.000903,0.03,0.339806,-0.000691,0.0894
genia,recebida_por_token,drop_from_denominator,L11,H1,0.513103,0.018983,0.0,0.340496,0.0,0.039
genia,recebida_por_token,drop_from_denominator,L11,H2,0.550707,0.056587,0.02,0.342701,0.002205,-0.413
genia,recebida_por_token,drop_from_denominator,L11,H3,0.527315,0.033195,0.03,0.341217,0.000721,-0.1914
genia,recebida_por_token,drop_from_denominator,L11,H4,0.541738,0.047618,0.03,0.34264,0.002144,-0.3274
genia,recebida_por_token,drop_from_denominator,L11,H5,0.539112,0.044992,0.01,0.340569,7.3e-05,-0.2577
genia,recebida_por_token,drop_from_denominator,L11,H6,0.586474,0.092354,0.01,0.340935,0.000439,-0.3794
genia,recebida_por_token,drop_from_denominator,L11,H7,0.504855,0.010735,0.0,0.340496,0.0,-0.1944
genia,recebida_por_token,drop_from_denominator,L11,H8,0.528785,0.034665,0.02,0.342111,0.001614,-0.2591
genia,recebida_por_token,drop_from_denominator,L11,H9,0.547964,0.053844,0.03,0.344802,0.004306,-0.3439
genia,recebida_por_token,drop_from_denominator,L11,H10,0.550521,0.056401,0.0,0.340496,0.0,-0.1773
genia,recebida_por_token,drop_from_denominator,L11,H11,0.546539,0.052418,0.03,0.343969,0.003473,-0.2851
genia,recebida_por_token,drop_from_denominator,0-3,todas,0.521148,0.027028,0.01,0.340656,0.000159,-0.1185
genia,recebida_por_token,drop_from_denominator,0-3,H0,0.519036,0.024916,0.02,0.341271,0.000775,-0.1435
genia,recebida_por_token,drop_from_denominator,0-3,H1,0.506462,0.012342,0.04,0.342718,0.002222,-0.0064
genia,recebida_por_token,drop_from_denominator,0-3,H2,0.534482,0.040362,0.0,0.340496,0.0,-0.1186
genia,recebida_por_token,drop_from_denominator,0-3,H3,0.50553,0.01141,0.03,0.341189,0.000693,-0.1747
genia,recebida_por_token,drop_from_denominator,0-3,H4,0.505202,0.011082,0.0,0.340496,0.0,0.0891
genia,recebida_por_token,drop_from_denominator,0-3,H5,0.540297,0.046177,0.02,0.34167,0.001173,-0.1756
genia,recebida_por_token,drop_from_denominator,0-3,H6,0.502661,0.008541,0.02,0.341096,0.0006,0.0991
genia,recebida_por_token,drop_from_denominator,0-3,H7,0.528375,0.034255,0.03,0.342923,0.002427,-0.0798
genia,recebida_por_token,drop_from_denominator,0-3,H8,0.514398,0.020278,0.0,0.340496,0.0,0.0351
genia,recebida_por_token,drop_from_denominator,0-3,H9,0.522086,0.027966,0.01,0.340821,0.000325,-0.1617
genia,recebida_por_token,drop_from_denominator,0-3,H10,0.539268,0.045148,0.01,0.340771,0.000275,-0.2478
genia,recebida_por_token,drop_from_denominator,0-3,H11,0.526443,0.032323,0.01,0.340423,-7.3e-05,-0.2089
genia,recebida_por_token,drop_from_denominator,4-7,todas,0.530792,0.036672,0.01,0.340571,7.5e-05,-0.3226
genia,recebida_por_token,drop_from_denominator,4-7,H0,0.5162,0.022079,0.01,0.340275,-0.000221,-0.1376
genia,recebida_por_token,drop_from_denominator,4-7,H1,0.531563,0.037443,0.01,0.340748,0.000251,-0.3409
genia,recebida_por_token,drop_from_denominator,4-7,H2,0.545753,0.051633,0.02,0.341582,0.001085,-0.2362
genia,recebida_por_token,drop_from_denominator,4-7,H3,0.471703,-0.022417,0.07,0.339774,-0.000723,0.0431
genia,recebida_por_token,drop_from_denominator,4-7,H4,0.5232,0.02908,0.0,0.340496,0.0,-0.299
genia,recebida_por_token,drop_from_denominator,4-7,H5,0.539025,0.044905,0.01,0.340727,0.000231,-0.3413
genia,recebida_por_token,drop_from_denominator,4-7,H6,0.511084,0.016964,0.01,0.34066,0.000164,-0.2755
genia,recebida_por_token,drop_from_denominator,4-7,H7,0.555843,0.061723,0.01,0.340757,0.000261,-0.3413
genia,recebida_por_token,drop_from_denominator,4-7,H8,0.530241,0.036121,0.04,0.343839,0.003342,-0.362
genia,recebida_por_token,drop_from_denominator,4-7,H9,0.508033,0.013913,0.02,0.340549,5.3e-05,-0.2536
genia,recebida_por_token,drop_from_denominator,4-7,H10,0.514894,0.020774,0.02,0.342793,0.002297,-0.2097
genia,recebida_por_token,drop_from_denominator,4-7,H11,0.545783,0.051663,0.0,0.340496,0.0,-0.367
genia,recebida_por_token,drop_from_denominator,8-11,todas,0.542371,0.048251,0.03,0.343752,0.003256,-0.3703
genia,recebida_por_token,drop_from_denominator,8-11,H0,0.520553,0.026432,0.02,0.341324,0.000828,-0.2099
genia,recebida_por_token,drop_from_denominator,8-11,H1,0.530006,0.035886,0.04,0.343328,0.002832,-0.2146
genia,recebida_por_token,drop_from_denominator,8-11,H2,0.549473,0.055353,0.01,0.341379,0.000882,-0.4467
genia,recebida_por_token,drop_from_denominator,8-11,H3,0.536121,0.042001,0.03,0.342071,0.001575,-0.2289
genia,recebida_por_token,drop_from_denominator,8-11,H4,0.540792,0.046672,0.0,0.340496,0.0,-0.3708
genia,recebida_por_token,drop_from_denominator,8-11,H5,0.551341,0.057221,0.01,0.341121,0.000625,-0.3942
genia,recebida_por_token,drop_from_denominator,8-11,H6,0.53741,0.04329,0.01,0.340358,-0.000138,-0.306
genia,recebida_por_token,drop_from_denominator,8-11,H7,0.532544,0.038424,0.02,0.342124,0.001627,-0.4259
genia,recebida_por_token,drop_from_denominator,8-11,H8,0.542395,0.048275,0.02,0.341697,0.001201,-0.3979
genia,recebida_por_token,drop_from_denominator,8-11,H9,0.526726,0.032606,0.02,0.341832,0.001336,-0.1209
genia,recebida_por_token,drop_from_denominator,8-11,H10,0.552822,0.058702,0.02,0.343057,0.002561,-0.3987
genia,recebida_por_token,drop_from_denominator,8-11,H11,0.548001,0.05388,0.03,0.345706,0.00521,-0.4189
genia,recebida_por_token,drop_from_queries_and_denominator,todas,todas,0.534367,0.040247,0.01,0.340725,0.000228,-0.2949
genia,recebida_por_token,drop_from_queries_and_denominator,todas,H0,0.519962,0.025842,0.02,0.341115,0.000619,-0.1874
genia,recebida_por_token,drop_from_queries_and_denominator,todas,H1,0.525659,0.031539,0.03,0.342494,0.001998,-0.2319
genia,recebida_por_token,drop_from_queries_and_denominator,todas,H2,0.547189,0.053069,0.01,0.341245,0.000748,-0.3039
genia,recebida_por_token,drop_from_queries_and_denominator,todas,H3,0.508455,0.014335,0.04,0.341258,0.000761,-0.1463
genia,recebida_por_token,drop_from_queries_and_denominator,todas,H4,0.528595,0.034475,0.0,0.340496,0.0,-0.2629
genia,recebida_por_token,drop_from_queries_and_denominator,todas,H5,0.549999,0.055879,0.02,0.342419,0.001922,-0.3754
genia,recebida_por_token,drop_from_queries_and_denominator,todas,H6,0.520549,0.026429,0.03,0.342426,0.00193,-0.2026
genia,recebida_por_token,drop_from_queries_and_denominator,todas,H7,0.541828,0.047708,0.03,0.343458,0.002962,-0.3596
genia,recebida_por_token,drop_from_queries_and_denominator,todas,H8,0.534119,0.039999,0.03,0.3425,0.002004,-0.3316
genia,recebida_por_token,drop_from_queries_and_denominator,todas,H9,0.520754,0.026633,0.03,0.342373,0.001877,-0.1847
genia,recebida_por_token,drop_from_queries_and_denominator,todas,H10,0.541854,0.047734,0.03,0.344776,0.00428,-0.3376
genia,recebida_por_token,drop_from_queries_and_denominator,todas,H11,0.544618,0.050498,0.01,0.341208,0.000712,-0.3714
genia,recebida_por_token,drop_from_queries_and_denominator,L0,todas,0.527273,0.033153,0.03,0.342035,0.001539,-0.209
genia,recebida_por_token,drop_from_queries_and_denominator,L0,H0,0.550682,0.056562,0.02,0.341744,0.001248,-0.3378
genia,recebida_por_token,drop_from_queries_and_denominator,L0,H1,0.492131,-0.001989,0.03,0.340855,0.000359,0.0669
genia,recebida_por_token,drop_from_queries_and_denominator,L0,H2,0.524789,0.030669,0.0,0.340496,0.0,-0.1908
genia,recebida_por_token,drop_from_queries_and_denominator,L0,H3,0.521477,0.027357,0.04,0.341766,0.00127,-0.2267
genia,recebida_por_token,drop_from_queries_and_denominator,L0,H4,0.509898,0.015778,0.0,0.340496,0.0,-0.1112
genia,recebida_por_token,drop_from_queries_and_denominator,L0,H5,0.529567,0.035447,0.04,0.342859,0.002362,-0.1473
genia,recebida_por_token,drop_from_queries_and_denominator,L0,H6,0.504351,0.010231,0.0,0.340496,0.0,0.022
genia,recebida_por_token,drop_from_queries_and_denominator,L0,H7,0.532084,0.037964,0.04,0.3443,0.003803,-0.1911
genia,recebida_por_token,drop_from_queries_and_denominator,L0,H8,0.482228,-0.011892,0.06,0.341532,0.001035,0.1921
genia,recebida_por_token,drop_from_queries_and_denominator,L0,H9,0.503936,0.009816,0.02,0.340614,0.000117,-0.0678
genia,recebida_por_token,drop_from_queries_and_denominator,L0,H10,0.520038,0.025918,0.0,0.340496,0.0,-0.1184
genia,recebida_por_token,drop_from_queries_and_denominator,L0,H11,0.546679,0.052559,0.0,0.340496,0.0,-0.2137
genia,recebida_por_token,drop_from_queries_and_denominator,L1,todas,0.507597,0.013477,0.0,0.340496,0.0,0.0043
genia,recebida_por_token,drop_from_queries_and_denominator,L1,H0,0.459536,-0.034584,0.07,0.33973,-0.000766,0.1945
genia,recebida_por_token,drop_from_queries_and_denominator,L1,H1,0.487428,-0.006692,0.04,0.342201,0.001705,0.1127
genia,recebida_por_token,drop_from_queries_and_denominator,L1,H2,0.559952,0.065832,0.0,0.340496,0.0,-0.2677
genia,recebida_por_token,drop_from_queries_and_denominator,L1,H3,0.481691,-0.012429,0.0,0.340496,0.0,-0.0285
genia,recebida_por_token,drop_from_queries_and_denominator,L1,H4,0.548665,0.054545,0.0,0.340496,0.0,-0.0829
genia,recebida_por_token,drop_from_queries_and_denominator,L1,H5,0.543025,0.048905,0.0,0.340496,0.0,-0.1654
genia,recebida_por_token,drop_from_queries_and_denominator,L1,H6,0.460685,-0.033435,0.07,0.340686,0.00019,0.316
genia,recebida_por_token,drop_from_queries_and_denominator,L1,H7,0.480341,-0.013779,0.0,0.340496,0.0,0.3232
genia,recebida_por_token,drop_from_queries_and_denominator,L1,H8,0.551942,0.057822,0.02,0.341272,0.000776,-0.1732
genia,recebida_por_token,drop_from_queries_and_denominator,L1,H9,0.519344,0.025224,0.0,0.340496,0.0,-0.0863
genia,recebida_por_token,drop_from_queries_and_denominator,L1,H10,0.543545,0.049425,0.0,0.340496,0.0,-0.2352
genia,recebida_por_token,drop_from_queries_and_denominator,L1,H11,0.494339,0.000219,0.02,0.340741,0.000245,0.0384
genia,recebida_por_token,drop_from_queries_and_denominator,L2,todas,0.515239,0.021119,0.0,0.340496,0.0,-0.0129
genia,recebida_por_token,drop_from_queries_and_denominator,L2,H0,0.475189,-0.018931,0.01,0.340755,0.000258,0.2326
genia,recebida_por_token,drop_from_queries_and_denominator,L2,H1,0.539165,0.045045,0.0,0.340496,0.0,-0.1586
genia,recebida_por_token,drop_from_queries_and_denominator,L2,H2,0.527097,0.032977,0.0,0.340496,0.0,0.1124
genia,recebida_por_token,drop_from_queries_and_denominator,L2,H3,0.53291,0.03879,0.0,0.340496,0.0,-0.2342
genia,recebida_por_token,drop_from_queries_and_denominator,L2,H4,0.463601,-0.030519,0.0,0.340496,0.0,0.3779
genia,recebida_por_token,drop_from_queries_and_denominator,L2,H5,0.513043,0.018923,0.04,0.344289,0.003792,-0.094
genia,recebida_por_token,drop_from_queries_and_denominator,L2,H6,0.517649,0.023529,0.0,0.340496,0.0,0.0579
genia,recebida_por_token,drop_from_queries_and_denominator,L2,H7,0.511026,0.016906,0.01,0.340911,0.000414,-0.1042
genia,recebida_por_token,drop_from_queries_and_denominator,L2,H8,0.524225,0.030105,0.0,0.340496,0.0,-0.1452
genia,recebida_por_token,drop_from_queries_and_denominator,L2,H9,0.525779,0.031659,0.01,0.34138,0.000884,-0.1583
genia,recebida_por_token,drop_from_queries_and_denominator,L2,H10,0.528551,0.034431,0.0,0.340496,0.0,-0.1837
genia,recebida_por_token,drop_from_queries_and_denominator,L2,H11,0.516098,0.021978,0.02,0.340824,0.000328,-0.0545
genia,recebida_por_token,drop_from_queries_and_denominator,L3,todas,0.533445,0.039325,0.0,0.340496,0.0,-0.1811
genia,recebida_por_token,drop_from_queries_and_denominator,L3,H0,0.495724,0.001604,0.0,0.340496,0.0,0.1682
genia,recebida_por_token,drop_from_queries_and_denominator,L3,H1,0.548861,0.054741,0.0,0.340496,0.0,-0.2425
genia,recebida_por_token,drop_from_queries_and_denominator,L3,H2,0.504841,0.010721,0.01,0.339974,-0.000522,0.0415
genia,recebida_por_token,drop_from_queries_and_denominator,L3,H3,0.466235,-0.027885,0.09,0.34293,0.002434,0.2155
genia,recebida_por_token,drop_from_queries_and_denominator,L3,H4,0.531928,0.037808,0.0,0.340496,0.0,-0.0713
genia,recebida_por_token,drop_from_queries_and_denominator,L3,H5,0.545649,0.051528,0.0,0.340496,0.0,-0.0828
genia,recebida_por_token,drop_from_queries_and_denominator,L3,H6,0.541838,0.047718,0.0,0.340496,0.0,-0.2774
genia,recebida_por_token,drop_from_queries_and_denominator,L3,H7,0.558032,0.063912,0.01,0.341373,0.000877,-0.2082
genia,recebida_por_token,drop_from_queries_and_denominator,L3,H8,0.518522,0.024402,0.0,0.340496,0.0,0.1038
genia,recebida_por_token,drop_from_queries_and_denominator,L3,H9,0.552223,0.058103,0.01,0.341475,0.000978,-0.3068
genia,recebida_por_token,drop_from_queries_and_denominator,L3,H10,0.544488,0.050368,0.03,0.340984,0.000487,-0.2469
genia,recebida_por_token,drop_from_queries_and_denominator,L3,H11,0.519385,0.025265,0.01,0.340072,-0.000424,-0.254
genia,recebida_por_token,drop_from_queries_and_denominator,L4,todas,0.538894,0.044774,0.03,0.343705,0.003209,-0.2615
genia,recebida_por_token,drop_from_queries_and_denominator,L4,H0,0.510913,0.016793,0.0,0.340496,0.0,0.1232
genia,recebida_por_token,drop_from_queries_and_denominator,L4,H1,0.563092,0.068972,0.01,0.340366,-0.00013,-0.3102
genia,recebida_por_token,drop_from_queries_and_denominator,L4,H2,0.547071,0.052951,0.02,0.341888,0.001392,-0.3087
genia,recebida_por_token,drop_from_queries_and_denominator,L4,H3,0.492889,-0.001231,0.04,0.340055,-0.000441,0.0758
genia,recebida_por_token,drop_from_queries_and_denominator,L4,H4,0.552078,0.057958,0.02,0.342796,0.0023,-0.2788
genia,recebida_por_token,drop_from_queries_and_denominator,L4,H5,0.532589,0.038469,0.03,0.3415,0.001004,-0.1374
genia,recebida_por_token,drop_from_queries_and_denominator,L4,H6,0.475586,-0.018534,0.0,0.340496,0.0,-0.0765
genia,recebida_por_token,drop_from_queries_and_denominator,L4,H7,0.537236,0.043116,0.02,0.340322,-0.000175,-0.2579
genia,recebida_por_token,drop_from_queries_and_denominator,L4,H8,0.529585,0.035465,0.0,0.340496,0.0,-0.2858
genia,recebida_por_token,drop_from_queries_and_denominator,L4,H9,0.491017,-0.003103,0.0,0.340496,0.0,0.1306
genia,recebida_por_token,drop_from_queries_and_denominator,L4,H10,0.543263,0.049143,0.03,0.344256,0.00376,-0.2987
genia,recebida_por_token,drop_from_queries_and_denominator,L4,H11,0.578814,0.084694,0.0,0.340496,0.0,-0.2633
genia,recebida_por_token,drop_from_queries_and_denominator,L5,todas,0.512701,0.018581,0.03,0.341509,0.001013,-0.2169
genia,recebida_por_token,drop_from_queries_and_denominator,L5,H0,0.522746,0.028626,0.04,0.34282,0.002324,-0.2379
genia,recebida_por_token,drop_from_queries_and_denominator,L5,H1,0.488773,-0.005347,0.02,0.340945,0.000448,-0.1632
genia,recebida_por_token,drop_from_queries_and_denominator,L5,H2,0.567436,0.073316,0.02,0.3435,0.003004,-0.4221
genia,recebida_por_token,drop_from_queries_and_denominator,L5,H3,0.501746,0.007626,0.01,0.340318,-0.000178,-0.3016
genia,recebida_por_token,drop_from_queries_and_denominator,L5,H4,0.506774,0.012654,0.0,0.340496,0.0,-0.1707
genia,recebida_por_token,drop_from_queries_and_denominator,L5,H5,0.5015,0.00738,0.02,0.339459,-0.001037,0.0172
genia,recebida_por_token,drop_from_queries_and_denominator,L5,H6,0.484454,-0.009666,0.0,0.340496,0.0,0.2804
genia,recebida_por_token,drop_from_queries_and_denominator,L5,H7,0.539263,0.045143,0.02,0.341771,0.001275,-0.2316
genia,recebida_por_token,drop_from_queries_and_denominator,L5,H8,0.49788,0.00376,0.03,0.340383,-0.000113,-0.1538
genia,recebida_por_token,drop_from_queries_and_denominator,L5,H9,0.50514,0.01102,0.07,0.342283,0.001787,-0.0246
genia,recebida_por_token,drop_from_queries_and_denominator,L5,H10,0.456737,-0.037383,0.03,0.339686,-0.000811,0.2789
genia,recebida_por_token,drop_from_queries_and_denominator,L5,H11,0.514195,0.020075,0.03,0.340715,0.000219,-0.279
genia,recebida_por_token,drop_from_queries_and_denominator,L6,todas,0.534837,0.040717,0.02,0.342216,0.00172,-0.37
genia,recebida_por_token,drop_from_queries_and_denominator,L6,H0,0.498554,0.004434,0.03,0.338888,-0.001608,0.1059
genia,recebida_por_token,drop_from_queries_and_denominator,L6,H1,0.532116,0.037996,0.0,0.340496,0.0,-0.3338
genia,recebida_por_token,drop_from_queries_and_denominator,L6,H2,0.51927,0.02515,0.0,0.340496,0.0,0.0848
genia,recebida_por_token,drop_from_queries_and_denominator,L6,H3,0.482372,-0.011748,0.09,0.343594,0.003098,0.0424
genia,recebida_por_token,drop_from_queries_and_denominator,L6,H4,0.515635,0.021515,0.03,0.34187,0.001374,-0.2579
genia,recebida_por_token,drop_from_queries_and_denominator,L6,H5,0.533508,0.039388,0.02,0.34125,0.000754,-0.4137
genia,recebida_por_token,drop_from_queries_and_denominator,L6,H6,0.532733,0.038613,0.0,0.340496,0.0,-0.2005
genia,recebida_por_token,drop_from_queries_and_denominator,L6,H7,0.566128,0.072008,0.02,0.342785,0.002288,-0.3857
genia,recebida_por_token,drop_from_queries_and_denominator,L6,H8,0.534141,0.040021,0.04,0.344736,0.00424,-0.3797
genia,recebida_por_token,drop_from_queries_and_denominator,L6,H9,0.49897,0.00485,0.02,0.340159,-0.000338,-0.2147
genia,recebida_por_token,drop_from_queries_and_denominator,L6,H10,0.530301,0.036181,0.01,0.342165,0.001669,-0.3366
genia,recebida_por_token,drop_from_queries_and_denominator,L6,H11,0.542342,0.048222,0.0,0.340496,0.0,-0.313
genia,recebida_por_token,drop_from_queries_and_denominator,L7,todas,0.534967,0.040847,0.01,0.340516,2e-05,-0.347
genia,recebida_por_token,drop_from_queries_and_denominator,L7,H0,0.504825,0.010705,0.0,0.340496,0.0,-0.1685
genia,recebida_por_token,drop_from_queries_and_denominator,L7,H1,0.541177,0.047057,0.02,0.341027,0.000531,-0.3072
genia,recebida_por_token,drop_from_queries_and_denominator,L7,H2,0.527586,0.033466,0.02,0.340382,-0.000114,-0.1654
genia,recebida_por_token,drop_from_queries_and_denominator,L7,H3,0.457495,-0.036625,0.04,0.33617,-0.004326,0.2473
genia,recebida_por_token,drop_from_queries_and_denominator,L7,H4,0.512388,0.018268,0.0,0.340496,0.0,-0.1786
genia,recebida_por_token,drop_from_queries_and_denominator,L7,H5,0.538477,0.044357,0.0,0.340496,0.0,-0.3011
genia,recebida_por_token,drop_from_queries_and_denominator,L7,H6,0.533509,0.039388,0.02,0.342614,0.002118,-0.3695
genia,recebida_por_token,drop_from_queries_and_denominator,L7,H7,0.540175,0.046055,0.0,0.340496,0.0,-0.22
genia,recebida_por_token,drop_from_queries_and_denominator,L7,H8,0.531669,0.037549,0.04,0.342624,0.002128,-0.3144
genia,recebida_por_token,drop_from_queries_and_denominator,L7,H9,0.526554,0.032434,0.02,0.341773,0.001277,-0.404
genia,recebida_por_token,drop_from_queries_and_denominator,L7,H10,0.530908,0.036788,0.01,0.340171,-0.000325,-0.1587
genia,recebida_por_token,drop_from_queries_and_denominator,L7,H11,0.536481,0.042361,0.0,0.340496,0.0,-0.2693
genia,recebida_por_token,drop_from_queries_and_denominator,L8,todas,0.540892,0.046772,0.01,0.340786,0.00029,-0.3812
genia,recebida_por_token,drop_from_queries_and_denominator,L8,H0,0.533299,0.039179,0.0,0.340496,0.0,-0.3496
genia,recebida_por_token,drop_from_queries_and_denominator,L8,H1,0.511982,0.017862,0.04,0.343364,0.002868,-0.1489
genia,recebida_por_token,drop_from_queries_and_denominator,L8,H2,0.514258,0.020138,0.02,0.340168,-0.000329,-0.2124
genia,recebida_por_token,drop_from_queries_and_denominator,L8,H3,0.514191,0.020071,0.02,0.340138,-0.000358,-0.0978
genia,recebida_por_token,drop_from_queries_and_denominator,L8,H4,0.50307,0.00895,0.0,0.340496,0.0,-0.2047
genia,recebida_por_token,drop_from_queries_and_denominator,L8,H5,0.56093,0.06681,0.0,0.340496,0.0,-0.3669
genia,recebida_por_token,drop_from_queries_and_denominator,L8,H6,0.527394,0.033274,0.02,0.340697,0.0002,-0.264
genia,recebida_por_token,drop_from_queries_and_denominator,L8,H7,0.534019,0.039899,0.02,0.341252,0.000755,-0.3924
genia,recebida_por_token,drop_from_queries_and_denominator,L8,H8,0.528868,0.034748,0.02,0.340605,0.000108,-0.3131
genia,recebida_por_token,drop_from_queries_and_denominator,L8,H9,0.501879,0.007759,0.0,0.340496,0.0,0.1954
genia,recebida_por_token,drop_from_queries_and_denominator,L8,H10,0.545578,0.051458,0.01,0.340927,0.000431,-0.3769
genia,recebida_por_token,drop_from_queries_and_denominator,L8,H11,0.553325,0.059205,0.02,0.342833,0.002337,-0.2926
genia,recebida_por_token,drop_from_queries_and_denominator,L9,todas,0.534781,0.040661,0.04,0.344826,0.004329,-0.2929
genia,recebida_por_token,drop_from_queries_and_denominator,L9,H0,0.561272,0.067152,0.02,0.342967,0.002471,-0.3868
genia,recebida_por_token,drop_from_queries_and_denominator,L9,H1,0.545644,0.051524,0.02,0.340743,0.000247,-0.2557
genia,recebida_por_token,drop_from_queries_and_denominator,L9,H2,0.54135,0.04723,0.03,0.344111,0.003615,-0.3175
genia,recebida_por_token,drop_from_queries_and_denominator,L9,H3,0.500577,0.006457,0.03,0.340991,0.000495,0.0203
genia,recebida_por_token,drop_from_queries_and_denominator,L9,H4,0.574811,0.080691,0.02,0.341966,0.00147,-0.4086
genia,recebida_por_token,drop_from_queries_and_denominator,L9,H5,0.518933,0.024813,0.04,0.343443,0.002947,-0.1612
genia,recebida_por_token,drop_from_queries_and_denominator,L9,H6,0.498013,0.003893,0.0,0.340496,0.0,0.0709
genia,recebida_por_token,drop_from_queries_and_denominator,L9,H7,0.531395,0.037275,0.02,0.341535,0.001039,-0.387
genia,recebida_por_token,drop_from_queries_and_denominator,L9,H8,0.535605,0.041485,0.03,0.343801,0.003304,-0.3684
genia,recebida_por_token,drop_from_queries_and_denominator,L9,H9,0.51196,0.01784,0.04,0.342727,0.00223,0.0183
genia,recebida_por_token,drop_from_queries_and_denominator,L9,H10,0.557962,0.063842,0.03,0.344697,0.004201,-0.3537
genia,recebida_por_token,drop_from_queries_and_denominator,L9,H11,0.52066,0.02654,0.03,0.344152,0.003656,-0.3335
genia,recebida_por_token,drop_from_queries_and_denominator,L10,todas,0.544007,0.049887,0.02,0.342953,0.002457,-0.4202
genia,recebida_por_token,drop_from_queries_and_denominator,L10,H0,0.49479,0.00067,0.01,0.340036,-0.00046,0.046
genia,recebida_por_token,drop_from_queries_and_denominator,L10,H1,0.528614,0.034494,0.0,0.340496,0.0,-0.4351
genia,recebida_por_token,drop_from_queries_and_denominator,L10,H2,0.545443,0.051323,0.0,0.340496,0.0,-0.3625
genia,recebida_por_token,drop_from_queries_and_denominator,L10,H3,0.579517,0.085397,0.02,0.344172,0.003676,-0.4438
genia,recebida_por_token,drop_from_queries_and_denominator,L10,H4,0.513594,0.019474,0.01,0.340132,-0.000365,-0.125
genia,recebida_por_token,drop_from_queries_and_denominator,L10,H5,0.542212,0.048092,0.03,0.343697,0.003201,-0.3727
genia,recebida_por_token,drop_from_queries_and_denominator,L10,H6,0.540588,0.046468,0.03,0.344266,0.00377,-0.3789
genia,recebida_por_token,drop_from_queries_and_denominator,L10,H7,0.534358,0.040238,0.02,0.343003,0.002507,-0.4172
genia,recebida_por_token,drop_from_queries_and_denominator,L10,H8,0.557298,0.063178,0.01,0.340996,0.0005,-0.3948
genia,recebida_por_token,drop_from_queries_and_denominator,L10,H9,0.53136,0.03724,0.01,0.341065,0.000569,-0.1644
genia,recebida_por_token,drop_from_queries_and_denominator,L10,H10,0.535024,0.040904,0.0,0.340496,0.0,-0.3852
genia,recebida_por_token,drop_from_queries_and_denominator,L10,H11,0.511005,0.016885,0.0,0.340496,0.0,-0.2498
genia,recebida_por_token,drop_from_queries_and_denominator,L11,todas,0.536816,0.042695,0.03,0.342603,0.002106,-0.2648
genia,recebida_por_token,drop_from_queries_and_denominator,L11,H0,0.490794,-0.003326,0.03,0.339717,-0.000779,0.099
genia,recebida_por_token,drop_from_queries_and_denominator,L11,H1,0.512278,0.018158,0.0,0.340496,0.0,0.0342
genia,recebida_por_token,drop_from_queries_and_denominator,L11,H2,0.549715,0.055595,0.02,0.342667,0.002171,-0.4077
genia,recebida_por_token,drop_from_queries_and_denominator,L11,H3,0.527433,0.033313,0.03,0.341198,0.000702,-0.1894
genia,recebida_por_token,drop_from_queries_and_denominator,L11,H4,0.541738,0.047618,0.03,0.34264,0.002144,-0.3274
genia,recebida_por_token,drop_from_queries_and_denominator,L11,H5,0.538677,0.044557,0.01,0.34051,1.4e-05,-0.2544
genia,recebida_por_token,drop_from_queries_and_denominator,L11,H6,0.585423,0.091303,0.01,0.340943,0.000446,-0.3769
genia,recebida_por_token,drop_from_queries_and_denominator,L11,H7,0.50513,0.01101,0.0,0.340496,0.0,-0.1928
genia,recebida_por_token,drop_from_queries_and_denominator,L11,H8,0.528679,0.034559,0.02,0.342146,0.001649,-0.2555
genia,recebida_por_token,drop_from_queries_and_denominator,L11,H9,0.548101,0.053981,0.02,0.342674,0.002178,-0.3443
genia,recebida_por_token,drop_from_queries_and_denominator,L11,H10,0.550533,0.056413,0.0,0.340496,0.0,-0.1766
genia,recebida_por_token,drop_from_queries_and_denominator,L11,H11,0.546413,0.052293,0.03,0.343999,0.003503,-0.2843
genia,recebida_por_token,drop_from_queries_and_denominator,0-3,todas,0.52124,0.02712,0.01,0.340631,0.000135,-0.1186
genia,recebida_por_token,drop_from_queries_and_denominator,0-3,H0,0.518886,0.024765,0.02,0.341256,0.00076,-0.143
genia,recebida_por_token,drop_from_queries_and_denominator,0-3,H1,0.507212,0.013092,0.04,0.342649,0.002152,-0.0074
genia,recebida_por_token,drop_from_queries_and_denominator,0-3,H2,0.534608,0.040488,0.0,0.340496,0.0,-0.1163
genia,recebida_por_token,drop_from_queries_and_denominator,0-3,H3,0.505321,0.011201,0.03,0.341198,0.000702,-0.1736
genia,recebida_por_token,drop_from_queries_and_denominator,0-3,H4,0.505215,0.011095,0.0,0.340496,0.0,0.089
genia,recebida_por_token,drop_from_queries_and_denominator,0-3,H5,0.539818,0.045698,0.02,0.341697,0.001201,-0.1761
genia,recebida_por_token,drop_from_queries_and_denominator,0-3,H6,0.502761,0.008641,0.02,0.341041,0.000545,0.0966
genia,recebida_por_token,drop_from_queries_and_denominator,0-3,H7,0.528403,0.034283,0.03,0.342954,0.002458,-0.0842
genia,recebida_por_token,drop_from_queries_and_denominator,0-3,H8,0.514575,0.020455,0.0,0.340496,0.0,0.0354
genia,recebida_por_token,drop_from_queries_and_denominator,0-3,H9,0.521251,0.027131,0.01,0.340839,0.000342,-0.1572
genia,recebida_por_token,drop_from_queries_and_denominator,0-3,H10,0.538513,0.044393,0.0,0.340496,0.0,-0.2429
genia,recebida_por_token,drop_from_queries_and_denominator,0-3,H11,0.526652,0.032532,0.01,0.340426,-7e-05,-0.2088
genia,recebida_por_token,drop_from_queries_and_denominator,4-7,todas,0.530583,0.036463,0.02,0.341559,0.001063,-0.3213
genia,recebida_por_token,drop_from_queries_and_denominator,4-7,H0,0.516266,0.022146,0.01,0.340276,-0.00022,-0.1385
genia,recebida_por_token,drop_from_queries_and_denominator,4-7,H1,0.531633,0.037513,0.01,0.340759,0.000263,-0.3399
genia,recebida_por_token,drop_from_queries_and_denominator,4-7,H2,0.545723,0.051603,0.02,0.341578,0.001082,-0.236
genia,recebida_por_token,drop_from_queries_and_denominator,4-7,H3,0.471585,-0.022535,0.07,0.339753,-0.000743,0.0441
genia,recebida_por_token,drop_from_queries_and_denominator,4-7,H4,0.522767,0.028647,0.0,0.340496,0.0,-0.2965
genia,recebida_por_token,drop_from_queries_and_denominator,4-7,H5,0.538862,0.044742,0.01,0.340752,0.000256,-0.3404
genia,recebida_por_token,drop_from_queries_and_denominator,4-7,H6,0.510925,0.016805,0.01,0.34066,0.000164,-0.275
genia,recebida_por_token,drop_from_queries_and_denominator,4-7,H7,0.555501,0.061381,0.01,0.340702,0.000206,-0.3393
genia,recebida_por_token,drop_from_queries_and_denominator,4-7,H8,0.530118,0.035998,0.04,0.343809,0.003313,-0.361
genia,recebida_por_token,drop_from_queries_and_denominator,4-7,H9,0.507945,0.013825,0.02,0.340558,6.1e-05,-0.2534
genia,recebida_por_token,drop_from_queries_and_denominator,4-7,H10,0.514889,0.020769,0.02,0.342793,0.002297,-0.2097
genia,recebida_por_token,drop_from_queries_and_denominator,4-7,H11,0.545635,0.051515,0.0,0.340496,0.0,-0.3656
genia,recebida_por_token,drop_from_queries_and_denominator,8-11,todas,0.541945,0.047825,0.02,0.342159,0.001663,-0.3683
genia,recebida_por_token,drop_from_queries_and_denominator,8-11,H0,0.5196,0.02548,0.02,0.341307,0.000811,-0.2058
genia,recebida_por_token,drop_from_queries_and_denominator,8-11,H1,0.528975,0.034855,0.04,0.343299,0.002803,-0.2107
genia,recebida_por_token,drop_from_queries_and_denominator,8-11,H2,0.549218,0.055098,0.01,0.341398,0.000901,-0.4439
genia,recebida_por_token,drop_from_queries_and_denominator,8-11,H3,0.535928,0.041808,0.03,0.342091,0.001595,-0.2268
genia,recebida_por_token,drop_from_queries_and_denominator,8-11,H4,0.540467,0.046347,0.0,0.340496,0.0,-0.3705
genia,recebida_por_token,drop_from_queries_and_denominator,8-11,H5,0.551051,0.056931,0.02,0.343025,0.002529,-0.3923
genia,recebida_por_token,drop_from_queries_and_denominator,8-11,H6,0.537132,0.043012,0.02,0.341255,0.000759,-0.3047
genia,recebida_por_token,drop_from_queries_and_denominator,8-11,H7,0.532214,0.038094,0.02,0.342089,0.001593,-0.4249
genia,recebida_por_token,drop_from_queries_and_denominator,8-11,H8,0.542309,0.048189,0.02,0.341697,0.0012,-0.3973
genia,recebida_por_token,drop_from_queries_and_denominator,8-11,H9,0.526519,0.032399,0.02,0.341828,0.001331,-0.1202
genia,recebida_por_token,drop_from_queries_and_denominator,8-11,H10,0.552827,0.058707,0.02,0.343077,0.00258,-0.3983
genia,recebida_por_token,drop_from_queries_and_denominator,8-11,H11,0.547469,0.053349,0.03,0.345746,0.005249,-0.4164
conll2003,recebida,keep,todas,todas,0.52877,0.011826,0.0,0.243391,0.0,0.6345
conll2003,recebida,keep,todas,H0,0.520619,0.003675,0.0,0.243391,0.0,0.6249
conll2003,recebida,keep,todas,H1,0.550535,0.033591,0.0,0.243391,0.0,0.585
conll2003,recebida,keep,todas,H2,0.530715,0.01377,0.0,0.243391,0.0,0.6297
conll2003,recebida,keep,todas,H3,0.530186,0.013241,0.0,0.243391,0.0,0.6365
conll2003,recebida,keep,todas,H4,0.515843,-0.001101,0.0,0.243391,0.0,0.6579
conll2003,recebida,keep,todas,H5,0.539807,0.022863,0.0,0.243391,0.0,0.6036
conll2003,recebida,keep,todas,H6,0.525511,0.008566,0.0,0.243391,0.0,0.6529
conll2003,recebida,keep,todas,H7,0.527325,0.010381,0.0,0.243391,0.0,0.5745
conll2003,recebida,keep,todas,H8,0.536225,0.019281,0.0,0.243391,0.0,0.6285
conll2003,recebida,keep,todas,H9,0.528013,0.011069,0.0,0.243391,0.0,0.6237
conll2003,recebida,keep,todas,H10,0.523424,0.00648,0.0,0.243391,0.0,0.6215
conll2003,recebida,keep,todas,H11,0.512579,-0.004366,0.0,0.243391,0.0,0.6332
conll2003,recebida,keep,L0,todas,0.53485,0.017906,0.0,0.243391,0.0,0.6397
conll2003,recebida,keep,L0,H0,0.520214,0.00327,0.0,0.243391,0.0,0.572
conll2003,recebida,keep,L0,H1,0.521882,0.004937,0.0,0.243391,0.0,0.5243
conll2003,recebida,keep,L0,H2,0.563314,0.04637,0.0,0.243391,0.0,0.6514
conll2003,recebida,keep,L0,H3,0.558082,0.041138,0.0,0.243391,0.0,0.6171
conll2003,recebida,keep,L0,H4,0.51318,-0.003764,0.0,0.243391,0.0,0.5385
conll2003,recebida,keep,L0,H5,0.533304,0.01636,0.0,0.243391,0.0,0.694
conll2003,recebida,keep,L0,H6,0.563594,0.04665,0.0,0.243391,0.0,0.3619
conll2003,recebida,keep,L0,H7,0.517876,0.000932,0.0,0.243391,0.0,0.5419
conll2003,recebida,keep,L0,H8,0.522997,0.006053,0.0,0.243391,0.0,0.6228
conll2003,recebida,keep,L0,H9,0.53878,0.021836,0.0,0.243391,0.0,0.5381
conll2003,recebida,keep,L0,H10,0.514113,-0.002831,0.0,0.243391,0.0,0.4938
conll2003,recebida,keep,L0,H11,0.543628,0.026684,0.0,0.243391,0.0,0.5372
conll2003,recebida,keep,L1,todas,0.523578,0.006634,0.0,0.243391,0.0,0.6494
conll2003,recebida,keep,L1,H0,0.50265,-0.014294,0.0,0.243391,0.0,0.6181
conll2003,recebida,keep,L1,H1,0.530343,0.013399,0.0,0.243391,0.0,0.5266
conll2003,recebida,keep,L1,H2,0.578286,0.061342,0.0,0.243391,0.0,0.5202
conll2003,recebida,keep,L1,H3,0.498699,-0.018245,0.01,0.246335,0.002944,0.5361
conll2003,recebida,keep,L1,H4,0.427086,-0.089859,0.02,0.240844,-0.002547,0.5408
conll2003,recebida,keep,L1,H5,0.630505,0.113561,0.0,0.243391,0.0,0.5345
conll2003,recebida,keep,L1,H6,0.490534,-0.026411,0.01,0.243979,0.000588,0.5872
conll2003,recebida,keep,L1,H7,0.495659,-0.021285,0.01,0.242674,-0.000717,0.6684
conll2003,recebida,keep,L1,H8,0.500784,-0.01616,0.01,0.243272,-0.000119,0.6645
conll2003,recebida,keep,L1,H9,0.541458,0.024514,0.0,0.243391,0.0,0.5185
conll2003,recebida,keep,L1,H10,0.530989,0.014045,0.0,0.243391,0.0,0.557
conll2003,recebida,keep,L1,H11,0.510394,-0.00655,0.0,0.243391,0.0,0.6103
conll2003,recebida,keep,L2,todas,0.536568,0.019624,0.0,0.243391,0.0,0.6669
conll2003,recebida,keep,L2,H0,0.526422,0.009478,0.0,0.243391,0.0,0.4769
conll2003,recebida,keep,L2,H1,0.593819,0.076875,0.0,0.243391,0.0,0.5026
conll2003,recebida,keep,L2,H2,0.559583,0.042639,0.0,0.243391,0.0,0.5289
conll2003,recebida,keep,L2,H3,0.576506,0.059562,0.0,0.243391,0.0,0.6196
conll2003,recebida,keep,L2,H4,0.422545,-0.094399,0.01,0.242223,-0.001168,0.6581
conll2003,recebida,keep,L2,H5,0.542741,0.025797,0.0,0.243391,0.0,0.5134
conll2003,recebida,keep,L2,H6,0.538776,0.021832,0.0,0.243391,0.0,0.6488
conll2003,recebida,keep,L2,H7,0.560654,0.04371,0.0,0.243391,0.0,0.4321
conll2003,recebida,keep,L2,H8,0.537545,0.020601,0.0,0.243391,0.0,0.5831
conll2003,recebida,keep,L2,H9,0.511889,-0.005055,0.0,0.243391,0.0,0.6146
conll2003,recebida,keep,L2,H10,0.621646,0.104702,0.0,0.243391,0.0,0.4086
conll2003,recebida,keep,L2,H11,0.494171,-0.022773,0.01,0.244056,0.000665,0.5828
conll2003,recebida,keep,L3,todas,0.529284,0.01234,0.0,0.243391,0.0,0.6414
conll2003,recebida,keep,L3,H0,0.485789,-0.031155,0.01,0.242516,-0.000875,0.6788
conll2003,recebida,keep,L3,H1,0.552162,0.035218,0.0,0.243391,0.0,0.272
conll2003,recebida,keep,L3,H2,0.512695,-0.004249,0.0,0.243391,0.0,0.6459
conll2003,recebida,keep,L3,H3,0.51461,-0.002335,0.0,0.243391,0.0,0.5663
conll2003,recebida,keep,L3,H4,0.546215,0.029271,0.0,0.243391,0.0,0.4068
conll2003,recebida,keep,L3,H5,0.595461,0.078516,0.0,0.243391,0.0,0.5529
conll2003,recebida,keep,L3,H6,0.511801,-0.005143,0.0,0.243391,0.0,0.4678
conll2003,recebida,keep,L3,H7,0.557767,0.040822,0.0,0.243391,0.0,0.5118
conll2003,recebida,keep,L3,H8,0.553213,0.036269,0.0,0.243391,0.0,0.4655
conll2003,recebida,keep,L3,H9,0.604416,0.087472,0.0,0.243391,0.0,0.5026
conll2003,recebida,keep,L3,H10,0.486497,-0.030447,0.0,0.243391,0.0,0.5326
conll2003,recebida,keep,L3,H11,0.514774,-0.00217,0.0,0.243391,0.0,0.5066
conll2003,recebida,keep,L4,todas,0.560223,0.043279,0.0,0.243391,0.0,0.6449
conll2003,recebida,keep,L4,H0,0.524762,0.007818,0.01,0.243065,-0.000326,0.6726
conll2003,recebida,keep,L4,H1,0.578788,0.061844,0.0,0.243391,0.0,0.4798
conll2003,recebida,keep,L4,H2,0.563722,0.046778,0.0,0.243391,0.0,0.4538
conll2003,recebida,keep,L4,H3,0.509616,-0.007328,0.0,0.243391,0.0,0.5427
conll2003,recebida,keep,L4,H4,0.560169,0.043225,0.0,0.243391,0.0,0.2858
conll2003,recebida,keep,L4,H5,0.564727,0.047783,0.0,0.243391,0.0,0.5553
conll2003,recebida,keep,L4,H6,0.535305,0.018361,0.0,0.243391,0.0,0.2915
conll2003,recebida,keep,L4,H7,0.500189,-0.016755,0.0,0.243391,0.0,0.6096
conll2003,recebida,keep,L4,H8,0.614412,0.097468,0.0,0.243391,0.0,0.4909
conll2003,recebida,keep,L4,H9,0.54551,0.028566,0.0,0.243391,0.0,0.5107
conll2003,recebida,keep,L4,H10,0.580706,0.063761,0.0,0.243391,0.0,0.569
conll2003,recebida,keep,L4,H11,0.457304,-0.05964,0.02,0.242482,-0.00091,0.6822
conll2003,recebida,keep,L5,todas,0.526472,0.009528,0.0,0.243391,0.0,0.6112
conll2003,recebida,keep,L5,H0,0.54737,0.030426,0.0,0.243391,0.0,0.5132
conll2003,recebida,keep,L5,H1,0.553575,0.036631,0.0,0.243391,0.0,0.3897
conll2003,recebida,keep,L5,H2,0.50152,-0.015424,0.01,0.243102,-0.000289,0.4795
conll2003,recebida,keep,L5,H3,0.506344,-0.010601,0.0,0.243391,0.0,0.3255
conll2003,recebida,keep,L5,H4,0.523834,0.00689,0.0,0.243391,0.0,0.3859
conll2003,recebida,keep,L5,H5,0.559187,0.042243,0.0,0.243391,0.0,0.4504
conll2003,recebida,keep,L5,H6,0.504364,-0.01258,0.01,0.243748,0.000357,0.5349
conll2003,recebida,keep,L5,H7,0.543089,0.026145,0.0,0.243391,0.0,0.5568
conll2003,recebida,keep,L5,H8,0.52426,0.007316,0.01,0.242181,-0.00121,0.58
conll2003,recebida,keep,L5,H9,0.520249,0.003305,0.0,0.243391,0.0,0.5049
conll2003,recebida,keep,L5,H10,0.459582,-0.057362,0.01,0.242115,-0.001276,0.6771
conll2003,recebida,keep,L5,H11,0.492026,-0.024918,0.0,0.243391,0.0,0.5764
conll2003,recebida,keep,L6,todas,0.535893,0.018949,0.0,0.243391,0.0,0.571
conll2003,recebida,keep,L6,H0,0.553829,0.036884,0.0,0.243391,0.0,0.5565
conll2003,recebida,keep,L6,H1,0.550019,0.033074,0.0,0.243391,0.0,0.3396
conll2003,recebida,keep,L6,H2,0.605834,0.088889,0.0,0.243391,0.0,0.5492
conll2003,recebida,keep,L6,H3,0.504846,-0.012098,0.0,0.243391,0.0,0.6553
conll2003,recebida,keep,L6,H4,0.504454,-0.01249,0.01,0.24467,0.001279,0.6668
conll2003,recebida,keep,L6,H5,0.52779,0.010846,0.0,0.243391,0.0,0.5406
conll2003,recebida,keep,L6,H6,0.548702,0.031758,0.0,0.243391,0.0,0.3204
conll2003,recebida,keep,L6,H7,0.553079,0.036135,0.0,0.243391,0.0,0.5215
conll2003,recebida,keep,L6,H8,0.555515,0.03857,0.0,0.243391,0.0,0.4152
conll2003,recebida,keep,L6,H9,0.584074,0.06713,0.0,0.243391,0.0,0.2101
conll2003,recebida,keep,L6,H10,0.486736,-0.030208,0.0,0.243391,0.0,0.3159
conll2003,recebida,keep,L6,H11,0.523472,0.006528,0.0,0.243391,0.0,0.3923
conll2003,recebida,keep,L7,todas,0.521796,0.004852,0.0,0.243391,0.0,0.5365
conll2003,recebida,keep,L7,H0,0.556169,0.039225,0.0,0.243391,0.0,0.4096
conll2003,recebida,keep,L7,H1,0.550795,0.033851,0.01,0.244375,0.000984,0.4249
conll2003,recebida,keep,L7,H2,0.491726,-0.025218,0.0,0.243391,0.0,0.3868
conll2003,recebida,keep,L7,H3,0.512124,-0.004821,0.0,0.243391,0.0,0.6076
conll2003,recebida,keep,L7,H4,0.563144,0.046199,0.01,0.243978,0.000587,0.4683
conll2003,recebida,keep,L7,H5,0.539361,0.022417,0.0,0.243391,0.0,0.1885
conll2003,recebida,keep,L7,H6,0.494652,-0.022293,0.0,0.243391,0.0,0.3085
conll2003,recebida,keep,L7,H7,0.527159,0.010215,0.0,0.243391,0.0,0.3583
conll2003,recebida,keep,L7,H8,0.502745,-0.0142,0.0,0.243391,0.0,0.4058
conll2003,recebida,keep,L7,H9,0.483523,-0.033421,0.0,0.243391,0.0,0.4084
conll2003,recebida,keep,L7,H10,0.525558,0.008614,0.0,0.243391,0.0,0.4459
conll2003,recebida,keep,L7,H11,0.526245,0.009301,0.0,0.243391,0.0,0.4498
conll2003,recebida,keep,L8,todas,0.519208,0.002264,0.0,0.243391,0.0,0.5263
conll2003,recebida,keep,L8,H0,0.488475,-0.028469,0.0,0.243391,0.0,0.3405
conll2003,recebida,keep,L8,H1,0.526401,0.009457,0.0,0.243391,0.0,0.4609
conll2003,recebida,keep,L8,H2,0.537776,0.020832,0.0,0.243391,0.0,0.3609
conll2003,recebida,keep,L8,H3,0.548398,0.031454,0.0,0.243391,0.0,0.5668
conll2003,recebida,keep,L8,H4,0.472392,-0.044552,0.0,0.243391,0.0,0.2199
conll2003,recebida,keep,L8,H5,0.551751,0.034807,0.0,0.243391,0.0,0.2759
conll2003,recebida,keep,L8,H6,0.523413,0.006469,0.0,0.243391,0.0,0.6413
conll2003,recebida,keep,L8,H7,0.547961,0.031016,0.0,0.243391,0.0,0.314
conll2003,recebida,keep,L8,H8,0.481843,-0.035101,0.0,0.243391,0.0,0.4614
conll2003,recebida,keep,L8,H9,0.510499,-0.006446,0.01,0.243013,-0.000378,0.6382
conll2003,recebida,keep,L8,H10,0.553857,0.036912,0.0,0.243391,0.0,0.4447
conll2003,recebida,keep,L8,H11,0.461022,-0.055922,0.0,0.243391,0.0,0.3023
conll2003,recebida,keep,L9,todas,0.526888,0.009943,0.0,0.243391,0.0,0.6473
conll2003,recebida,keep,L9,H0,0.530092,0.013148,0.0,0.243391,0.0,0.4328
conll2003,recebida,keep,L9,H1,0.525514,0.008569,0.0,0.243391,0.0,0.5635
conll2003,recebida,keep,L9,H2,0.530398,0.013453,0.0,0.243391,0.0,0.5337
conll2003,recebida,keep,L9,H3,0.531277,0.014333,0.0,0.243391,0.0,0.666
conll2003,recebida,keep,L9,H4,0.550039,0.033095,0.0,0.243391,0.0,0.3876
conll2003,recebida,keep,L9,H5,0.515368,-0.001576,0.0,0.243391,0.0,0.5059
conll2003,recebida,keep,L9,H6,0.533391,0.016447,0.0,0.243391,0.0,0.6061
conll2003,recebida,keep,L9,H7,0.515146,-0.001798,0.0,0.243391,0.0,0.3559
conll2003,recebida,keep,L9,H8,0.543954,0.02701,0.0,0.243391,0.0,0.4482
conll2003,recebida,keep,L9,H9,0.523506,0.006562,0.0,0.243391,0.0,0.6893
conll2003,recebida,keep,L9,H10,0.529816,0.012872,0.0,0.243391,0.0,0.5691
conll2003,recebida,keep,L9,H11,0.466895,-0.050049,0.0,0.243391,0.0,0.4793
conll2003,recebida,keep,L10,todas,0.509337,-0.007607,0.0,0.243391,0.0,0.5686
conll2003,recebida,keep,L10,H0,0.507718,-0.009226,0.0,0.243391,0.0,0.6715
conll2003,recebida,keep,L10,H1,0.548263,0.031319,0.0,0.243391,0.0,0.4658
conll2003,recebida,keep,L10,H2,0.508452,-0.008492,0.0,0.243391,0.0,0.2373
conll2003,recebida,keep,L10,H3,0.551571,0.034627,0.0,0.243391,0.0,0.1785
conll2003,recebida,keep,L10,H4,0.541798,0.024854,0.0,0.243391,0.0,0.4454
conll2003,recebida,keep,L10,H5,0.485764,-0.03118,0.0,0.243391,0.0,0.4683
conll2003,recebida,keep,L10,H6,0.497807,-0.019137,0.0,0.243391,0.0,0.4482
conll2003,recebida,keep,L10,H7,0.485573,-0.031371,0.0,0.243391,0.0,0.4621
conll2003,recebida,keep,L10,H8,0.501508,-0.015437,0.0,0.243391,0.0,0.5594
conll2003,recebida,keep,L10,H9,0.484721,-0.032223,0.0,0.243391,0.0,0.6429
conll2003,recebida,keep,L10,H10,0.547619,0.030675,0.0,0.243391,0.0,0.3699
conll2003,recebida,keep,L10,H11,0.548537,0.031593,0.01,0.244361,0.00097,0.3642
conll2003,recebida,keep,L11,todas,0.532817,0.015873,0.0,0.243391,0.0,0.6152
conll2003,recebida,keep,L11,H0,0.536467,0.019523,0.0,0.243391,0.0,0.5263
conll2003,recebida,keep,L11,H1,0.529973,0.013029,0.0,0.243391,0.0,0.5904
conll2003,recebida,keep,L11,H2,0.370513,-0.146432,0.0,0.243391,0.0,0.6429
conll2003,recebida,keep,L11,H3,0.532919,0.015974,0.0,0.243391,0.0,0.5127
conll2003,recebida,keep,L11,H4,0.530843,0.013899,0.0,0.243391,0.0,0.5879
conll2003,recebida,keep,L11,H5,0.550395,0.033451,0.0,0.243391,0.0,0.542
conll2003,recebida,keep,L11,H6,0.579496,0.062552,0.0,0.243391,0.0,0.635
conll2003,recebida,keep,L11,H7,0.530068,0.013124,0.0,0.243391,0.0,0.4849
conll2003,recebida,keep,L11,H8,0.564738,0.047794,0.0,0.243391,0.0,0.5897
conll2003,recebida,keep,L11,H9,0.52025,0.003306,0.0,0.243391,0.0,0.5481
conll2003,recebida,keep,L11,H10,0.556882,0.039938,0.01,0.243231,-0.00016,0.6482
conll2003,recebida,keep,L11,H11,0.529104,0.01216,0.0,0.243391,0.0,0.5733
conll2003,recebida,keep,0-3,todas,0.531433,0.014489,0.0,0.243391,0.0,0.6608
conll2003,recebida,keep,0-3,H0,0.51062,-0.006324,0.0,0.243391,0.0,0.6453
conll2003,recebida,keep,0-3,H1,0.545321,0.028377,0.0,0.243391,0.0,0.5608
conll2003,recebida,keep,0-3,H2,0.547617,0.030673,0.0,0.243391,0.0,0.6656
conll2003,recebida,keep,0-3,H3,0.54353,0.026586,0.0,0.243391,0.0,0.6868
conll2003,recebida,keep,0-3,H4,0.47799,-0.038954,0.01,0.242496,-0.000895,0.6352
conll2003,recebida,keep,0-3,H5,0.586045,0.069101,0.0,0.243391,0.0,0.6693
conll2003,recebida,keep,0-3,H6,0.530778,0.013833,0.0,0.243391,0.0,0.6507
conll2003,recebida,keep,0-3,H7,0.521653,0.004709,0.0,0.243391,0.0,0.6571
conll2003,recebida,keep,0-3,H8,0.533109,0.016164,0.0,0.243391,0.0,0.6798
conll2003,recebida,keep,0-3,H9,0.539485,0.022541,0.0,0.243391,0.0,0.5927
conll2003,recebida,keep,0-3,H10,0.531176,0.014231,0.0,0.243391,0.0,0.5841
conll2003,recebida,keep,0-3,H11,0.520747,0.003803,0.0,0.243391,0.0,0.6243
conll2003,recebida,keep,4-7,todas,0.533765,0.016821,0.0,0.243391,0.0,0.6036
conll2003,recebida,keep,4-7,H0,0.550337,0.033393,0.0,0.243391,0.0,0.6457
conll2003,recebida,keep,4-7,H1,0.569982,0.053038,0.0,0.243391,0.0,0.4935
conll2003,recebida,keep,4-7,H2,0.535397,0.018453,0.0,0.243391,0.0,0.5291
conll2003,recebida,keep,4-7,H3,0.509211,-0.007733,0.0,0.243391,0.0,0.6094
conll2003,recebida,keep,4-7,H4,0.547813,0.030868,0.0,0.243391,0.0,0.5843
conll2003,recebida,keep,4-7,H5,0.554083,0.037139,0.0,0.243391,0.0,0.4983
conll2003,recebida,keep,4-7,H6,0.525814,0.00887,0.0,0.243391,0.0,0.5077
conll2003,recebida,keep,4-7,H7,0.543702,0.026757,0.0,0.243391,0.0,0.6034
conll2003,recebida,keep,4-7,H8,0.550924,0.03398,0.0,0.243391,0.0,0.5325
conll2003,recebida,keep,4-7,H9,0.528499,0.011555,0.0,0.243391,0.0,0.5178
conll2003,recebida,keep,4-7,H10,0.48809,-0.028854,0.0,0.243391,0.0,0.551
conll2003,recebida,keep,4-7,H11,0.51594,-0.001004,0.0,0.243391,0.0,0.5495
conll2003,recebida,keep,8-11,todas,0.522436,0.005492,0.0,0.243391,0.0,0.6025
conll2003,recebida,keep,8-11,H0,0.515819,-0.001125,0.0,0.243391,0.0,0.5603
conll2003,recebida,keep,8-11,H1,0.532249,0.015305,0.0,0.243391,0.0,0.6338
conll2003,recebida,keep,8-11,H2,0.497961,-0.018983,0.0,0.243391,0.0,0.539
conll2003,recebida,keep,8-11,H3,0.540761,0.023817,0.0,0.243391,0.0,0.5994
conll2003,recebida,keep,8-11,H4,0.535188,0.018244,0.0,0.243391,0.0,0.5774
conll2003,recebida,keep,8-11,H5,0.511938,-0.005006,0.0,0.243391,0.0,0.5397
conll2003,recebida,keep,8-11,H6,0.522501,0.005557,0.0,0.243391,0.0,0.6584
conll2003,recebida,keep,8-11,H7,0.521114,0.004169,0.0,0.243391,0.0,0.4415
conll2003,recebida,keep,8-11,H8,0.513348,-0.003596,0.0,0.243391,0.0,0.5669
conll2003,recebida,keep,8-11,H9,0.51003,-0.006914,0.0,0.243391,0.0,0.662
conll2003,recebida,keep,8-11,H10,0.553746,0.036802,0.0,0.243391,0.0,0.5942
conll2003,recebida,keep,8-11,H11,0.50175,-0.015194,0.0,0.243391,0.0,0.6063
conll2003,recebida,drop_from_denominator,todas,todas,0.533644,0.0167,0.0,0.243391,0.0,0.589
conll2003,recebida,drop_from_denominator,todas,H0,0.527375,0.010431,0.0,0.243391,0.0,0.5847
conll2003,recebida,drop_from_denominator,todas,H1,0.552688,0.035744,0.0,0.243391,0.0,0.5503
conll2003,recebida,drop_from_denominator,todas,H2,0.534352,0.017408,0.0,0.243391,0.0,0.5987
conll2003,recebida,drop_from_denominator,todas,H3,0.535277,0.018333,0.0,0.243391,0.0,0.579
conll2003,recebida,drop_from_denominator,todas,H4,0.519172,0.002228,0.0,0.243391,0.0,0.6048
conll2003,recebida,drop_from_denominator,todas,H5,0.544942,0.027998,0.0,0.243391,0.0,0.5835
conll2003,recebida,drop_from_denominator,todas,H6,0.530743,0.013799,0.0,0.243391,0.0,0.6037
conll2003,recebida,drop_from_denominator,todas,H7,0.53154,0.014596,0.0,0.243391,0.0,0.531
conll2003,recebida,drop_from_denominator,todas,H8,0.542473,0.025529,0.0,0.243391,0.0,0.5868
conll2003,recebida,drop_from_denominator,todas,H9,0.533324,0.01638,0.0,0.243391,0.0,0.5734
conll2003,recebida,drop_from_denominator,todas,H10,0.529412,0.012468,0.0,0.243391,0.0,0.5815
conll2003,recebida,drop_from_denominator,todas,H11,0.519017,0.002072,0.0,0.243391,0.0,0.5836
conll2003,recebida,drop_from_denominator,L0,todas,0.537971,0.021027,0.0,0.243391,0.0,0.5898
conll2003,recebida,drop_from_denominator,L0,H0,0.525089,0.008145,0.0,0.243391,0.0,0.5306
conll2003,recebida,drop_from_denominator,L0,H1,0.524723,0.007778,0.0,0.243391,0.0,0.517
conll2003,recebida,drop_from_denominator,L0,H2,0.559496,0.042551,0.0,0.243391,0.0,0.6237
conll2003,recebida,drop_from_denominator,L0,H3,0.556751,0.039807,0.0,0.243391,0.0,0.534
conll2003,recebida,drop_from_denominator,L0,H4,0.512748,-0.004196,0.0,0.243391,0.0,0.5207
conll2003,recebida,drop_from_denominator,L0,H5,0.535673,0.018729,0.0,0.243391,0.0,0.6703
conll2003,recebida,drop_from_denominator,L0,H6,0.565082,0.048138,0.0,0.243391,0.0,0.3383
conll2003,recebida,drop_from_denominator,L0,H7,0.523954,0.00701,0.0,0.243391,0.0,0.5045
conll2003,recebida,drop_from_denominator,L0,H8,0.528786,0.011842,0.0,0.243391,0.0,0.5896
conll2003,recebida,drop_from_denominator,L0,H9,0.540131,0.023187,0.0,0.243391,0.0,0.4999
conll2003,recebida,drop_from_denominator,L0,H10,0.518194,0.00125,0.0,0.243391,0.0,0.4666
conll2003,recebida,drop_from_denominator,L0,H11,0.547931,0.030987,0.0,0.243391,0.0,0.5035
conll2003,recebida,drop_from_denominator,L1,todas,0.529105,0.012161,0.0,0.243391,0.0,0.607
conll2003,recebida,drop_from_denominator,L1,H0,0.512604,-0.00434,0.0,0.243391,0.0,0.5737
conll2003,recebida,drop_from_denominator,L1,H1,0.535175,0.018231,0.0,0.243391,0.0,0.4693
conll2003,recebida,drop_from_denominator,L1,H2,0.582315,0.065371,0.0,0.243391,0.0,0.4948
conll2003,recebida,drop_from_denominator,L1,H3,0.508693,-0.008251,0.0,0.243391,0.0,0.5113
conll2003,recebida,drop_from_denominator,L1,H4,0.449121,-0.067823,0.01,0.241525,-0.001866,0.5094
conll2003,recebida,drop_from_denominator,L1,H5,0.624188,0.107244,0.0,0.243391,0.0,0.5507
conll2003,recebida,drop_from_denominator,L1,H6,0.495352,-0.021592,0.01,0.244151,0.00076,0.565
conll2003,recebida,drop_from_denominator,L1,H7,0.503521,-0.013423,0.01,0.242987,-0.000404,0.6259
conll2003,recebida,drop_from_denominator,L1,H8,0.508275,-0.008669,0.01,0.243475,8.4e-05,0.639
conll2003,recebida,drop_from_denominator,L1,H9,0.543284,0.02634,0.0,0.243391,0.0,0.4873
conll2003,recebida,drop_from_denominator,L1,H10,0.532601,0.015657,0.0,0.243391,0.0,0.5424
conll2003,recebida,drop_from_denominator,L1,H11,0.518554,0.00161,0.0,0.243391,0.0,0.5741
conll2003,recebida,drop_from_denominator,L2,todas,0.545167,0.028223,0.0,0.243391,0.0,0.618
conll2003,recebida,drop_from_denominator,L2,H0,0.532961,0.016017,0.0,0.243391,0.0,0.4761
conll2003,recebida,drop_from_denominator,L2,H1,0.595401,0.078457,0.0,0.243391,0.0,0.4745
conll2003,recebida,drop_from_denominator,L2,H2,0.558973,0.042029,0.0,0.243391,0.0,0.5203
conll2003,recebida,drop_from_denominator,L2,H3,0.580357,0.063413,0.0,0.243391,0.0,0.6034
conll2003,recebida,drop_from_denominator,L2,H4,0.428516,-0.088428,0.01,0.242432,-0.000959,0.6655
conll2003,recebida,drop_from_denominator,L2,H5,0.544876,0.027932,0.0,0.243391,0.0,0.5029
conll2003,recebida,drop_from_denominator,L2,H6,0.541697,0.024753,0.0,0.243391,0.0,0.6262
conll2003,recebida,drop_from_denominator,L2,H7,0.559098,0.042154,0.0,0.243391,0.0,0.4359
conll2003,recebida,drop_from_denominator,L2,H8,0.541031,0.024087,0.0,0.243391,0.0,0.5846
conll2003,recebida,drop_from_denominator,L2,H9,0.525668,0.008723,0.0,0.243391,0.0,0.4793
conll2003,recebida,drop_from_denominator,L2,H10,0.620396,0.103452,0.0,0.243391,0.0,0.4092
conll2003,recebida,drop_from_denominator,L2,H11,0.508478,-0.008466,0.01,0.24453,0.001138,0.5418
conll2003,recebida,drop_from_denominator,L3,todas,0.536769,0.019825,0.0,0.243391,0.0,0.6029
conll2003,recebida,drop_from_denominator,L3,H0,0.501072,-0.015872,0.0,0.243391,0.0,0.6514
conll2003,recebida,drop_from_denominator,L3,H1,0.554239,0.037295,0.0,0.243391,0.0,0.2787
conll2003,recebida,drop_from_denominator,L3,H2,0.519228,0.002284,0.0,0.243391,0.0,0.596
conll2003,recebida,drop_from_denominator,L3,H3,0.512998,-0.003946,0.0,0.243391,0.0,0.5533
conll2003,recebida,drop_from_denominator,L3,H4,0.549705,0.032761,0.0,0.243391,0.0,0.3984
conll2003,recebida,drop_from_denominator,L3,H5,0.594317,0.077373,0.0,0.243391,0.0,0.5246
conll2003,recebida,drop_from_denominator,L3,H6,0.516134,-0.00081,0.0,0.243391,0.0,0.4331
conll2003,recebida,drop_from_denominator,L3,H7,0.559065,0.042121,0.0,0.243391,0.0,0.5089
conll2003,recebida,drop_from_denominator,L3,H8,0.556518,0.039574,0.0,0.243391,0.0,0.4549
conll2003,recebida,drop_from_denominator,L3,H9,0.601723,0.084779,0.0,0.243391,0.0,0.486
conll2003,recebida,drop_from_denominator,L3,H10,0.497178,-0.019766,0.0,0.243391,0.0,0.4936
conll2003,recebida,drop_from_denominator,L3,H11,0.525211,0.008266,0.0,0.243391,0.0,0.4625
conll2003,recebida,drop_from_denominator,L4,todas,0.562614,0.04567,0.0,0.243391,0.0,0.6132
conll2003,recebida,drop_from_denominator,L4,H0,0.532022,0.015078,0.0,0.243391,0.0,0.6608
conll2003,recebida,drop_from_denominator,L4,H1,0.58154,0.064596,0.0,0.243391,0.0,0.4406
conll2003,recebida,drop_from_denominator,L4,H2,0.5722,0.055256,0.0,0.243391,0.0,0.4346
conll2003,recebida,drop_from_denominator,L4,H3,0.511504,-0.00544,0.0,0.243391,0.0,0.5145
conll2003,recebida,drop_from_denominator,L4,H4,0.560561,0.043617,0.0,0.243391,0.0,0.2764
conll2003,recebida,drop_from_denominator,L4,H5,0.565979,0.049035,0.0,0.243391,0.0,0.5365
conll2003,recebida,drop_from_denominator,L4,H6,0.537549,0.020605,0.0,0.243391,0.0,0.2987
conll2003,recebida,drop_from_denominator,L4,H7,0.508205,-0.008739,0.0,0.243391,0.0,0.5894
conll2003,recebida,drop_from_denominator,L4,H8,0.612987,0.096043,0.0,0.243391,0.0,0.4643
conll2003,recebida,drop_from_denominator,L4,H9,0.548774,0.03183,0.0,0.243391,0.0,0.4879
conll2003,recebida,drop_from_denominator,L4,H10,0.583987,0.067043,0.0,0.243391,0.0,0.5272
conll2003,recebida,drop_from_denominator,L4,H11,0.465969,-0.050976,0.02,0.242822,-0.000569,0.6641
conll2003,recebida,drop_from_denominator,L5,todas,0.531243,0.014299,0.0,0.243391,0.0,0.5684
conll2003,recebida,drop_from_denominator,L5,H0,0.551851,0.034906,0.0,0.243391,0.0,0.493
conll2003,recebida,drop_from_denominator,L5,H1,0.553323,0.036379,0.0,0.243391,0.0,0.3956
conll2003,recebida,drop_from_denominator,L5,H2,0.506454,-0.01049,0.01,0.24316,-0.000231,0.454
conll2003,recebida,drop_from_denominator,L5,H3,0.510677,-0.006268,0.0,0.243391,0.0,0.3158
conll2003,recebida,drop_from_denominator,L5,H4,0.527572,0.010628,0.0,0.243391,0.0,0.3558
conll2003,recebida,drop_from_denominator,L5,H5,0.563204,0.046259,0.0,0.243391,0.0,0.4394
conll2003,recebida,drop_from_denominator,L5,H6,0.509041,-0.007903,0.01,0.243872,0.000481,0.5375
conll2003,recebida,drop_from_denominator,L5,H7,0.548152,0.031208,0.0,0.243391,0.0,0.5068
conll2003,recebida,drop_from_denominator,L5,H8,0.523325,0.006381,0.01,0.242143,-0.001248,0.5727
conll2003,recebida,drop_from_denominator,L5,H9,0.518487,0.001543,0.0,0.243391,0.0,0.463
conll2003,recebida,drop_from_denominator,L5,H10,0.463182,-0.053763,0.01,0.242276,-0.001115,0.6705
conll2003,recebida,drop_from_denominator,L5,H11,0.499228,-0.017716,0.0,0.243391,0.0,0.549
conll2003,recebida,drop_from_denominator,L6,todas,0.543513,0.026569,0.0,0.243391,0.0,0.529
conll2003,recebida,drop_from_denominator,L6,H0,0.561857,0.044913,0.0,0.243391,0.0,0.5179
conll2003,recebida,drop_from_denominator,L6,H1,0.550949,0.034005,0.0,0.243391,0.0,0.3315
conll2003,recebida,drop_from_denominator,L6,H2,0.60755,0.090606,0.0,0.243391,0.0,0.5448
conll2003,recebida,drop_from_denominator,L6,H3,0.508843,-0.008101,0.0,0.243391,0.0,0.6164
conll2003,recebida,drop_from_denominator,L6,H4,0.510811,-0.006134,0.0,0.243391,0.0,0.6216
conll2003,recebida,drop_from_denominator,L6,H5,0.53496,0.018016,0.0,0.243391,0.0,0.5137
conll2003,recebida,drop_from_denominator,L6,H6,0.550414,0.033469,0.0,0.243391,0.0,0.3021
conll2003,recebida,drop_from_denominator,L6,H7,0.558445,0.041501,0.0,0.243391,0.0,0.4836
conll2003,recebida,drop_from_denominator,L6,H8,0.562181,0.045237,0.0,0.243391,0.0,0.3771
conll2003,recebida,drop_from_denominator,L6,H9,0.589206,0.072262,0.0,0.243391,0.0,0.2116
conll2003,recebida,drop_from_denominator,L6,H10,0.489953,-0.026991,0.0,0.243391,0.0,0.2978
conll2003,recebida,drop_from_denominator,L6,H11,0.527565,0.010621,0.0,0.243391,0.0,0.388
conll2003,recebida,drop_from_denominator,L7,todas,0.526071,0.009127,0.0,0.243391,0.0,0.4938
conll2003,recebida,drop_from_denominator,L7,H0,0.558624,0.04168,0.0,0.243391,0.0,0.4014
conll2003,recebida,drop_from_denominator,L7,H1,0.556675,0.03973,0.0,0.243391,0.0,0.4179
conll2003,recebida,drop_from_denominator,L7,H2,0.494166,-0.022778,0.0,0.243391,0.0,0.363
conll2003,recebida,drop_from_denominator,L7,H3,0.519455,0.002511,0.0,0.243391,0.0,0.5388
conll2003,recebida,drop_from_denominator,L7,H4,0.561206,0.044262,0.01,0.244035,0.000644,0.4766
conll2003,recebida,drop_from_denominator,L7,H5,0.541167,0.024223,0.0,0.243391,0.0,0.2073
conll2003,recebida,drop_from_denominator,L7,H6,0.501083,-0.015862,0.0,0.243391,0.0,0.2848
conll2003,recebida,drop_from_denominator,L7,H7,0.528492,0.011548,0.0,0.243391,0.0,0.3549
conll2003,recebida,drop_from_denominator,L7,H8,0.510658,-0.006286,0.0,0.243391,0.0,0.3792
conll2003,recebida,drop_from_denominator,L7,H9,0.489985,-0.02696,0.0,0.243391,0.0,0.388
conll2003,recebida,drop_from_denominator,L7,H10,0.53413,0.017186,0.0,0.243391,0.0,0.3948
conll2003,recebida,drop_from_denominator,L7,H11,0.523834,0.00689,0.0,0.243391,0.0,0.4213
conll2003,recebida,drop_from_denominator,L8,todas,0.51942,0.002476,0.0,0.243391,0.0,0.499
conll2003,recebida,drop_from_denominator,L8,H0,0.488104,-0.02884,0.0,0.243391,0.0,0.3416
conll2003,recebida,drop_from_denominator,L8,H1,0.523405,0.006461,0.0,0.243391,0.0,0.4479
conll2003,recebida,drop_from_denominator,L8,H2,0.535976,0.019032,0.0,0.243391,0.0,0.3526
conll2003,recebida,drop_from_denominator,L8,H3,0.547131,0.030187,0.0,0.243391,0.0,0.5321
conll2003,recebida,drop_from_denominator,L8,H4,0.472515,-0.044429,0.0,0.243391,0.0,0.235
conll2003,recebida,drop_from_denominator,L8,H5,0.552924,0.03598,0.0,0.243391,0.0,0.2903
conll2003,recebida,drop_from_denominator,L8,H6,0.52789,0.010946,0.0,0.243391,0.0,0.6152
conll2003,recebida,drop_from_denominator,L8,H7,0.545349,0.028405,0.0,0.243391,0.0,0.2911
conll2003,recebida,drop_from_denominator,L8,H8,0.48506,-0.031884,0.0,0.243391,0.0,0.4252
conll2003,recebida,drop_from_denominator,L8,H9,0.512232,-0.004712,0.01,0.243057,-0.000334,0.5994
conll2003,recebida,drop_from_denominator,L8,H10,0.555964,0.03902,0.0,0.243391,0.0,0.4217
conll2003,recebida,drop_from_denominator,L8,H11,0.475532,-0.041412,0.0,0.243391,0.0,0.2942
conll2003,recebida,drop_from_denominator,L9,todas,0.533379,0.016434,0.0,0.243391,0.0,0.6056
conll2003,recebida,drop_from_denominator,L9,H0,0.539003,0.022059,0.0,0.243391,0.0,0.4127
conll2003,recebida,drop_from_denominator,L9,H1,0.526792,0.009848,0.0,0.243391,0.0,0.559
conll2003,recebida,drop_from_denominator,L9,H2,0.532553,0.015609,0.0,0.243391,0.0,0.5592
conll2003,recebida,drop_from_denominator,L9,H3,0.536918,0.019974,0.0,0.243391,0.0,0.6152
conll2003,recebida,drop_from_denominator,L9,H4,0.547958,0.031014,0.0,0.243391,0.0,0.3617
conll2003,recebida,drop_from_denominator,L9,H5,0.519371,0.002427,0.0,0.243391,0.0,0.4769
conll2003,recebida,drop_from_denominator,L9,H6,0.536385,0.019441,0.0,0.243391,0.0,0.5603
conll2003,recebida,drop_from_denominator,L9,H7,0.526136,0.009192,0.0,0.243391,0.0,0.3291
conll2003,recebida,drop_from_denominator,L9,H8,0.548858,0.031914,0.0,0.243391,0.0,0.4317
conll2003,recebida,drop_from_denominator,L9,H9,0.535045,0.018101,0.0,0.243391,0.0,0.6526
conll2003,recebida,drop_from_denominator,L9,H10,0.525886,0.008941,0.0,0.243391,0.0,0.5421
conll2003,recebida,drop_from_denominator,L9,H11,0.473275,-0.043669,0.0,0.243391,0.0,0.4656
conll2003,recebida,drop_from_denominator,L10,todas,0.51416,-0.002785,0.0,0.243391,0.0,0.5364
conll2003,recebida,drop_from_denominator,L10,H0,0.517999,0.001054,0.0,0.243391,0.0,0.5942
conll2003,recebida,drop_from_denominator,L10,H1,0.543078,0.026134,0.0,0.243391,0.0,0.4777
conll2003,recebida,drop_from_denominator,L10,H2,0.505347,-0.011597,0.0,0.243391,0.0,0.26
conll2003,recebida,drop_from_denominator,L10,H3,0.553811,0.036867,0.0,0.243391,0.0,0.1707
conll2003,recebida,drop_from_denominator,L10,H4,0.540713,0.023769,0.0,0.243391,0.0,0.4354
conll2003,recebida,drop_from_denominator,L10,H5,0.491244,-0.0257,0.0,0.243391,0.0,0.4414
conll2003,recebida,drop_from_denominator,L10,H6,0.504389,-0.012555,0.0,0.243391,0.0,0.4042
conll2003,recebida,drop_from_denominator,L10,H7,0.4874,-0.029545,0.0,0.243391,0.0,0.4218
conll2003,recebida,drop_from_denominator,L10,H8,0.495545,-0.021399,0.0,0.243391,0.0,0.5677
conll2003,recebida,drop_from_denominator,L10,H9,0.487136,-0.029808,0.0,0.243391,0.0,0.6472
conll2003,recebida,drop_from_denominator,L10,H10,0.548305,0.031361,0.0,0.243391,0.0,0.3675
conll2003,recebida,drop_from_denominator,L10,H11,0.548319,0.031375,0.01,0.244575,0.001184,0.3829
conll2003,recebida,drop_from_denominator,L11,todas,0.535661,0.018717,0.0,0.243391,0.0,0.5722
conll2003,recebida,drop_from_denominator,L11,H0,0.538003,0.021059,0.0,0.243391,0.0,0.4874
conll2003,recebida,drop_from_denominator,L11,H1,0.53411,0.017166,0.0,0.243391,0.0,0.5641
conll2003,recebida,drop_from_denominator,L11,H2,0.382393,-0.134551,0.0,0.243391,0.0,0.6245
conll2003,recebida,drop_from_denominator,L11,H3,0.53676,0.019816,0.0,0.243391,0.0,0.4553
conll2003,recebida,drop_from_denominator,L11,H4,0.540209,0.023265,0.0,0.243391,0.0,0.5345
conll2003,recebida,drop_from_denominator,L11,H5,0.548223,0.031279,0.0,0.243391,0.0,0.531
conll2003,recebida,drop_from_denominator,L11,H6,0.57162,0.054676,0.0,0.243391,0.0,0.6442
conll2003,recebida,drop_from_denominator,L11,H7,0.530998,0.014054,0.0,0.243391,0.0,0.4516
conll2003,recebida,drop_from_denominator,L11,H8,0.565892,0.048948,0.0,0.243391,0.0,0.5705
conll2003,recebida,drop_from_denominator,L11,H9,0.523124,0.006179,0.0,0.243391,0.0,0.5192
conll2003,recebida,drop_from_denominator,L11,H10,0.556745,0.039801,0.0,0.243391,0.0,0.6359
conll2003,recebida,drop_from_denominator,L11,H11,0.534576,0.017632,0.0,0.243391,0.0,0.5253
conll2003,recebida,drop_from_denominator,0-3,todas,0.537243,0.020299,0.0,0.243391,0.0,0.6128
conll2003,recebida,drop_from_denominator,0-3,H0,0.519258,0.002314,0.0,0.243391,0.0,0.6019
conll2003,recebida,drop_from_denominator,0-3,H1,0.55016,0.033216,0.0,0.243391,0.0,0.5225
conll2003,recebida,drop_from_denominator,0-3,H2,0.553202,0.036257,0.0,0.243391,0.0,0.6202
conll2003,recebida,drop_from_denominator,0-3,H3,0.548736,0.031792,0.0,0.243391,0.0,0.6236
conll2003,recebida,drop_from_denominator,0-3,H4,0.479577,-0.037367,0.01,0.242571,-0.00082,0.62
conll2003,recebida,drop_from_denominator,0-3,H5,0.583516,0.066572,0.0,0.243391,0.0,0.6562
conll2003,recebida,drop_from_denominator,0-3,H6,0.536357,0.019412,0.0,0.243391,0.0,0.6043
conll2003,recebida,drop_from_denominator,0-3,H7,0.528941,0.011997,0.0,0.243391,0.0,0.6142
conll2003,recebida,drop_from_denominator,0-3,H8,0.538876,0.021932,0.0,0.243391,0.0,0.6501
conll2003,recebida,drop_from_denominator,0-3,H9,0.545549,0.028605,0.0,0.243391,0.0,0.52
conll2003,recebida,drop_from_denominator,0-3,H10,0.541833,0.024889,0.0,0.243391,0.0,0.5463
conll2003,recebida,drop_from_denominator,0-3,H11,0.530009,0.013064,0.0,0.243391,0.0,0.5698
conll2003,recebida,drop_from_denominator,4-7,todas,0.539386,0.022442,0.0,0.243391,0.0,0.5601
conll2003,recebida,drop_from_denominator,4-7,H0,0.555102,0.038157,0.0,0.243391,0.0,0.6145
conll2003,recebida,drop_from_denominator,4-7,H1,0.570109,0.053165,0.0,0.243391,0.0,0.4643
conll2003,recebida,drop_from_denominator,4-7,H2,0.540611,0.023667,0.0,0.243391,0.0,0.5035
conll2003,recebida,drop_from_denominator,4-7,H3,0.514532,-0.002412,0.0,0.243391,0.0,0.5578
conll2003,recebida,drop_from_denominator,4-7,H4,0.546081,0.029137,0.0,0.243391,0.0,0.5182
conll2003,recebida,drop_from_denominator,4-7,H5,0.557959,0.041014,0.0,0.243391,0.0,0.4883
conll2003,recebida,drop_from_denominator,4-7,H6,0.530636,0.013691,0.0,0.243391,0.0,0.4799
conll2003,recebida,drop_from_denominator,4-7,H7,0.549072,0.032128,0.0,0.243391,0.0,0.5551
conll2003,recebida,drop_from_denominator,4-7,H8,0.558802,0.041858,0.0,0.243391,0.0,0.4938
conll2003,recebida,drop_from_denominator,4-7,H9,0.533864,0.01692,0.0,0.243391,0.0,0.4849
conll2003,recebida,drop_from_denominator,4-7,H10,0.495132,-0.021812,0.0,0.243391,0.0,0.5223
conll2003,recebida,drop_from_denominator,4-7,H11,0.516249,-0.000695,0.0,0.243391,0.0,0.5322
conll2003,recebida,drop_from_denominator,8-11,todas,0.525796,0.008852,0.0,0.243391,0.0,0.5637
conll2003,recebida,drop_from_denominator,8-11,H0,0.519041,0.002096,0.0,0.243391,0.0,0.5163
conll2003,recebida,drop_from_denominator,8-11,H1,0.534361,0.017417,0.0,0.243391,0.0,0.6087
conll2003,recebida,drop_from_denominator,8-11,H2,0.498853,-0.018091,0.0,0.243391,0.0,0.5535
conll2003,recebida,drop_from_denominator,8-11,H3,0.545074,0.02813,0.0,0.243391,0.0,0.5413
conll2003,recebida,drop_from_denominator,8-11,H4,0.538386,0.021441,0.0,0.243391,0.0,0.5258
conll2003,recebida,drop_from_denominator,8-11,H5,0.518242,0.001297,0.0,0.243391,0.0,0.5188
conll2003,recebida,drop_from_denominator,8-11,H6,0.527656,0.010712,0.0,0.243391,0.0,0.6084
conll2003,recebida,drop_from_denominator,8-11,H7,0.520747,0.003802,0.0,0.243391,0.0,0.4093
conll2003,recebida,drop_from_denominator,8-11,H8,0.517243,0.000299,0.0,0.243391,0.0,0.5373
conll2003,recebida,drop_from_denominator,8-11,H9,0.515346,-0.001598,0.0,0.243391,0.0,0.6398
conll2003,recebida,drop_from_denominator,8-11,H10,0.553477,0.036532,0.0,0.243391,0.0,0.5694
conll2003,recebida,drop_from_denominator,8-11,H11,0.510541,-0.006403,0.0,0.243391,0.0,0.5584
conll2003,recebida,drop_from_queries_and_denominator,todas,todas,0.533373,0.016429,0.0,0.243391,0.0,0.5873
conll2003,recebida,drop_from_queries_and_denominator,todas,H0,0.527195,0.01025,0.0,0.243391,0.0,0.58
conll2003,recebida,drop_from_queries_and_denominator,todas,H1,0.551865,0.034921,0.0,0.243391,0.0,0.5535
conll2003,recebida,drop_from_queries_and_denominator,todas,H2,0.533675,0.01673,0.0,0.243391,0.0,0.5971
conll2003,recebida,drop_from_queries_and_denominator,todas,H3,0.535735,0.018791,0.0,0.243391,0.0,0.5732
conll2003,recebida,drop_from_queries_and_denominator,todas,H4,0.521141,0.004196,0.0,0.243391,0.0,0.588
conll2003,recebida,drop_from_queries_and_denominator,todas,H5,0.54493,0.027986,0.0,0.243391,0.0,0.5791
conll2003,recebida,drop_from_queries_and_denominator,todas,H6,0.530123,0.013179,0.0,0.243391,0.0,0.6029
conll2003,recebida,drop_from_queries_and_denominator,todas,H7,0.532581,0.015636,0.0,0.243391,0.0,0.5218
conll2003,recebida,drop_from_queries_and_denominator,todas,H8,0.542577,0.025633,0.0,0.243391,0.0,0.5854
conll2003,recebida,drop_from_queries_and_denominator,todas,H9,0.532149,0.015204,0.0,0.243391,0.0,0.5787
conll2003,recebida,drop_from_queries_and_denominator,todas,H10,0.527833,0.010889,0.0,0.243391,0.0,0.6002
conll2003,recebida,drop_from_queries_and_denominator,todas,H11,0.519149,0.002205,0.0,0.243391,0.0,0.5779
conll2003,recebida,drop_from_queries_and_denominator,L0,todas,0.537706,0.020762,0.0,0.243391,0.0,0.5803
conll2003,recebida,drop_from_queries_and_denominator,L0,H0,0.529567,0.012623,0.0,0.243391,0.0,0.4785
conll2003,recebida,drop_from_queries_and_denominator,L0,H1,0.524993,0.008049,0.0,0.243391,0.0,0.5144
conll2003,recebida,drop_from_queries_and_denominator,L0,H2,0.559419,0.042475,0.0,0.243391,0.0,0.623
conll2003,recebida,drop_from_queries_and_denominator,L0,H3,0.556755,0.039811,0.0,0.243391,0.0,0.5339
conll2003,recebida,drop_from_queries_and_denominator,L0,H4,0.512808,-0.004136,0.0,0.243391,0.0,0.5202
conll2003,recebida,drop_from_queries_and_denominator,L0,H5,0.540748,0.023803,0.0,0.243391,0.0,0.6151
conll2003,recebida,drop_from_queries_and_denominator,L0,H6,0.5598,0.042856,0.0,0.243391,0.0,0.3422
conll2003,recebida,drop_from_queries_and_denominator,L0,H7,0.529333,0.012389,0.0,0.243391,0.0,0.4601
conll2003,recebida,drop_from_queries_and_denominator,L0,H8,0.528783,0.011839,0.0,0.243391,0.0,0.5896
conll2003,recebida,drop_from_queries_and_denominator,L0,H9,0.539601,0.022656,0.0,0.243391,0.0,0.5006
conll2003,recebida,drop_from_queries_and_denominator,L0,H10,0.504451,-0.012493,0.0,0.243391,0.0,0.5184
conll2003,recebida,drop_from_queries_and_denominator,L0,H11,0.548694,0.03175,0.0,0.243391,0.0,0.4941
conll2003,recebida,drop_from_queries_and_denominator,L1,todas,0.525828,0.008884,0.0,0.243391,0.0,0.6182
conll2003,recebida,drop_from_queries_and_denominator,L1,H0,0.505034,-0.01191,0.0,0.243391,0.0,0.597
conll2003,recebida,drop_from_queries_and_denominator,L1,H1,0.530627,0.013683,0.0,0.243391,0.0,0.4929
conll2003,recebida,drop_from_queries_and_denominator,L1,H2,0.582413,0.065469,0.0,0.243391,0.0,0.494
conll2003,recebida,drop_from_queries_and_denominator,L1,H3,0.512861,-0.004084,0.0,0.243391,0.0,0.4697
conll2003,recebida,drop_from_queries_and_denominator,L1,H4,0.449165,-0.06778,0.01,0.241529,-0.001862,0.5091
conll2003,recebida,drop_from_queries_and_denominator,L1,H5,0.623655,0.10671,0.0,0.243391,0.0,0.5505
conll2003,recebida,drop_from_queries_and_denominator,L1,H6,0.495023,-0.021921,0.01,0.244122,0.000731,0.5612
conll2003,recebida,drop_from_queries_and_denominator,L1,H7,0.499812,-0.017132,0.01,0.242778,-0.000613,0.6343
conll2003,recebida,drop_from_queries_and_denominator,L1,H8,0.507262,-0.009682,0.01,0.243449,5.8e-05,0.6392
conll2003,recebida,drop_from_queries_and_denominator,L1,H9,0.536001,0.019057,0.0,0.243391,0.0,0.5142
conll2003,recebida,drop_from_queries_and_denominator,L1,H10,0.534264,0.01732,0.0,0.243391,0.0,0.5263
conll2003,recebida,drop_from_queries_and_denominator,L1,H11,0.518569,0.001625,0.0,0.243391,0.0,0.574
conll2003,recebida,drop_from_queries_and_denominator,L2,todas,0.543151,0.026206,0.0,0.243391,0.0,0.63
conll2003,recebida,drop_from_queries_and_denominator,L2,H0,0.53108,0.014136,0.0,0.243391,0.0,0.4865
conll2003,recebida,drop_from_queries_and_denominator,L2,H1,0.595428,0.078484,0.0,0.243391,0.0,0.4735
conll2003,recebida,drop_from_queries_and_denominator,L2,H2,0.548878,0.031934,0.0,0.243391,0.0,0.5588
conll2003,recebida,drop_from_queries_and_denominator,L2,H3,0.577529,0.060585,0.0,0.243391,0.0,0.6016
conll2003,recebida,drop_from_queries_and_denominator,L2,H4,0.428434,-0.08851,0.01,0.242435,-0.000956,0.6651
conll2003,recebida,drop_from_queries_and_denominator,L2,H5,0.544917,0.027972,0.0,0.243391,0.0,0.5024
conll2003,recebida,drop_from_queries_and_denominator,L2,H6,0.538903,0.021959,0.0,0.243391,0.0,0.635
conll2003,recebida,drop_from_queries_and_denominator,L2,H7,0.559019,0.042075,0.0,0.243391,0.0,0.4336
conll2003,recebida,drop_from_queries_and_denominator,L2,H8,0.541052,0.024108,0.0,0.243391,0.0,0.5843
conll2003,recebida,drop_from_queries_and_denominator,L2,H9,0.524781,0.007837,0.0,0.243391,0.0,0.4697
conll2003,recebida,drop_from_queries_and_denominator,L2,H10,0.615946,0.099002,0.0,0.243391,0.0,0.4077
conll2003,recebida,drop_from_queries_and_denominator,L2,H11,0.503419,-0.013525,0.01,0.244434,0.001043,0.5361
conll2003,recebida,drop_from_queries_and_denominator,L3,todas,0.537423,0.020478,0.0,0.243391,0.0,0.5954
conll2003,recebida,drop_from_queries_and_denominator,L3,H0,0.501067,-0.015877,0.0,0.243391,0.0,0.6513
conll2003,recebida,drop_from_queries_and_denominator,L3,H1,0.554597,0.037653,0.0,0.243391,0.0,0.2711
conll2003,recebida,drop_from_queries_and_denominator,L3,H2,0.520322,0.003378,0.0,0.243391,0.0,0.573
conll2003,recebida,drop_from_queries_and_denominator,L3,H3,0.512994,-0.003951,0.0,0.243391,0.0,0.5523
conll2003,recebida,drop_from_queries_and_denominator,L3,H4,0.549861,0.032917,0.0,0.243391,0.0,0.3966
conll2003,recebida,drop_from_queries_and_denominator,L3,H5,0.594321,0.077377,0.0,0.243391,0.0,0.5245
conll2003,recebida,drop_from_queries_and_denominator,L3,H6,0.516179,-0.000765,0.0,0.243391,0.0,0.4328
conll2003,recebida,drop_from_queries_and_denominator,L3,H7,0.559408,0.042464,0.0,0.243391,0.0,0.5072
conll2003,recebida,drop_from_queries_and_denominator,L3,H8,0.556734,0.03979,0.0,0.243391,0.0,0.4528
conll2003,recebida,drop_from_queries_and_denominator,L3,H9,0.601725,0.084781,0.0,0.243391,0.0,0.486
conll2003,recebida,drop_from_queries_and_denominator,L3,H10,0.497284,-0.01966,0.0,0.243391,0.0,0.4902
conll2003,recebida,drop_from_queries_and_denominator,L3,H11,0.525674,0.00873,0.0,0.243391,0.0,0.4583
conll2003,recebida,drop_from_queries_and_denominator,L4,todas,0.562927,0.045982,0.0,0.243391,0.0,0.6111
conll2003,recebida,drop_from_queries_and_denominator,L4,H0,0.531953,0.015009,0.0,0.243391,0.0,0.6603
conll2003,recebida,drop_from_queries_and_denominator,L4,H1,0.581743,0.064799,0.0,0.243391,0.0,0.4347
conll2003,recebida,drop_from_queries_and_denominator,L4,H2,0.572229,0.055285,0.0,0.243391,0.0,0.4344
conll2003,recebida,drop_from_queries_and_denominator,L4,H3,0.511548,-0.005396,0.0,0.243391,0.0,0.5139
conll2003,recebida,drop_from_queries_and_denominator,L4,H4,0.560742,0.043797,0.0,0.243391,0.0,0.2751
conll2003,recebida,drop_from_queries_and_denominator,L4,H5,0.565843,0.048899,0.0,0.243391,0.0,0.5364
conll2003,recebida,drop_from_queries_and_denominator,L4,H6,0.538549,0.021605,0.0,0.243391,0.0,0.2937
conll2003,recebida,drop_from_queries_and_denominator,L4,H7,0.50788,-0.009064,0.0,0.243391,0.0,0.5849
conll2003,recebida,drop_from_queries_and_denominator,L4,H8,0.61303,0.096086,0.0,0.243391,0.0,0.4632
conll2003,recebida,drop_from_queries_and_denominator,L4,H9,0.548904,0.03196,0.0,0.243391,0.0,0.4862
conll2003,recebida,drop_from_queries_and_denominator,L4,H10,0.583836,0.066891,0.0,0.243391,0.0,0.5268
conll2003,recebida,drop_from_queries_and_denominator,L4,H11,0.465842,-0.051102,0.02,0.242794,-0.000597,0.664
conll2003,recebida,drop_from_queries_and_denominator,L5,todas,0.532589,0.015645,0.0,0.243391,0.0,0.5534
conll2003,recebida,drop_from_queries_and_denominator,L5,H0,0.551762,0.034818,0.0,0.243391,0.0,0.4927
conll2003,recebida,drop_from_queries_and_denominator,L5,H1,0.55344,0.036496,0.0,0.243391,0.0,0.3937
conll2003,recebida,drop_from_queries_and_denominator,L5,H2,0.506387,-0.010557,0.01,0.24315,-0.000241,0.4538
conll2003,recebida,drop_from_queries_and_denominator,L5,H3,0.510713,-0.006231,0.0,0.243391,0.0,0.3155
conll2003,recebida,drop_from_queries_and_denominator,L5,H4,0.529919,0.012975,0.0,0.243391,0.0,0.3172
conll2003,recebida,drop_from_queries_and_denominator,L5,H5,0.563296,0.046352,0.0,0.243391,0.0,0.4358
conll2003,recebida,drop_from_queries_and_denominator,L5,H6,0.509027,-0.007917,0.01,0.243805,0.000414,0.5372
conll2003,recebida,drop_from_queries_and_denominator,L5,H7,0.548544,0.031599,0.0,0.243391,0.0,0.4924
conll2003,recebida,drop_from_queries_and_denominator,L5,H8,0.523522,0.006578,0.01,0.242148,-0.001243,0.5713
conll2003,recebida,drop_from_queries_and_denominator,L5,H9,0.518564,0.00162,0.0,0.243391,0.0,0.4623
conll2003,recebida,drop_from_queries_and_denominator,L5,H10,0.463287,-0.053657,0.01,0.24228,-0.001111,0.6697
conll2003,recebida,drop_from_queries_and_denominator,L5,H11,0.499338,-0.017607,0.0,0.243391,0.0,0.5477
conll2003,recebida,drop_from_queries_and_denominator,L6,todas,0.543778,0.026834,0.0,0.243391,0.0,0.5266
conll2003,recebida,drop_from_queries_and_denominator,L6,H0,0.56183,0.044886,0.0,0.243391,0.0,0.518
conll2003,recebida,drop_from_queries_and_denominator,L6,H1,0.551328,0.034384,0.0,0.243391,0.0,0.3283
conll2003,recebida,drop_from_queries_and_denominator,L6,H2,0.607263,0.090319,0.0,0.243391,0.0,0.5448
conll2003,recebida,drop_from_queries_and_denominator,L6,H3,0.50813,-0.008814,0.0,0.243391,0.0,0.6186
conll2003,recebida,drop_from_queries_and_denominator,L6,H4,0.510587,-0.006357,0.0,0.243391,0.0,0.6204
conll2003,recebida,drop_from_queries_and_denominator,L6,H5,0.534866,0.017921,0.0,0.243391,0.0,0.5135
conll2003,recebida,drop_from_queries_and_denominator,L6,H6,0.550457,0.033513,0.0,0.243391,0.0,0.3013
conll2003,recebida,drop_from_queries_and_denominator,L6,H7,0.558283,0.041338,0.0,0.243391,0.0,0.4832
conll2003,recebida,drop_from_queries_and_denominator,L6,H8,0.562407,0.045463,0.0,0.243391,0.0,0.3759
conll2003,recebida,drop_from_queries_and_denominator,L6,H9,0.590024,0.07308,0.0,0.243391,0.0,0.2066
conll2003,recebida,drop_from_queries_and_denominator,L6,H10,0.490127,-0.026817,0.0,0.243391,0.0,0.2971
conll2003,recebida,drop_from_queries_and_denominator,L6,H11,0.528719,0.011775,0.0,0.243391,0.0,0.3752
conll2003,recebida,drop_from_queries_and_denominator,L7,todas,0.527043,0.010099,0.0,0.243391,0.0,0.485
conll2003,recebida,drop_from_queries_and_denominator,L7,H0,0.559392,0.042448,0.0,0.243391,0.0,0.3856
conll2003,recebida,drop_from_queries_and_denominator,L7,H1,0.556642,0.039698,0.0,0.243391,0.0,0.4172
conll2003,recebida,drop_from_queries_and_denominator,L7,H2,0.494256,-0.022688,0.0,0.243391,0.0,0.3624
conll2003,recebida,drop_from_queries_and_denominator,L7,H3,0.520397,0.003453,0.0,0.243391,0.0,0.5235
conll2003,recebida,drop_from_queries_and_denominator,L7,H4,0.562524,0.04558,0.01,0.244128,0.000737,0.4629
conll2003,recebida,drop_from_queries_and_denominator,L7,H5,0.541847,0.024903,0.0,0.243391,0.0,0.2028
conll2003,recebida,drop_from_queries_and_denominator,L7,H6,0.501158,-0.015786,0.0,0.243391,0.0,0.2842
conll2003,recebida,drop_from_queries_and_denominator,L7,H7,0.528563,0.011619,0.0,0.243391,0.0,0.3545
conll2003,recebida,drop_from_queries_and_denominator,L7,H8,0.512015,-0.004929,0.0,0.243391,0.0,0.3711
conll2003,recebida,drop_from_queries_and_denominator,L7,H9,0.490009,-0.026935,0.0,0.243391,0.0,0.3878
conll2003,recebida,drop_from_queries_and_denominator,L7,H10,0.534199,0.017255,0.0,0.243391,0.0,0.3947
conll2003,recebida,drop_from_queries_and_denominator,L7,H11,0.524358,0.007414,0.0,0.243391,0.0,0.4081
conll2003,recebida,drop_from_queries_and_denominator,L8,todas,0.519796,0.002852,0.0,0.243391,0.0,0.4973
conll2003,recebida,drop_from_queries_and_denominator,L8,H0,0.489006,-0.027938,0.0,0.243391,0.0,0.3361
conll2003,recebida,drop_from_queries_and_denominator,L8,H1,0.523931,0.006987,0.0,0.243391,0.0,0.435
conll2003,recebida,drop_from_queries_and_denominator,L8,H2,0.536103,0.019159,0.0,0.243391,0.0,0.3494
conll2003,recebida,drop_from_queries_and_denominator,L8,H3,0.547072,0.030128,0.0,0.243391,0.0,0.529
conll2003,recebida,drop_from_queries_and_denominator,L8,H4,0.477536,-0.039409,0.0,0.243391,0.0,0.2108
conll2003,recebida,drop_from_queries_and_denominator,L8,H5,0.553682,0.036737,0.0,0.243391,0.0,0.2864
conll2003,recebida,drop_from_queries_and_denominator,L8,H6,0.527459,0.010515,0.0,0.243391,0.0,0.6155
conll2003,recebida,drop_from_queries_and_denominator,L8,H7,0.544962,0.028018,0.0,0.243391,0.0,0.3015
conll2003,recebida,drop_from_queries_and_denominator,L8,H8,0.484447,-0.032497,0.0,0.243391,0.0,0.4271
conll2003,recebida,drop_from_queries_and_denominator,L8,H9,0.512045,-0.004899,0.01,0.243045,-0.000346,0.6007
conll2003,recebida,drop_from_queries_and_denominator,L8,H10,0.556023,0.039079,0.0,0.243391,0.0,0.4195
conll2003,recebida,drop_from_queries_and_denominator,L8,H11,0.475731,-0.041213,0.0,0.243391,0.0,0.2939
conll2003,recebida,drop_from_queries_and_denominator,L9,todas,0.533225,0.01628,0.0,0.243391,0.0,0.6068
conll2003,recebida,drop_from_queries_and_denominator,L9,H0,0.538941,0.021997,0.0,0.243391,0.0,0.413
conll2003,recebida,drop_from_queries_and_denominator,L9,H1,0.526504,0.009559,0.0,0.243391,0.0,0.5586
conll2003,recebida,drop_from_queries_and_denominator,L9,H2,0.532516,0.015571,0.0,0.243391,0.0,0.559
conll2003,recebida,drop_from_queries_and_denominator,L9,H3,0.537242,0.020298,0.0,0.243391,0.0,0.6109
conll2003,recebida,drop_from_queries_and_denominator,L9,H4,0.547964,0.031019,0.0,0.243391,0.0,0.3616
conll2003,recebida,drop_from_queries_and_denominator,L9,H5,0.519426,0.002482,0.0,0.243391,0.0,0.4765
conll2003,recebida,drop_from_queries_and_denominator,L9,H6,0.536337,0.019392,0.0,0.243391,0.0,0.5609
conll2003,recebida,drop_from_queries_and_denominator,L9,H7,0.526169,0.009225,0.0,0.243391,0.0,0.329
conll2003,recebida,drop_from_queries_and_denominator,L9,H8,0.548814,0.031869,0.0,0.243391,0.0,0.4319
conll2003,recebida,drop_from_queries_and_denominator,L9,H9,0.533258,0.016314,0.0,0.243391,0.0,0.6545
conll2003,recebida,drop_from_queries_and_denominator,L9,H10,0.525688,0.008743,0.0,0.243391,0.0,0.5418
conll2003,recebida,drop_from_queries_and_denominator,L9,H11,0.47333,-0.043614,0.0,0.243391,0.0,0.4648
conll2003,recebida,drop_from_queries_and_denominator,L10,todas,0.5149,-0.002044,0.0,0.243391,0.0,0.5292
conll2003,recebida,drop_from_queries_and_denominator,L10,H0,0.518906,0.001962,0.0,0.243391,0.0,0.5869
conll2003,recebida,drop_from_queries_and_denominator,L10,H1,0.549946,0.033002,0.0,0.243391,0.0,0.4173
conll2003,recebida,drop_from_queries_and_denominator,L10,H2,0.508104,-0.008841,0.0,0.243391,0.0,0.2366
conll2003,recebida,drop_from_queries_and_denominator,L10,H3,0.553718,0.036774,0.0,0.243391,0.0,0.169
conll2003,recebida,drop_from_queries_and_denominator,L10,H4,0.540827,0.023883,0.0,0.243391,0.0,0.4351
conll2003,recebida,drop_from_queries_and_denominator,L10,H5,0.488829,-0.028116,0.0,0.243391,0.0,0.445
conll2003,recebida,drop_from_queries_and_denominator,L10,H6,0.504072,-0.012872,0.0,0.243391,0.0,0.3908
conll2003,recebida,drop_from_queries_and_denominator,L10,H7,0.487707,-0.029237,0.0,0.243391,0.0,0.4179
conll2003,recebida,drop_from_queries_and_denominator,L10,H8,0.495075,-0.021869,0.0,0.243391,0.0,0.567
conll2003,recebida,drop_from_queries_and_denominator,L10,H9,0.487082,-0.029862,0.0,0.243391,0.0,0.6479
conll2003,recebida,drop_from_queries_and_denominator,L10,H10,0.548315,0.031371,0.0,0.243391,0.0,0.3674
conll2003,recebida,drop_from_queries_and_denominator,L10,H11,0.551664,0.034719,0.0,0.243391,0.0,0.3607
conll2003,recebida,drop_from_queries_and_denominator,L11,todas,0.535091,0.018146,0.0,0.243391,0.0,0.5714
conll2003,recebida,drop_from_queries_and_denominator,L11,H0,0.537044,0.020099,0.0,0.243391,0.0,0.494
conll2003,recebida,drop_from_queries_and_denominator,L11,H1,0.534046,0.017102,0.0,0.243391,0.0,0.5749
conll2003,recebida,drop_from_queries_and_denominator,L11,H2,0.390671,-0.126273,0.0,0.243391,0.0,0.6009
conll2003,recebida,drop_from_queries_and_denominator,L11,H3,0.537511,0.020566,0.0,0.243391,0.0,0.4474
conll2003,recebida,drop_from_queries_and_denominator,L11,H4,0.540213,0.023268,0.0,0.243391,0.0,0.5345
conll2003,recebida,drop_from_queries_and_denominator,L11,H5,0.547423,0.030479,0.0,0.243391,0.0,0.5271
conll2003,recebida,drop_from_queries_and_denominator,L11,H6,0.572661,0.055717,0.0,0.243391,0.0,0.6358
conll2003,recebida,drop_from_queries_and_denominator,L11,H7,0.532802,0.015858,0.0,0.243391,0.0,0.4149
conll2003,recebida,drop_from_queries_and_denominator,L11,H8,0.565367,0.048423,0.0,0.243391,0.0,0.5622
conll2003,recebida,drop_from_queries_and_denominator,L11,H9,0.523134,0.00619,0.0,0.243391,0.0,0.5214
conll2003,recebida,drop_from_queries_and_denominator,L11,H10,0.556395,0.039451,0.0,0.243391,0.0,0.6376
conll2003,recebida,drop_from_queries_and_denominator,L11,H11,0.529141,0.012197,0.0,0.243391,0.0,0.5367
conll2003,recebida,drop_from_queries_and_denominator,0-3,todas,0.536132,0.019188,0.0,0.243391,0.0,0.6148
conll2003,recebida,drop_from_queries_and_denominator,0-3,H0,0.518525,0.001581,0.0,0.243391,0.0,0.5914
conll2003,recebida,drop_from_queries_and_denominator,0-3,H1,0.548136,0.031192,0.0,0.243391,0.0,0.5345
conll2003,recebida,drop_from_queries_and_denominator,0-3,H2,0.551702,0.034758,0.0,0.243391,0.0,0.6251
conll2003,recebida,drop_from_queries_and_denominator,0-3,H3,0.549129,0.032185,0.0,0.243391,0.0,0.612
conll2003,recebida,drop_from_queries_and_denominator,0-3,H4,0.479742,-0.037202,0.01,0.242574,-0.000817,0.6192
conll2003,recebida,drop_from_queries_and_denominator,0-3,H5,0.584247,0.067303,0.0,0.243391,0.0,0.6429
conll2003,recebida,drop_from_queries_and_denominator,0-3,H6,0.535111,0.018166,0.0,0.243391,0.0,0.6036
conll2003,recebida,drop_from_queries_and_denominator,0-3,H7,0.530556,0.013612,0.0,0.243391,0.0,0.5917
conll2003,recebida,drop_from_queries_and_denominator,0-3,H8,0.538932,0.021988,0.0,0.243391,0.0,0.6495
conll2003,recebida,drop_from_queries_and_denominator,0-3,H9,0.542857,0.025913,0.0,0.243391,0.0,0.5274
conll2003,recebida,drop_from_queries_and_denominator,0-3,H10,0.536785,0.019841,0.0,0.243391,0.0,0.5748
conll2003,recebida,drop_from_queries_and_denominator,0-3,H11,0.529862,0.012918,0.0,0.243391,0.0,0.5667
conll2003,recebida,drop_from_queries_and_denominator,4-7,todas,0.540118,0.023174,0.0,0.243391,0.0,0.5521
conll2003,recebida,drop_from_queries_and_denominator,4-7,H0,0.555659,0.038715,0.0,0.243391,0.0,0.6073
conll2003,recebida,drop_from_queries_and_denominator,4-7,H1,0.570478,0.053533,0.0,0.243391,0.0,0.461
conll2003,recebida,drop_from_queries_and_denominator,4-7,H2,0.540612,0.023668,0.0,0.243391,0.0,0.5036
conll2003,recebida,drop_from_queries_and_denominator,4-7,H3,0.514778,-0.002166,0.0,0.243391,0.0,0.5544
conll2003,recebida,drop_from_queries_and_denominator,4-7,H4,0.547533,0.030589,0.0,0.243391,0.0,0.4754
conll2003,recebida,drop_from_queries_and_denominator,4-7,H5,0.558194,0.041249,0.0,0.243391,0.0,0.4829
conll2003,recebida,drop_from_queries_and_denominator,4-7,H6,0.530964,0.01402,0.0,0.243391,0.0,0.4782
conll2003,recebida,drop_from_queries_and_denominator,4-7,H7,0.5495,0.032556,0.0,0.243391,0.0,0.5456
conll2003,recebida,drop_from_queries_and_denominator,4-7,H8,0.559051,0.042107,0.0,0.243391,0.0,0.4896
conll2003,recebida,drop_from_queries_and_denominator,4-7,H9,0.534539,0.017595,0.0,0.243391,0.0,0.4815
conll2003,recebida,drop_from_queries_and_denominator,4-7,H10,0.495239,-0.021706,0.0,0.243391,0.0,0.5216
conll2003,recebida,drop_from_queries_and_denominator,4-7,H11,0.517559,0.000615,0.0,0.243391,0.0,0.5183
conll2003,recebida,drop_from_queries_and_denominator,8-11,todas,0.525783,0.008839,0.0,0.243391,0.0,0.5617
conll2003,recebida,drop_from_queries_and_denominator,8-11,H0,0.518913,0.001969,0.0,0.243391,0.0,0.5151
conll2003,recebida,drop_from_queries_and_denominator,8-11,H1,0.534658,0.017714,0.0,0.243391,0.0,0.6032
conll2003,recebida,drop_from_queries_and_denominator,8-11,H2,0.500564,-0.01638,0.0,0.243391,0.0,0.5342
conll2003,recebida,drop_from_queries_and_denominator,8-11,H3,0.545514,0.02857,0.0,0.243391,0.0,0.5361
conll2003,recebida,drop_from_queries_and_denominator,8-11,H4,0.53915,0.022206,0.0,0.243391,0.0,0.5184
conll2003,recebida,drop_from_queries_and_denominator,8-11,H5,0.517384,0.000439,0.0,0.243391,0.0,0.5194
conll2003,recebida,drop_from_queries_and_denominator,8-11,H6,0.527381,0.010436,0.0,0.243391,0.0,0.6005
conll2003,recebida,drop_from_queries_and_denominator,8-11,H7,0.521245,0.004301,0.0,0.243391,0.0,0.406
conll2003,recebida,drop_from_queries_and_denominator,8-11,H8,0.516793,-0.000152,0.0,0.243391,0.0,0.539
conll2003,recebida,drop_from_queries_and_denominator,8-11,H9,0.51472,-0.002224,0.0,0.243391,0.0,0.6438
conll2003,recebida,drop_from_queries_and_denominator,8-11,H10,0.553453,0.036509,0.0,0.243391,0.0,0.5695
conll2003,recebida,drop_from_queries_and_denominator,8-11,H11,0.509852,-0.007092,0.0,0.243391,0.0,0.5579
conll2003,auto_foco,keep,todas,todas,0.457261,-0.059683,0.01,0.242356,-0.001035,0.8947
conll2003,auto_foco,keep,todas,H0,0.436494,-0.08045,0.01,0.241982,-0.001409,0.8446
conll2003,auto_foco,keep,todas,H1,0.48124,-0.035704,0.0,0.243391,0.0,0.8105
conll2003,auto_foco,keep,todas,H2,0.478992,-0.037952,0.0,0.243391,0.0,0.8905
conll2003,auto_foco,keep,todas,H3,0.437131,-0.079813,0.01,0.242011,-0.00138,0.858
conll2003,auto_foco,keep,todas,H4,0.449143,-0.067801,0.02,0.240438,-0.002953,0.8852
conll2003,auto_foco,keep,todas,H5,0.519872,0.002928,0.0,0.243391,0.0,0.8858
conll2003,auto_foco,keep,todas,H6,0.456871,-0.060073,0.0,0.243391,0.0,0.902
conll2003,auto_foco,keep,todas,H7,0.439844,-0.0771,0.0,0.243391,0.0,0.8082
conll2003,auto_foco,keep,todas,H8,0.487245,-0.029699,0.0,0.243391,0.0,0.806
conll2003,auto_foco,keep,todas,H9,0.456717,-0.060227,0.02,0.241183,-0.002208,0.9054
conll2003,auto_foco,keep,todas,H10,0.456526,-0.060418,0.01,0.242192,-0.001199,0.9017
conll2003,auto_foco,keep,todas,H11,0.479065,-0.037879,0.01,0.242982,-0.000409,0.8551
conll2003,auto_foco,keep,L0,todas,0.483156,-0.033788,0.01,0.242977,-0.000414,0.8607
conll2003,auto_foco,keep,L0,H0,0.500683,-0.016262,0.0,0.243391,0.0,0.7248
conll2003,auto_foco,keep,L0,H1,0.449958,-0.066987,0.01,0.244423,0.001032,0.6354
conll2003,auto_foco,keep,L0,H2,0.492724,-0.02422,0.02,0.243907,0.000516,0.8607
conll2003,auto_foco,keep,L0,H3,0.567387,0.050443,0.0,0.243391,0.0,0.7389
conll2003,auto_foco,keep,L0,H4,0.465901,-0.051043,0.02,0.238733,-0.004658,0.7998
conll2003,auto_foco,keep,L0,H5,0.47368,-0.043265,0.01,0.242188,-0.001203,0.5195
conll2003,auto_foco,keep,L0,H6,0.465915,-0.051029,0.0,0.243391,0.0,0.4606
conll2003,auto_foco,keep,L0,H7,0.504316,-0.012629,0.0,0.243391,0.0,0.576
conll2003,auto_foco,keep,L0,H8,0.496624,-0.02032,0.0,0.243391,0.0,0.6854
conll2003,auto_foco,keep,L0,H9,0.476019,-0.040925,0.02,0.243016,-0.000375,0.7519
conll2003,auto_foco,keep,L0,H10,0.43903,-0.077914,0.01,0.241368,-0.002023,0.7666
conll2003,auto_foco,keep,L0,H11,0.505064,-0.011881,0.0,0.243391,0.0,0.6516
conll2003,auto_foco,keep,L1,todas,0.457943,-0.059001,0.01,0.241867,-0.001524,0.8891
conll2003,auto_foco,keep,L1,H0,0.430471,-0.086473,0.02,0.241388,-0.002003,0.7826
conll2003,auto_foco,keep,L1,H1,0.471175,-0.045769,0.01,0.243532,0.000141,0.6596
conll2003,auto_foco,keep,L1,H2,0.544261,0.027317,0.0,0.243391,0.0,0.4824
conll2003,auto_foco,keep,L1,H3,0.480576,-0.036368,0.0,0.243391,0.0,0.4683
conll2003,auto_foco,keep,L1,H4,0.420001,-0.096943,0.01,0.240891,-0.0025,0.6017
conll2003,auto_foco,keep,L1,H5,0.519056,0.002112,0.01,0.24526,0.001869,0.7098
conll2003,auto_foco,keep,L1,H6,0.465678,-0.051267,0.02,0.242175,-0.001216,0.6684
conll2003,auto_foco,keep,L1,H7,0.420284,-0.096661,0.04,0.237947,-0.005444,0.751
conll2003,auto_foco,keep,L1,H8,0.481134,-0.03581,0.02,0.242365,-0.001026,0.7399
conll2003,auto_foco,keep,L1,H9,0.473482,-0.043462,0.02,0.240022,-0.003369,0.8252
conll2003,auto_foco,keep,L1,H10,0.532602,0.015658,0.0,0.243391,0.0,0.2761
conll2003,auto_foco,keep,L1,H11,0.476129,-0.040815,0.01,0.242797,-0.000595,0.837
conll2003,auto_foco,keep,L2,todas,0.443652,-0.073292,0.03,0.239876,-0.003515,0.8796
conll2003,auto_foco,keep,L2,H0,0.44844,-0.068504,0.02,0.241183,-0.002208,0.5489
conll2003,auto_foco,keep,L2,H1,0.566537,0.049593,0.0,0.243391,0.0,0.468
conll2003,auto_foco,keep,L2,H2,0.433064,-0.08388,0.05,0.238072,-0.005319,0.6531
conll2003,auto_foco,keep,L2,H3,0.444842,-0.072102,0.03,0.238918,-0.004473,0.887
conll2003,auto_foco,keep,L2,H4,0.401686,-0.115258,0.04,0.237021,-0.00637,0.7222
conll2003,auto_foco,keep,L2,H5,0.485223,-0.031721,0.01,0.242433,-0.000958,0.8511
conll2003,auto_foco,keep,L2,H6,0.458844,-0.0581,0.02,0.242083,-0.001308,0.8312
conll2003,auto_foco,keep,L2,H7,0.48411,-0.032834,0.01,0.244284,0.000893,0.5863
conll2003,auto_foco,keep,L2,H8,0.480166,-0.036778,0.0,0.243391,0.0,0.5882
conll2003,auto_foco,keep,L2,H9,0.424368,-0.092576,0.01,0.242179,-0.001212,0.7091
conll2003,auto_foco,keep,L2,H10,0.52772,0.010776,0.0,0.243391,0.0,0.6629
conll2003,auto_foco,keep,L2,H11,0.485214,-0.03173,0.01,0.243873,0.000482,0.6075
conll2003,auto_foco,keep,L3,todas,0.458704,-0.05824,0.01,0.241436,-0.001955,0.88
conll2003,auto_foco,keep,L3,H0,0.398346,-0.118598,0.04,0.235852,-0.007539,0.8467
conll2003,auto_foco,keep,L3,H1,0.549812,0.032868,0.0,0.243391,0.0,0.4126
conll2003,auto_foco,keep,L3,H2,0.412332,-0.104612,0.03,0.240893,-0.002498,0.848
conll2003,auto_foco,keep,L3,H3,0.448009,-0.068935,0.05,0.238454,-0.004937,0.819
conll2003,auto_foco,keep,L3,H4,0.48913,-0.027814,0.0,0.243391,0.0,0.6342
conll2003,auto_foco,keep,L3,H5,0.555412,0.038468,0.0,0.243391,0.0,0.7553
conll2003,auto_foco,keep,L3,H6,0.478636,-0.038308,0.01,0.243295,-9.6e-05,0.8122
conll2003,auto_foco,keep,L3,H7,0.487227,-0.029717,0.02,0.241884,-0.001507,0.6272
conll2003,auto_foco,keep,L3,H8,0.448447,-0.068497,0.01,0.240977,-0.002414,0.4712
conll2003,auto_foco,keep,L3,H9,0.584875,0.067931,0.0,0.243391,0.0,0.6045
conll2003,auto_foco,keep,L3,H10,0.490862,-0.026082,0.01,0.242364,-0.001027,0.7029
conll2003,auto_foco,keep,L3,H11,0.494713,-0.022231,0.0,0.243391,0.0,0.578
conll2003,auto_foco,keep,L4,todas,0.490565,-0.026379,0.0,0.243391,0.0,0.8817
conll2003,auto_foco,keep,L4,H0,0.419606,-0.097339,0.03,0.239001,-0.00439,0.8589
conll2003,auto_foco,keep,L4,H1,0.596334,0.07939,0.0,0.243391,0.0,0.5851
conll2003,auto_foco,keep,L4,H2,0.5159,-0.001045,0.0,0.243391,0.0,0.5139
conll2003,auto_foco,keep,L4,H3,0.423482,-0.093462,0.01,0.241066,-0.002326,0.8194
conll2003,auto_foco,keep,L4,H4,0.603878,0.086934,0.0,0.243391,0.0,0.4771
conll2003,auto_foco,keep,L4,H5,0.505087,-0.011857,0.02,0.241981,-0.00141,0.7287
conll2003,auto_foco,keep,L4,H6,0.491764,-0.02518,0.01,0.243817,0.000426,0.306
conll2003,auto_foco,keep,L4,H7,0.486002,-0.030942,0.0,0.243391,0.0,0.6369
conll2003,auto_foco,keep,L4,H8,0.530318,0.013373,0.0,0.243391,0.0,0.3651
conll2003,auto_foco,keep,L4,H9,0.484949,-0.031995,0.0,0.243391,0.0,0.7097
conll2003,auto_foco,keep,L4,H10,0.52956,0.012616,0.0,0.243391,0.0,0.6645
conll2003,auto_foco,keep,L4,H11,0.397616,-0.119328,0.04,0.237054,-0.006337,0.7308
conll2003,auto_foco,keep,L5,todas,0.438034,-0.07891,0.0,0.243391,0.0,0.8433
conll2003,auto_foco,keep,L5,H0,0.521014,0.004069,0.0,0.243391,0.0,0.6918
conll2003,auto_foco,keep,L5,H1,0.484592,-0.032352,0.0,0.243391,0.0,0.2944
conll2003,auto_foco,keep,L5,H2,0.490583,-0.026361,0.01,0.242205,-0.001186,0.7196
conll2003,auto_foco,keep,L5,H3,0.529756,0.012812,0.0,0.243391,0.0,0.4189
conll2003,auto_foco,keep,L5,H4,0.440412,-0.076532,0.0,0.243391,0.0,0.5881
conll2003,auto_foco,keep,L5,H5,0.520746,0.003802,0.0,0.243391,0.0,0.5548
conll2003,auto_foco,keep,L5,H6,0.470749,-0.046196,0.0,0.243391,0.0,0.8056
conll2003,auto_foco,keep,L5,H7,0.373332,-0.143612,0.06,0.236612,-0.006779,0.7325
conll2003,auto_foco,keep,L5,H8,0.513921,-0.003023,0.0,0.243391,0.0,0.683
conll2003,auto_foco,keep,L5,H9,0.498984,-0.01796,0.0,0.243391,0.0,0.7759
conll2003,auto_foco,keep,L5,H10,0.377877,-0.139067,0.05,0.235247,-0.008144,0.7969
conll2003,auto_foco,keep,L5,H11,0.473001,-0.043943,0.0,0.243391,0.0,0.6977
conll2003,auto_foco,keep,L6,todas,0.471795,-0.045149,0.0,0.243391,0.0,0.7551
conll2003,auto_foco,keep,L6,H0,0.550872,0.033928,0.0,0.243391,0.0,0.7992
conll2003,auto_foco,keep,L6,H1,0.425144,-0.0918,0.01,0.242066,-0.001325,0.2062
conll2003,auto_foco,keep,L6,H2,0.52902,0.012076,0.0,0.243391,0.0,0.7984
conll2003,auto_foco,keep,L6,H3,0.40164,-0.115304,0.02,0.239065,-0.004326,0.753
conll2003,auto_foco,keep,L6,H4,0.467119,-0.049825,0.01,0.24311,-0.000281,0.6517
conll2003,auto_foco,keep,L6,H5,0.508367,-0.008577,0.0,0.243391,0.0,0.7107
conll2003,auto_foco,keep,L6,H6,0.508189,-0.008755,0.0,0.243391,0.0,0.3727
conll2003,auto_foco,keep,L6,H7,0.477519,-0.039425,0.01,0.242582,-0.000809,0.5893
conll2003,auto_foco,keep,L6,H8,0.503112,-0.013832,0.0,0.243391,0.0,0.2196
conll2003,auto_foco,keep,L6,H9,0.586058,0.069114,0.0,0.243391,0.0,-0.1846
conll2003,auto_foco,keep,L6,H10,0.546701,0.029756,0.0,0.243391,0.0,0.4245
conll2003,auto_foco,keep,L6,H11,0.462615,-0.054329,0.01,0.242708,-0.000683,0.5411
conll2003,auto_foco,keep,L7,todas,0.487112,-0.029832,0.0,0.243391,0.0,0.7723
conll2003,auto_foco,keep,L7,H0,0.500138,-0.016806,0.0,0.243391,0.0,0.349
conll2003,auto_foco,keep,L7,H1,0.587903,0.070959,0.0,0.243391,0.0,0.5966
conll2003,auto_foco,keep,L7,H2,0.459016,-0.057928,0.02,0.239507,-0.003884,0.821
conll2003,auto_foco,keep,L7,H3,0.424442,-0.092502,0.02,0.24297,-0.000421,0.7835
conll2003,auto_foco,keep,L7,H4,0.472279,-0.044665,0.0,0.243391,0.0,0.4655
conll2003,auto_foco,keep,L7,H5,0.540782,0.023838,0.0,0.243391,0.0,0.3588
conll2003,auto_foco,keep,L7,H6,0.556122,0.039178,0.0,0.243391,0.0,0.5269
conll2003,auto_foco,keep,L7,H7,0.528669,0.011724,0.0,0.243391,0.0,0.3701
conll2003,auto_foco,keep,L7,H8,0.534364,0.01742,0.0,0.243391,0.0,0.592
conll2003,auto_foco,keep,L7,H9,0.475224,-0.04172,0.0,0.243391,0.0,0.3184
conll2003,auto_foco,keep,L7,H10,0.572056,0.055111,0.0,0.243391,0.0,0.6466
conll2003,auto_foco,keep,L7,H11,0.495512,-0.021432,0.0,0.243391,0.0,0.608
conll2003,auto_foco,keep,L8,todas,0.493979,-0.022965,0.0,0.243391,0.0,0.7527
conll2003,auto_foco,keep,L8,H0,0.486686,-0.030259,0.0,0.243391,0.0,0.3184
conll2003,auto_foco,keep,L8,H1,0.462663,-0.054281,0.0,0.243391,0.0,0.4732
conll2003,auto_foco,keep,L8,H2,0.490636,-0.026308,0.0,0.243391,0.0,0.3381
conll2003,auto_foco,keep,L8,H3,0.539373,0.022429,0.0,0.243391,0.0,0.6644
conll2003,auto_foco,keep,L8,H4,0.435225,-0.081719,0.0,0.243391,0.0,0.4229
conll2003,auto_foco,keep,L8,H5,0.531909,0.014965,0.0,0.243391,0.0,0.4594
conll2003,auto_foco,keep,L8,H6,0.432602,-0.084343,0.0,0.243391,0.0,0.7684
conll2003,auto_foco,keep,L8,H7,0.541683,0.024739,0.0,0.243391,0.0,0.5813
conll2003,auto_foco,keep,L8,H8,0.455184,-0.06176,0.0,0.243391,0.0,0.6691
conll2003,auto_foco,keep,L8,H9,0.476899,-0.040045,0.03,0.240349,-0.003042,0.9194
conll2003,auto_foco,keep,L8,H10,0.553212,0.036268,0.0,0.243391,0.0,0.5087
conll2003,auto_foco,keep,L8,H11,0.536248,0.019304,0.0,0.243391,0.0,0.5178
conll2003,auto_foco,keep,L9,todas,0.454428,-0.062516,0.01,0.242213,-0.001178,0.8737
conll2003,auto_foco,keep,L9,H0,0.513073,-0.003872,0.0,0.243391,0.0,0.5177
conll2003,auto_foco,keep,L9,H1,0.492243,-0.024701,0.0,0.243391,0.0,0.7044
conll2003,auto_foco,keep,L9,H2,0.558899,0.041955,0.0,0.243391,0.0,0.711
conll2003,auto_foco,keep,L9,H3,0.366429,-0.150515,0.03,0.2399,-0.003491,0.7848
conll2003,auto_foco,keep,L9,H4,0.475917,-0.041027,0.0,0.243391,0.0,0.3951
conll2003,auto_foco,keep,L9,H5,0.511562,-0.005382,0.01,0.242739,-0.000652,0.8735
conll2003,auto_foco,keep,L9,H6,0.444175,-0.072769,0.0,0.243391,0.0,0.5794
conll2003,auto_foco,keep,L9,H7,0.569049,0.052105,0.0,0.243391,0.0,0.66
conll2003,auto_foco,keep,L9,H8,0.469868,-0.047076,0.01,0.242988,-0.000404,0.5611
conll2003,auto_foco,keep,L9,H9,0.463701,-0.053243,0.03,0.240972,-0.002419,0.914
conll2003,auto_foco,keep,L9,H10,0.48468,-0.032265,0.0,0.243391,0.0,0.6768
conll2003,auto_foco,keep,L9,H11,0.520707,0.003763,0.0,0.243391,0.0,0.5928
conll2003,auto_foco,keep,L10,todas,0.445186,-0.071758,0.0,0.243391,0.0,0.7962
conll2003,auto_foco,keep,L10,H0,0.391852,-0.125092,0.03,0.238984,-0.004408,0.8405
conll2003,auto_foco,keep,L10,H1,0.433391,-0.083553,0.01,0.241248,-0.002143,0.6923
conll2003,auto_foco,keep,L10,H2,0.482575,-0.034369,0.0,0.243391,0.0,0.4925
conll2003,auto_foco,keep,L10,H3,0.478113,-0.038832,0.0,0.243391,0.0,0.5353
conll2003,auto_foco,keep,L10,H4,0.509541,-0.007403,0.0,0.243391,0.0,0.686
conll2003,auto_foco,keep,L10,H5,0.518785,0.001841,0.0,0.243391,0.0,0.6945
conll2003,auto_foco,keep,L10,H6,0.524598,0.007654,0.0,0.243391,0.0,0.5067
conll2003,auto_foco,keep,L10,H7,0.434453,-0.082491,0.0,0.243391,0.0,0.2505
conll2003,auto_foco,keep,L10,H8,0.426012,-0.090932,0.0,0.243391,0.0,0.4959
conll2003,auto_foco,keep,L10,H9,0.385452,-0.131492,0.01,0.24136,-0.002031,0.7972
conll2003,auto_foco,keep,L10,H10,0.510215,-0.006729,0.0,0.243391,0.0,0.5912
conll2003,auto_foco,keep,L10,H11,0.470064,-0.04688,0.0,0.243391,0.0,0.5524
conll2003,auto_foco,keep,L11,todas,0.444059,-0.072885,0.02,0.241106,-0.002285,0.8813
conll2003,auto_foco,keep,L11,H0,0.436106,-0.080838,0.01,0.241799,-0.001592,0.7479
conll2003,auto_foco,keep,L11,H1,0.430235,-0.086709,0.02,0.240094,-0.003297,0.8443
conll2003,auto_foco,keep,L11,H2,0.459371,-0.057573,0.0,0.243391,0.0,0.6936
conll2003,auto_foco,keep,L11,H3,0.458708,-0.058237,0.01,0.241442,-0.001949,0.8297
conll2003,auto_foco,keep,L11,H4,0.494038,-0.022906,0.01,0.24247,-0.000921,0.851
conll2003,auto_foco,keep,L11,H5,0.483404,-0.03354,0.0,0.243391,0.0,0.7025
conll2003,auto_foco,keep,L11,H6,0.485733,-0.031211,0.0,0.243391,0.0,0.8792
conll2003,auto_foco,keep,L11,H7,0.484462,-0.032482,0.0,0.243391,0.0,0.6538
conll2003,auto_foco,keep,L11,H8,0.485702,-0.031242,0.01,0.242014,-0.001377,0.7184
conll2003,auto_foco,keep,L11,H9,0.469058,-0.047887,0.01,0.243182,-0.00021,0.8628
conll2003,auto_foco,keep,L11,H10,0.458045,-0.058899,0.03,0.240599,-0.002793,0.8695
conll2003,auto_foco,keep,L11,H11,0.454919,-0.062025,0.01,0.241871,-0.00152,0.8063
conll2003,auto_foco,keep,0-3,todas,0.462093,-0.054851,0.02,0.241863,-0.001528,0.8971
conll2003,auto_foco,keep,0-3,H0,0.434381,-0.082563,0.01,0.241903,-0.001488,0.8327
conll2003,auto_foco,keep,0-3,H1,0.484685,-0.032259,0.0,0.243391,0.0,0.732
conll2003,auto_foco,keep,0-3,H2,0.46018,-0.056764,0.02,0.241696,-0.001695,0.8898
conll2003,auto_foco,keep,0-3,H3,0.500381,-0.016563,0.0,0.243391,0.0,0.8798
conll2003,auto_foco,keep,0-3,H4,0.432778,-0.084166,0.04,0.23726,-0.006131,0.8145
conll2003,auto_foco,keep,0-3,H5,0.5022,-0.014744,0.02,0.243209,-0.000182,0.8397
conll2003,auto_foco,keep,0-3,H6,0.457577,-0.059367,0.02,0.242199,-0.001192,0.862
conll2003,auto_foco,keep,0-3,H7,0.478759,-0.038186,0.02,0.241351,-0.00204,0.8173
conll2003,auto_foco,keep,0-3,H8,0.470144,-0.0468,0.01,0.241814,-0.001577,0.7451
conll2003,auto_foco,keep,0-3,H9,0.460856,-0.056088,0.02,0.240803,-0.002588,0.8657
conll2003,auto_foco,keep,0-3,H10,0.465415,-0.051529,0.01,0.242029,-0.001362,0.8425
conll2003,auto_foco,keep,0-3,H11,0.490308,-0.026637,0.01,0.24371,0.000319,0.8243
conll2003,auto_foco,keep,4-7,todas,0.463919,-0.053025,0.0,0.243391,0.0,0.8445
conll2003,auto_foco,keep,4-7,H0,0.491188,-0.025756,0.0,0.243391,0.0,0.8653
conll2003,auto_foco,keep,4-7,H1,0.496608,-0.020336,0.0,0.243391,0.0,0.5111
conll2003,auto_foco,keep,4-7,H2,0.498753,-0.018191,0.0,0.243391,0.0,0.8526
conll2003,auto_foco,keep,4-7,H3,0.415564,-0.10138,0.02,0.240344,-0.003047,0.8114
conll2003,auto_foco,keep,4-7,H4,0.486832,-0.030112,0.0,0.243391,0.0,0.6887
conll2003,auto_foco,keep,4-7,H5,0.533521,0.016577,0.0,0.243391,0.0,0.7197
conll2003,auto_foco,keep,4-7,H6,0.49363,-0.023315,0.0,0.243391,0.0,0.7555
conll2003,auto_foco,keep,4-7,H7,0.398435,-0.11851,0.02,0.238367,-0.005024,0.771
conll2003,auto_foco,keep,4-7,H8,0.533438,0.016494,0.0,0.243391,0.0,0.5507
conll2003,auto_foco,keep,4-7,H9,0.53243,0.015485,0.0,0.243391,0.0,0.4936
conll2003,auto_foco,keep,4-7,H10,0.436049,-0.080896,0.01,0.242432,-0.000959,0.8212
conll2003,auto_foco,keep,4-7,H11,0.465871,-0.051073,0.01,0.242427,-0.000964,0.7119
conll2003,auto_foco,keep,8-11,todas,0.458446,-0.058499,0.0,0.243391,0.0,0.8655
conll2003,auto_foco,keep,8-11,H0,0.428873,-0.088071,0.01,0.241829,-0.001562,0.7852
conll2003,auto_foco,keep,8-11,H1,0.441517,-0.075427,0.01,0.24184,-0.001551,0.8583
conll2003,auto_foco,keep,8-11,H2,0.499641,-0.017303,0.0,0.243391,0.0,0.5311
conll2003,auto_foco,keep,8-11,H3,0.451981,-0.064963,0.0,0.243391,0.0,0.8419
conll2003,auto_foco,keep,8-11,H4,0.481338,-0.035606,0.0,0.243391,0.0,0.8332
conll2003,auto_foco,keep,8-11,H5,0.517653,0.000709,0.0,0.243391,0.0,0.8227
conll2003,auto_foco,keep,8-11,H6,0.455032,-0.061912,0.0,0.243391,0.0,0.8148
conll2003,auto_foco,keep,8-11,H7,0.470204,-0.04674,0.0,0.243391,0.0,0.517
conll2003,auto_foco,keep,8-11,H8,0.4526,-0.064344,0.01,0.242864,-0.000527,0.7394
conll2003,auto_foco,keep,8-11,H9,0.433226,-0.083719,0.03,0.240748,-0.002643,0.9294
conll2003,auto_foco,keep,8-11,H10,0.488892,-0.028052,0.01,0.242674,-0.000717,0.8727
conll2003,auto_foco,keep,8-11,H11,0.484367,-0.032577,0.01,0.2431,-0.000291,0.8286
conll2003,auto_foco,drop_from_denominator,todas,todas,0.479459,-0.037485,0.0,0.243391,0.0,0.8761
conll2003,auto_foco,drop_from_denominator,todas,H0,0.467969,-0.048975,0.01,0.242862,-0.000529,0.8311
conll2003,auto_foco,drop_from_denominator,todas,H1,0.493963,-0.022981,0.0,0.243391,0.0,0.806
conll2003,auto_foco,drop_from_denominator,todas,H2,0.503733,-0.013211,0.0,0.243391,0.0,0.8756
conll2003,auto_foco,drop_from_denominator,todas,H3,0.456374,-0.06057,0.01,0.242451,-0.00094,0.8493
conll2003,auto_foco,drop_from_denominator,todas,H4,0.464843,-0.052101,0.0,0.243391,0.0,0.848
conll2003,auto_foco,drop_from_denominator,todas,H5,0.52309,0.006146,0.0,0.243391,0.0,0.8882
conll2003,auto_foco,drop_from_denominator,todas,H6,0.478566,-0.038378,0.0,0.243391,0.0,0.8823
conll2003,auto_foco,drop_from_denominator,todas,H7,0.467895,-0.049049,0.0,0.243391,0.0,0.7962
conll2003,auto_foco,drop_from_denominator,todas,H8,0.510627,-0.006317,0.0,0.243391,0.0,0.7582
conll2003,auto_foco,drop_from_denominator,todas,H9,0.480435,-0.036509,0.01,0.242699,-0.000692,0.8747
conll2003,auto_foco,drop_from_denominator,todas,H10,0.474671,-0.042273,0.01,0.242945,-0.000446,0.891
conll2003,auto_foco,drop_from_denominator,todas,H11,0.48732,-0.029625,0.01,0.243512,0.000121,0.8496
conll2003,auto_foco,drop_from_denominator,L0,todas,0.489162,-0.027782,0.01,0.243071,-0.00032,0.8607
conll2003,auto_foco,drop_from_denominator,L0,H0,0.495618,-0.021326,0.0,0.243391,0.0,0.7091
conll2003,auto_foco,drop_from_denominator,L0,H1,0.457147,-0.059797,0.01,0.244265,0.000874,0.6635
conll2003,auto_foco,drop_from_denominator,L0,H2,0.484732,-0.032212,0.01,0.24273,-0.000661,0.8692
conll2003,auto_foco,drop_from_denominator,L0,H3,0.551512,0.034568,0.0,0.243391,0.0,0.7734
conll2003,auto_foco,drop_from_denominator,L0,H4,0.467851,-0.049093,0.03,0.238353,-0.005038,0.8198
conll2003,auto_foco,drop_from_denominator,L0,H5,0.470539,-0.046405,0.01,0.242132,-0.001259,0.5633
conll2003,auto_foco,drop_from_denominator,L0,H6,0.479843,-0.037101,0.0,0.243391,0.0,0.5141
conll2003,auto_foco,drop_from_denominator,L0,H7,0.506186,-0.010759,0.0,0.243391,0.0,0.6006
conll2003,auto_foco,drop_from_denominator,L0,H8,0.507998,-0.008946,0.0,0.243391,0.0,0.7046
conll2003,auto_foco,drop_from_denominator,L0,H9,0.482476,-0.034468,0.02,0.243397,6e-06,0.7607
conll2003,auto_foco,drop_from_denominator,L0,H10,0.4556,-0.061344,0.01,0.241998,-0.001393,0.7739
conll2003,auto_foco,drop_from_denominator,L0,H11,0.508213,-0.008731,0.0,0.243391,0.0,0.6849
conll2003,auto_foco,drop_from_denominator,L1,todas,0.47814,-0.038804,0.01,0.242434,-0.000957,0.8721
conll2003,auto_foco,drop_from_denominator,L1,H0,0.456863,-0.060081,0.01,0.242154,-0.001237,0.773
conll2003,auto_foco,drop_from_denominator,L1,H1,0.487661,-0.029283,0.01,0.243763,0.000372,0.6643
conll2003,auto_foco,drop_from_denominator,L1,H2,0.543906,0.026962,0.0,0.243391,0.0,0.5065
conll2003,auto_foco,drop_from_denominator,L1,H3,0.4907,-0.026244,0.0,0.243391,0.0,0.4762
conll2003,auto_foco,drop_from_denominator,L1,H4,0.447475,-0.069469,0.0,0.243391,0.0,0.6062
conll2003,auto_foco,drop_from_denominator,L1,H5,0.528159,0.011215,0.01,0.245096,0.001705,0.744
conll2003,auto_foco,drop_from_denominator,L1,H6,0.472879,-0.044065,0.01,0.242574,-0.000817,0.6733
conll2003,auto_foco,drop_from_denominator,L1,H7,0.436268,-0.080677,0.03,0.238598,-0.004793,0.7525
conll2003,auto_foco,drop_from_denominator,L1,H8,0.493366,-0.023578,0.02,0.24322,-0.000171,0.7382
conll2003,auto_foco,drop_from_denominator,L1,H9,0.483644,-0.0333,0.01,0.241071,-0.00232,0.8156
conll2003,auto_foco,drop_from_denominator,L1,H10,0.535824,0.01888,0.0,0.243391,0.0,0.3031
conll2003,auto_foco,drop_from_denominator,L1,H11,0.489299,-0.027645,0.01,0.243507,0.000116,0.8304
conll2003,auto_foco,drop_from_denominator,L2,todas,0.472521,-0.044424,0.02,0.241838,-0.001553,0.8507
conll2003,auto_foco,drop_from_denominator,L2,H0,0.472592,-0.044352,0.02,0.242863,-0.000528,0.6049
conll2003,auto_foco,drop_from_denominator,L2,H1,0.574302,0.057357,0.0,0.243391,0.0,0.4798
conll2003,auto_foco,drop_from_denominator,L2,H2,0.467931,-0.049013,0.04,0.24001,-0.003381,0.6817
conll2003,auto_foco,drop_from_denominator,L2,H3,0.477033,-0.039911,0.03,0.241937,-0.001454,0.8391
conll2003,auto_foco,drop_from_denominator,L2,H4,0.416395,-0.100549,0.03,0.238323,-0.005068,0.712
conll2003,auto_foco,drop_from_denominator,L2,H5,0.494865,-0.022079,0.01,0.242806,-0.000585,0.8492
conll2003,auto_foco,drop_from_denominator,L2,H6,0.462824,-0.05412,0.01,0.242342,-0.001049,0.8111
conll2003,auto_foco,drop_from_denominator,L2,H7,0.491306,-0.025638,0.0,0.243391,0.0,0.5849
conll2003,auto_foco,drop_from_denominator,L2,H8,0.487878,-0.029066,0.0,0.243391,0.0,0.6166
conll2003,auto_foco,drop_from_denominator,L2,H9,0.468986,-0.047959,0.0,0.243391,0.0,0.56
conll2003,auto_foco,drop_from_denominator,L2,H10,0.546993,0.030049,0.0,0.243391,0.0,0.6326
conll2003,auto_foco,drop_from_denominator,L2,H11,0.502467,-0.014477,0.01,0.244499,0.001108,0.6137
conll2003,auto_foco,drop_from_denominator,L3,todas,0.480295,-0.036649,0.01,0.241929,-0.001462,0.8628
conll2003,auto_foco,drop_from_denominator,L3,H0,0.452679,-0.064266,0.01,0.241157,-0.002234,0.8107
conll2003,auto_foco,drop_from_denominator,L3,H1,0.555851,0.038906,0.0,0.243391,0.0,0.4165
conll2003,auto_foco,drop_from_denominator,L3,H2,0.438344,-0.0786,0.01,0.241865,-0.001526,0.8074
conll2003,auto_foco,drop_from_denominator,L3,H3,0.450909,-0.066036,0.04,0.238438,-0.004953,0.823
conll2003,auto_foco,drop_from_denominator,L3,H4,0.494574,-0.02237,0.0,0.243391,0.0,0.6434
conll2003,auto_foco,drop_from_denominator,L3,H5,0.561356,0.044412,0.0,0.243391,0.0,0.7596
conll2003,auto_foco,drop_from_denominator,L3,H6,0.480485,-0.036459,0.01,0.24334,-5.1e-05,0.8102
conll2003,auto_foco,drop_from_denominator,L3,H7,0.500517,-0.016427,0.01,0.242469,-0.000922,0.6181
conll2003,auto_foco,drop_from_denominator,L3,H8,0.460214,-0.05673,0.01,0.241134,-0.002257,0.4771
conll2003,auto_foco,drop_from_denominator,L3,H9,0.613006,0.096062,0.0,0.243391,0.0,0.5013
conll2003,auto_foco,drop_from_denominator,L3,H10,0.502725,-0.014219,0.01,0.242647,-0.000744,0.6918
conll2003,auto_foco,drop_from_denominator,L3,H11,0.502969,-0.013975,0.0,0.243391,0.0,0.5876
conll2003,auto_foco,drop_from_denominator,L4,todas,0.513268,-0.003676,0.0,0.243391,0.0,0.8357
conll2003,auto_foco,drop_from_denominator,L4,H0,0.449163,-0.067781,0.02,0.241594,-0.001797,0.8029
conll2003,auto_foco,drop_from_denominator,L4,H1,0.597206,0.080262,0.0,0.243391,0.0,0.5879
conll2003,auto_foco,drop_from_denominator,L4,H2,0.543343,0.026399,0.0,0.243391,0.0,0.5115
conll2003,auto_foco,drop_from_denominator,L4,H3,0.425959,-0.090986,0.01,0.241224,-0.002167,0.8189
conll2003,auto_foco,drop_from_denominator,L4,H4,0.607874,0.09093,0.0,0.243391,0.0,0.4578
conll2003,auto_foco,drop_from_denominator,L4,H5,0.51356,-0.003385,0.02,0.242584,-0.000807,0.7215
conll2003,auto_foco,drop_from_denominator,L4,H6,0.499128,-0.017816,0.0,0.243391,0.0,0.3199
conll2003,auto_foco,drop_from_denominator,L4,H7,0.50045,-0.016494,0.0,0.243391,0.0,0.6297
conll2003,auto_foco,drop_from_denominator,L4,H8,0.556946,0.040002,0.0,0.243391,0.0,0.2434
conll2003,auto_foco,drop_from_denominator,L4,H9,0.509939,-0.007005,0.0,0.243391,0.0,0.6885
conll2003,auto_foco,drop_from_denominator,L4,H10,0.54557,0.028625,0.0,0.243391,0.0,0.6385
conll2003,auto_foco,drop_from_denominator,L4,H11,0.412241,-0.104703,0.03,0.238605,-0.004786,0.7289
conll2003,auto_foco,drop_from_denominator,L5,todas,0.471231,-0.045713,0.0,0.243391,0.0,0.8313
conll2003,auto_foco,drop_from_denominator,L5,H0,0.572268,0.055324,0.0,0.243391,0.0,0.5482
conll2003,auto_foco,drop_from_denominator,L5,H1,0.493787,-0.023157,0.0,0.243391,0.0,0.3059
conll2003,auto_foco,drop_from_denominator,L5,H2,0.50318,-0.013765,0.02,0.241879,-0.001512,0.7066
conll2003,auto_foco,drop_from_denominator,L5,H3,0.547612,0.030668,0.0,0.243391,0.0,0.4476
conll2003,auto_foco,drop_from_denominator,L5,H4,0.451708,-0.065236,0.0,0.243391,0.0,0.5668
conll2003,auto_foco,drop_from_denominator,L5,H5,0.539783,0.022839,0.0,0.243391,0.0,0.5645
conll2003,auto_foco,drop_from_denominator,L5,H6,0.495401,-0.021543,0.0,0.243391,0.0,0.8045
conll2003,auto_foco,drop_from_denominator,L5,H7,0.390732,-0.126212,0.02,0.238957,-0.004434,0.7332
conll2003,auto_foco,drop_from_denominator,L5,H8,0.524941,0.007997,0.01,0.242479,-0.000912,0.6942
conll2003,auto_foco,drop_from_denominator,L5,H9,0.505283,-0.011661,0.0,0.243391,0.0,0.7272
conll2003,auto_foco,drop_from_denominator,L5,H10,0.37834,-0.138604,0.05,0.236027,-0.007364,0.7974
conll2003,auto_foco,drop_from_denominator,L5,H11,0.49305,-0.023895,0.0,0.243391,0.0,0.6782
conll2003,auto_foco,drop_from_denominator,L6,todas,0.517212,0.000267,0.0,0.243391,0.0,0.6991
conll2003,auto_foco,drop_from_denominator,L6,H0,0.565031,0.048087,0.0,0.243391,0.0,0.7578
conll2003,auto_foco,drop_from_denominator,L6,H1,0.44092,-0.076024,0.0,0.243391,0.0,0.2015
conll2003,auto_foco,drop_from_denominator,L6,H2,0.561362,0.044418,0.0,0.243391,0.0,0.7094
conll2003,auto_foco,drop_from_denominator,L6,H3,0.41446,-0.102485,0.02,0.239742,-0.003649,0.7616
conll2003,auto_foco,drop_from_denominator,L6,H4,0.483905,-0.033039,0.01,0.244231,0.00084,0.6378
conll2003,auto_foco,drop_from_denominator,L6,H5,0.527752,0.010808,0.0,0.243391,0.0,0.6737
conll2003,auto_foco,drop_from_denominator,L6,H6,0.535582,0.018638,0.0,0.243391,0.0,0.3704
conll2003,auto_foco,drop_from_denominator,L6,H7,0.562955,0.046011,0.0,0.243391,0.0,0.3608
conll2003,auto_foco,drop_from_denominator,L6,H8,0.524647,0.007703,0.0,0.243391,0.0,0.1375
conll2003,auto_foco,drop_from_denominator,L6,H9,0.605856,0.088911,0.0,0.243391,0.0,-0.2052
conll2003,auto_foco,drop_from_denominator,L6,H10,0.548205,0.031261,0.0,0.243391,0.0,0.4138
conll2003,auto_foco,drop_from_denominator,L6,H11,0.468154,-0.048791,0.01,0.24333,-6.1e-05,0.5484
conll2003,auto_foco,drop_from_denominator,L7,todas,0.498465,-0.018479,0.0,0.243391,0.0,0.7464
conll2003,auto_foco,drop_from_denominator,L7,H0,0.506981,-0.009963,0.0,0.243391,0.0,0.3663
conll2003,auto_foco,drop_from_denominator,L7,H1,0.607507,0.090563,0.0,0.243391,0.0,0.5883
conll2003,auto_foco,drop_from_denominator,L7,H2,0.465765,-0.05118,0.02,0.240111,-0.00328,0.793
conll2003,auto_foco,drop_from_denominator,L7,H3,0.440478,-0.076466,0.01,0.243018,-0.000373,0.7424
conll2003,auto_foco,drop_from_denominator,L7,H4,0.478175,-0.038769,0.0,0.243391,0.0,0.4884
conll2003,auto_foco,drop_from_denominator,L7,H5,0.544252,0.027308,0.0,0.243391,0.0,0.3797
conll2003,auto_foco,drop_from_denominator,L7,H6,0.559313,0.042369,0.01,0.245579,0.002188,0.5206
conll2003,auto_foco,drop_from_denominator,L7,H7,0.536756,0.019811,0.0,0.243391,0.0,0.3882
conll2003,auto_foco,drop_from_denominator,L7,H8,0.534514,0.01757,0.0,0.243391,0.0,0.5785
conll2003,auto_foco,drop_from_denominator,L7,H9,0.487189,-0.029756,0.0,0.243391,0.0,0.337
conll2003,auto_foco,drop_from_denominator,L7,H10,0.578379,0.061434,0.0,0.243391,0.0,0.6296
conll2003,auto_foco,drop_from_denominator,L7,H11,0.497666,-0.019279,0.0,0.243391,0.0,0.6257
conll2003,auto_foco,drop_from_denominator,L8,todas,0.500473,-0.016471,0.0,0.243391,0.0,0.7527
conll2003,auto_foco,drop_from_denominator,L8,H0,0.487419,-0.029525,0.0,0.243391,0.0,0.3374
conll2003,auto_foco,drop_from_denominator,L8,H1,0.467003,-0.049941,0.0,0.243391,0.0,0.5143
conll2003,auto_foco,drop_from_denominator,L8,H2,0.504291,-0.012653,0.0,0.243391,0.0,0.3607
conll2003,auto_foco,drop_from_denominator,L8,H3,0.539047,0.022103,0.0,0.243391,0.0,0.6841
conll2003,auto_foco,drop_from_denominator,L8,H4,0.439074,-0.077871,0.0,0.243391,0.0,0.4639
conll2003,auto_foco,drop_from_denominator,L8,H5,0.532204,0.01526,0.0,0.243391,0.0,0.4833
conll2003,auto_foco,drop_from_denominator,L8,H6,0.456886,-0.060058,0.0,0.243391,0.0,0.7327
conll2003,auto_foco,drop_from_denominator,L8,H7,0.540823,0.023879,0.0,0.243391,0.0,0.5566
conll2003,auto_foco,drop_from_denominator,L8,H8,0.457885,-0.059059,0.0,0.243391,0.0,0.67
conll2003,auto_foco,drop_from_denominator,L8,H9,0.485034,-0.03191,0.02,0.241449,-0.001942,0.8947
conll2003,auto_foco,drop_from_denominator,L8,H10,0.557757,0.040813,0.0,0.243391,0.0,0.5007
conll2003,auto_foco,drop_from_denominator,L8,H11,0.537482,0.020538,0.0,0.243391,0.0,0.5206
conll2003,auto_foco,drop_from_denominator,L9,todas,0.488229,-0.028715,0.0,0.243391,0.0,0.8518
conll2003,auto_foco,drop_from_denominator,L9,H0,0.539481,0.022536,0.0,0.243391,0.0,0.5094
conll2003,auto_foco,drop_from_denominator,L9,H1,0.505083,-0.011862,0.0,0.243391,0.0,0.7065
conll2003,auto_foco,drop_from_denominator,L9,H2,0.599051,0.082106,0.0,0.243391,0.0,0.6832
conll2003,auto_foco,drop_from_denominator,L9,H3,0.376566,-0.140378,0.02,0.240841,-0.00255,0.7762
conll2003,auto_foco,drop_from_denominator,L9,H4,0.484201,-0.032744,0.0,0.243391,0.0,0.4007
conll2003,auto_foco,drop_from_denominator,L9,H5,0.511879,-0.005065,0.02,0.243562,0.000171,0.8686
conll2003,auto_foco,drop_from_denominator,L9,H6,0.4625,-0.054444,0.0,0.243391,0.0,0.5767
conll2003,auto_foco,drop_from_denominator,L9,H7,0.573405,0.05646,0.0,0.243391,0.0,0.6282
conll2003,auto_foco,drop_from_denominator,L9,H8,0.486135,-0.030809,0.0,0.243391,0.0,0.4882
conll2003,auto_foco,drop_from_denominator,L9,H9,0.488309,-0.028635,0.01,0.242123,-0.001268,0.8501
conll2003,auto_foco,drop_from_denominator,L9,H10,0.49417,-0.022774,0.0,0.243391,0.0,0.6658
conll2003,auto_foco,drop_from_denominator,L9,H11,0.528611,0.011667,0.0,0.243391,0.0,0.6061
conll2003,auto_foco,drop_from_denominator,L10,todas,0.45871,-0.058234,0.0,0.243391,0.0,0.7901
conll2003,auto_foco,drop_from_denominator,L10,H0,0.417953,-0.098991,0.02,0.241233,-0.002158,0.8105
conll2003,auto_foco,drop_from_denominator,L10,H1,0.432045,-0.084899,0.01,0.241179,-0.002212,0.7216
conll2003,auto_foco,drop_from_denominator,L10,H2,0.48599,-0.030954,0.0,0.243391,0.0,0.5351
conll2003,auto_foco,drop_from_denominator,L10,H3,0.48211,-0.034834,0.0,0.243391,0.0,0.5
conll2003,auto_foco,drop_from_denominator,L10,H4,0.512196,-0.004748,0.0,0.243391,0.0,0.6439
conll2003,auto_foco,drop_from_denominator,L10,H5,0.515604,-0.00134,0.0,0.243391,0.0,0.702
conll2003,auto_foco,drop_from_denominator,L10,H6,0.537064,0.020119,0.0,0.243391,0.0,0.4684
conll2003,auto_foco,drop_from_denominator,L10,H7,0.437402,-0.079543,0.0,0.243391,0.0,0.2496
conll2003,auto_foco,drop_from_denominator,L10,H8,0.434985,-0.081959,0.0,0.243391,0.0,0.5393
conll2003,auto_foco,drop_from_denominator,L10,H9,0.409824,-0.10712,0.01,0.24243,-0.000961,0.7871
conll2003,auto_foco,drop_from_denominator,L10,H10,0.508186,-0.008758,0.0,0.243391,0.0,0.6099
conll2003,auto_foco,drop_from_denominator,L10,H11,0.469091,-0.047853,0.0,0.243391,0.0,0.5771
conll2003,auto_foco,drop_from_denominator,L11,todas,0.452938,-0.064007,0.01,0.242031,-0.00136,0.8656
conll2003,auto_foco,drop_from_denominator,L11,H0,0.444922,-0.072022,0.01,0.24184,-0.001551,0.7529
conll2003,auto_foco,drop_from_denominator,L11,H1,0.439076,-0.077869,0.02,0.241044,-0.002347,0.8233
conll2003,auto_foco,drop_from_denominator,L11,H2,0.471344,-0.0456,0.0,0.243391,0.0,0.6649
conll2003,auto_foco,drop_from_denominator,L11,H3,0.479376,-0.037568,0.01,0.242043,-0.001348,0.769
conll2003,auto_foco,drop_from_denominator,L11,H4,0.496451,-0.020493,0.0,0.243391,0.0,0.7978
conll2003,auto_foco,drop_from_denominator,L11,H5,0.479444,-0.0375,0.0,0.243391,0.0,0.7148
conll2003,auto_foco,drop_from_denominator,L11,H6,0.482924,-0.03402,0.0,0.243391,0.0,0.8846
conll2003,auto_foco,drop_from_denominator,L11,H7,0.488643,-0.028301,0.0,0.243391,0.0,0.6385
conll2003,auto_foco,drop_from_denominator,L11,H8,0.483534,-0.03341,0.01,0.242103,-0.001288,0.7276
conll2003,auto_foco,drop_from_denominator,L11,H9,0.466931,-0.050013,0.01,0.243497,0.000105,0.851
conll2003,auto_foco,drop_from_denominator,L11,H10,0.447649,-0.069295,0.04,0.240326,-0.003065,0.8857
conll2003,auto_foco,drop_from_denominator,L11,H11,0.458622,-0.058322,0.01,0.242131,-0.00126,0.7868
conll2003,auto_foco,drop_from_denominator,0-3,todas,0.48217,-0.034774,0.01,0.24241,-0.000981,0.8811
conll2003,auto_foco,drop_from_denominator,0-3,H0,0.458766,-0.058178,0.01,0.242442,-0.000949,0.8213
conll2003,auto_foco,drop_from_denominator,0-3,H1,0.499739,-0.017205,0.0,0.243391,0.0,0.7418
conll2003,auto_foco,drop_from_denominator,0-3,H2,0.473032,-0.043913,0.02,0.241786,-0.001606,0.8616
conll2003,auto_foco,drop_from_denominator,0-3,H3,0.499374,-0.01757,0.0,0.243391,0.0,0.8844
conll2003,auto_foco,drop_from_denominator,0-3,H4,0.445124,-0.07182,0.03,0.238206,-0.005185,0.8156
conll2003,auto_foco,drop_from_denominator,0-3,H5,0.509689,-0.007256,0.02,0.244219,0.000828,0.8471
conll2003,auto_foco,drop_from_denominator,0-3,H6,0.473246,-0.043698,0.01,0.24259,-0.000801,0.8496
conll2003,auto_foco,drop_from_denominator,0-3,H7,0.492366,-0.024578,0.01,0.242224,-0.001168,0.8179
conll2003,auto_foco,drop_from_denominator,0-3,H8,0.486178,-0.030766,0.01,0.242123,-0.001268,0.7611
conll2003,auto_foco,drop_from_denominator,0-3,H9,0.482803,-0.034141,0.01,0.242448,-0.000943,0.8154
conll2003,auto_foco,drop_from_denominator,0-3,H10,0.497336,-0.019608,0.0,0.243391,0.0,0.8284
conll2003,auto_foco,drop_from_denominator,0-3,H11,0.502192,-0.014752,0.01,0.244109,0.000718,0.8207
conll2003,auto_foco,drop_from_denominator,4-7,todas,0.497905,-0.019039,0.0,0.243391,0.0,0.8158
conll2003,auto_foco,drop_from_denominator,4-7,H0,0.529858,0.012914,0.0,0.243391,0.0,0.7946
conll2003,auto_foco,drop_from_denominator,4-7,H1,0.514636,-0.002308,0.0,0.243391,0.0,0.5063
conll2003,auto_foco,drop_from_denominator,4-7,H2,0.525775,0.008831,0.0,0.243391,0.0,0.8235
conll2003,auto_foco,drop_from_denominator,4-7,H3,0.432944,-0.084,0.02,0.241183,-0.002208,0.8057
conll2003,auto_foco,drop_from_denominator,4-7,H4,0.492118,-0.024826,0.0,0.243391,0.0,0.6632
conll2003,auto_foco,drop_from_denominator,4-7,H5,0.54763,0.030685,0.0,0.243391,0.0,0.7209
conll2003,auto_foco,drop_from_denominator,4-7,H6,0.519359,0.002415,0.0,0.243391,0.0,0.746
conll2003,auto_foco,drop_from_denominator,4-7,H7,0.454738,-0.062206,0.01,0.241891,-0.0015,0.7513
conll2003,auto_foco,drop_from_denominator,4-7,H8,0.558452,0.041508,0.0,0.243391,0.0,0.4405
conll2003,auto_foco,drop_from_denominator,4-7,H9,0.570628,0.053683,0.0,0.243391,0.0,0.4348
conll2003,auto_foco,drop_from_denominator,4-7,H10,0.453963,-0.062981,0.01,0.243648,0.000257,0.8097
conll2003,auto_foco,drop_from_denominator,4-7,H11,0.473001,-0.043943,0.01,0.243112,-0.000279,0.7259
conll2003,auto_foco,drop_from_denominator,8-11,todas,0.470903,-0.046041,0.0,0.243391,0.0,0.8496
conll2003,auto_foco,drop_from_denominator,8-11,H0,0.449883,-0.067061,0.01,0.242432,-0.000959,0.7722
conll2003,auto_foco,drop_from_denominator,8-11,H1,0.452028,-0.064916,0.01,0.242804,-0.000587,0.8514
conll2003,auto_foco,drop_from_denominator,8-11,H2,0.534489,0.017545,0.0,0.243391,0.0,0.6338
conll2003,auto_foco,drop_from_denominator,8-11,H3,0.468555,-0.048389,0.0,0.243391,0.0,0.8243
conll2003,auto_foco,drop_from_denominator,8-11,H4,0.487312,-0.029632,0.0,0.243391,0.0,0.7648
conll2003,auto_foco,drop_from_denominator,8-11,H5,0.51178,-0.005165,0.0,0.243391,0.0,0.8317
conll2003,auto_foco,drop_from_denominator,8-11,H6,0.482276,-0.034669,0.0,0.243391,0.0,0.7881
conll2003,auto_foco,drop_from_denominator,8-11,H7,0.475872,-0.041072,0.0,0.243391,0.0,0.5286
conll2003,auto_foco,drop_from_denominator,8-11,H8,0.461229,-0.055715,0.0,0.243391,0.0,0.7265
conll2003,auto_foco,drop_from_denominator,8-11,H9,0.448043,-0.068901,0.01,0.242344,-0.001047,0.8952
conll2003,auto_foco,drop_from_denominator,8-11,H10,0.485919,-0.031025,0.01,0.243042,-0.000349,0.8808
conll2003,auto_foco,drop_from_denominator,8-11,H11,0.486652,-0.030293,0.0,0.243391,0.0,0.8214
conll2003,auto_foco,drop_from_queries_and_denominator,todas,todas,0.479459,-0.037485,0.0,0.243391,0.0,0.8761
conll2003,auto_foco,drop_from_queries_and_denominator,todas,H0,0.467969,-0.048975,0.01,0.242862,-0.000529,0.8311
conll2003,auto_foco,drop_from_queries_and_denominator,todas,H1,0.493963,-0.022981,0.0,0.243391,0.0,0.806
conll2003,auto_foco,drop_from_queries_and_denominator,todas,H2,0.503733,-0.013211,0.0,0.243391,0.0,0.8756
conll2003,auto_foco,drop_from_queries_and_denominator,todas,H3,0.456374,-0.06057,0.01,0.242451,-0.00094,0.8493
conll2003,auto_foco,drop_from_queries_and_denominator,todas,H4,0.464843,-0.052101,0.0,0.243391,0.0,0.848
conll2003,auto_foco,drop_from_queries_and_denominator,todas,H5,0.52309,0.006146,0.0,0.243391,0.0,0.8882
conll2003,auto_foco,drop_from_queries_and_denominator,todas,H6,0.478566,-0.038378,0.0,0.243391,0.0,0.8823
conll2003,auto_foco,drop_from_queries_and_denominator,todas,H7,0.467895,-0.049049,0.0,0.243391,0.0,0.7962
conll2003,auto_foco,drop_from_queries_and_denominator,todas,H8,0.510627,-0.006317,0.0,0.243391,0.0,0.7582
conll2003,auto_foco,drop_from_queries_and_denominator,todas,H9,0.480435,-0.036509,0.01,0.242699,-0.000692,0.8747
conll2003,auto_foco,drop_from_queries_and_denominator,todas,H10,0.474671,-0.042273,0.01,0.242945,-0.000446,0.891
conll2003,auto_foco,drop_from_queries_and_denominator,todas,H11,0.48732,-0.029625,0.01,0.243512,0.000121,0.8496
conll2003,auto_foco,drop_from_queries_and_denominator,L0,todas,0.489162,-0.027782,0.01,0.243071,-0.00032,0.8607
conll2003,auto_foco,drop_from_queries_and_denominator,L0,H0,0.495618,-0.021326,0.0,0.243391,0.0,0.7091
conll2003,auto_foco,drop_from_queries_and_denominator,L0,H1,0.457147,-0.059797,0.01,0.244265,0.000874,0.6635
conll2003,auto_foco,drop_from_queries_and_denominator,L0,H2,0.484732,-0.032212,0.01,0.24273,-0.000661,0.8692
conll2003,auto_foco,drop_from_queries_and_denominator,L0,H3,0.551512,0.034568,0.0,0.243391,0.0,0.7734
conll2003,auto_foco,drop_from_queries_and_denominator,L0,H4,0.467851,-0.049093,0.03,0.238353,-0.005038,0.8198
conll2003,auto_foco,drop_from_queries_and_denominator,L0,H5,0.470539,-0.046405,0.01,0.242132,-0.001259,0.5633
conll2003,auto_foco,drop_from_queries_and_denominator,L0,H6,0.479843,-0.037101,0.0,0.243391,0.0,0.5141
conll2003,auto_foco,drop_from_queries_and_denominator,L0,H7,0.506186,-0.010759,0.0,0.243391,0.0,0.6006
conll2003,auto_foco,drop_from_queries_and_denominator,L0,H8,0.507998,-0.008946,0.0,0.243391,0.0,0.7046
conll2003,auto_foco,drop_from_queries_and_denominator,L0,H9,0.482476,-0.034468,0.02,0.243397,6e-06,0.7607
conll2003,auto_foco,drop_from_queries_and_denominator,L0,H10,0.4556,-0.061344,0.01,0.241998,-0.001393,0.7739
conll2003,auto_foco,drop_from_queries_and_denominator,L0,H11,0.508213,-0.008731,0.0,0.243391,0.0,0.6849
conll2003,auto_foco,drop_from_queries_and_denominator,L1,todas,0.47814,-0.038804,0.01,0.242434,-0.000957,0.8721
conll2003,auto_foco,drop_from_queries_and_denominator,L1,H0,0.456863,-0.060081,0.01,0.242154,-0.001237,0.773
conll2003,auto_foco,drop_from_queries_and_denominator,L1,H1,0.487661,-0.029283,0.01,0.243763,0.000372,0.6643
conll2003,auto_foco,drop_from_queries_and_denominator,L1,H2,0.543906,0.026962,0.0,0.243391,0.0,0.5065
conll2003,auto_foco,drop_from_queries_and_denominator,L1,H3,0.4907,-0.026244,0.0,0.243391,0.0,0.4762
conll2003,auto_foco,drop_from_queries_and_denominator,L1,H4,0.447475,-0.069469,0.0,0.243391,0.0,0.6062
conll2003,auto_foco,drop_from_queries_and_denominator,L1,H5,0.528159,0.011215,0.01,0.245096,0.001705,0.744
conll2003,auto_foco,drop_from_queries_and_denominator,L1,H6,0.472879,-0.044065,0.01,0.242574,-0.000817,0.6733
conll2003,auto_foco,drop_from_queries_and_denominator,L1,H7,0.436268,-0.080677,0.03,0.238598,-0.004793,0.7525
conll2003,auto_foco,drop_from_queries_and_denominator,L1,H8,0.493366,-0.023578,0.02,0.24322,-0.000171,0.7382
conll2003,auto_foco,drop_from_queries_and_denominator,L1,H9,0.483644,-0.0333,0.01,0.241071,-0.00232,0.8156
conll2003,auto_foco,drop_from_queries_and_denominator,L1,H10,0.535824,0.01888,0.0,0.243391,0.0,0.3031
conll2003,auto_foco,drop_from_queries_and_denominator,L1,H11,0.489299,-0.027645,0.01,0.243507,0.000116,0.8304
conll2003,auto_foco,drop_from_queries_and_denominator,L2,todas,0.472521,-0.044424,0.02,0.241838,-0.001553,0.8507
conll2003,auto_foco,drop_from_queries_and_denominator,L2,H0,0.472592,-0.044352,0.02,0.242863,-0.000528,0.6049
conll2003,auto_foco,drop_from_queries_and_denominator,L2,H1,0.574302,0.057357,0.0,0.243391,0.0,0.4798
conll2003,auto_foco,drop_from_queries_and_denominator,L2,H2,0.467931,-0.049013,0.04,0.24001,-0.003381,0.6817
conll2003,auto_foco,drop_from_queries_and_denominator,L2,H3,0.477033,-0.039911,0.03,0.241937,-0.001454,0.8391
conll2003,auto_foco,drop_from_queries_and_denominator,L2,H4,0.416395,-0.100549,0.03,0.238323,-0.005068,0.712
conll2003,auto_foco,drop_from_queries_and_denominator,L2,H5,0.494865,-0.022079,0.01,0.242806,-0.000585,0.8492
conll2003,auto_foco,drop_from_queries_and_denominator,L2,H6,0.462824,-0.05412,0.01,0.242342,-0.001049,0.8111
conll2003,auto_foco,drop_from_queries_and_denominator,L2,H7,0.491306,-0.025638,0.0,0.243391,0.0,0.5849
conll2003,auto_foco,drop_from_queries_and_denominator,L2,H8,0.487878,-0.029066,0.0,0.243391,0.0,0.6166
conll2003,auto_foco,drop_from_queries_and_denominator,L2,H9,0.468986,-0.047959,0.0,0.243391,0.0,0.56
conll2003,auto_foco,drop_from_queries_and_denominator,L2,H10,0.546993,0.030049,0.0,0.243391,0.0,0.6326
conll2003,auto_foco,drop_from_queries_and_denominator,L2,H11,0.502467,-0.014477,0.01,0.244499,0.001108,0.6137
conll2003,auto_foco,drop_from_queries_and_denominator,L3,todas,0.480295,-0.036649,0.01,0.241929,-0.001462,0.8628
conll2003,auto_foco,drop_from_queries_and_denominator,L3,H0,0.452679,-0.064266,0.01,0.241157,-0.002234,0.8107
conll2003,auto_foco,drop_from_queries_and_denominator,L3,H1,0.555851,0.038906,0.0,0.243391,0.0,0.4165
conll2003,auto_foco,drop_from_queries_and_denominator,L3,H2,0.438344,-0.0786,0.01,0.241865,-0.001526,0.8074
conll2003,auto_foco,drop_from_queries_and_denominator,L3,H3,0.450909,-0.066036,0.04,0.238438,-0.004953,0.823
conll2003,auto_foco,drop_from_queries_and_denominator,L3,H4,0.494574,-0.02237,0.0,0.243391,0.0,0.6434
conll2003,auto_foco,drop_from_queries_and_denominator,L3,H5,0.561356,0.044412,0.0,0.243391,0.0,0.7596
conll2003,auto_foco,drop_from_queries_and_denominator,L3,H6,0.480485,-0.036459,0.01,0.24334,-5.1e-05,0.8102
conll2003,auto_foco,drop_from_queries_and_denominator,L3,H7,0.500517,-0.016427,0.01,0.242469,-0.000922,0.6181
conll2003,auto_foco,drop_from_queries_and_denominator,L3,H8,0.460214,-0.05673,0.01,0.241134,-0.002257,0.4771
conll2003,auto_foco,drop_from_queries_and_denominator,L3,H9,0.613006,0.096062,0.0,0.243391,0.0,0.5013
conll2003,auto_foco,drop_from_queries_and_denominator,L3,H10,0.502725,-0.014219,0.01,0.242647,-0.000744,0.6918
conll2003,auto_foco,drop_from_queries_and_denominator,L3,H11,0.502969,-0.013975,0.0,0.243391,0.0,0.5876
conll2003,auto_foco,drop_from_queries_and_denominator,L4,todas,0.513268,-0.003676,0.0,0.243391,0.0,0.8357
conll2003,auto_foco,drop_from_queries_and_denominator,L4,H0,0.449163,-0.067781,0.02,0.241594,-0.001797,0.8029
conll2003,auto_foco,drop_from_queries_and_denominator,L4,H1,0.597206,0.080262,0.0,0.243391,0.0,0.5879
conll2003,auto_foco,drop_from_queries_and_denominator,L4,H2,0.543343,0.026399,0.0,0.243391,0.0,0.5115
conll2003,auto_foco,drop_from_queries_and_denominator,L4,H3,0.425959,-0.090986,0.01,0.241224,-0.002167,0.8189
conll2003,auto_foco,drop_from_queries_and_denominator,L4,H4,0.607874,0.09093,0.0,0.243391,0.0,0.4578
conll2003,auto_foco,drop_from_queries_and_denominator,L4,H5,0.51356,-0.003385,0.02,0.242584,-0.000807,0.7215
conll2003,auto_foco,drop_from_queries_and_denominator,L4,H6,0.499128,-0.017816,0.0,0.243391,0.0,0.3199
conll2003,auto_foco,drop_from_queries_and_denominator,L4,H7,0.50045,-0.016494,0.0,0.243391,0.0,0.6297
conll2003,auto_foco,drop_from_queries_and_denominator,L4,H8,0.556946,0.040002,0.0,0.243391,0.0,0.2434
conll2003,auto_foco,drop_from_queries_and_denominator,L4,H9,0.509939,-0.007005,0.0,0.243391,0.0,0.6885
conll2003,auto_foco,drop_from_queries_and_denominator,L4,H10,0.54557,0.028625,0.0,0.243391,0.0,0.6385
conll2003,auto_foco,drop_from_queries_and_denominator,L4,H11,0.412241,-0.104703,0.03,0.238605,-0.004786,0.7289
conll2003,auto_foco,drop_from_queries_and_denominator,L5,todas,0.471231,-0.045713,0.0,0.243391,0.0,0.8313
conll2003,auto_foco,drop_from_queries_and_denominator,L5,H0,0.572268,0.055324,0.0,0.243391,0.0,0.5482
conll2003,auto_foco,drop_from_queries_and_denominator,L5,H1,0.493787,-0.023157,0.0,0.243391,0.0,0.3059
conll2003,auto_foco,drop_from_queries_and_denominator,L5,H2,0.50318,-0.013765,0.02,0.241879,-0.001512,0.7066
conll2003,auto_foco,drop_from_queries_and_denominator,L5,H3,0.547612,0.030668,0.0,0.243391,0.0,0.4476
conll2003,auto_foco,drop_from_queries_and_denominator,L5,H4,0.451708,-0.065236,0.0,0.243391,0.0,0.5668
conll2003,auto_foco,drop_from_queries_and_denominator,L5,H5,0.539783,0.022839,0.0,0.243391,0.0,0.5645
conll2003,auto_foco,drop_from_queries_and_denominator,L5,H6,0.495401,-0.021543,0.0,0.243391,0.0,0.8045
conll2003,auto_foco,drop_from_queries_and_denominator,L5,H7,0.390732,-0.126212,0.02,0.238957,-0.004434,0.7332
conll2003,auto_foco,drop_from_queries_and_denominator,L5,H8,0.524941,0.007997,0.01,0.242479,-0.000912,0.6942
conll2003,auto_foco,drop_from_queries_and_denominator,L5,H9,0.505283,-0.011661,0.0,0.243391,0.0,0.7272
conll2003,auto_foco,drop_from_queries_and_denominator,L5,H10,0.37834,-0.138604,0.05,0.236027,-0.007364,0.7974
conll2003,auto_foco,drop_from_queries_and_denominator,L5,H11,0.49305,-0.023895,0.0,0.243391,0.0,0.6782
conll2003,auto_foco,drop_from_queries_and_denominator,L6,todas,0.517212,0.000267,0.0,0.243391,0.0,0.6991
conll2003,auto_foco,drop_from_queries_and_denominator,L6,H0,0.565031,0.048087,0.0,0.243391,0.0,0.7578
conll2003,auto_foco,drop_from_queries_and_denominator,L6,H1,0.44092,-0.076024,0.0,0.243391,0.0,0.2015
conll2003,auto_foco,drop_from_queries_and_denominator,L6,H2,0.561362,0.044418,0.0,0.243391,0.0,0.7094
conll2003,auto_foco,drop_from_queries_and_denominator,L6,H3,0.41446,-0.102485,0.02,0.239742,-0.003649,0.7616
conll2003,auto_foco,drop_from_queries_and_denominator,L6,H4,0.483905,-0.033039,0.01,0.244231,0.00084,0.6378
conll2003,auto_foco,drop_from_queries_and_denominator,L6,H5,0.527752,0.010808,0.0,0.243391,0.0,0.6737
conll2003,auto_foco,drop_from_queries_and_denominator,L6,H6,0.535582,0.018638,0.0,0.243391,0.0,0.3704
conll2003,auto_foco,drop_from_queries_and_denominator,L6,H7,0.562955,0.046011,0.0,0.243391,0.0,0.3608
conll2003,auto_foco,drop_from_queries_and_denominator,L6,H8,0.524647,0.007703,0.0,0.243391,0.0,0.1375
conll2003,auto_foco,drop_from_queries_and_denominator,L6,H9,0.605856,0.088911,0.0,0.243391,0.0,-0.2052
conll2003,auto_foco,drop_from_queries_and_denominator,L6,H10,0.548205,0.031261,0.0,0.243391,0.0,0.4138
conll2003,auto_foco,drop_from_queries_and_denominator,L6,H11,0.468154,-0.048791,0.01,0.24333,-6.1e-05,0.5484
conll2003,auto_foco,drop_from_queries_and_denominator,L7,todas,0.498465,-0.018479,0.0,0.243391,0.0,0.7464
conll2003,auto_foco,drop_from_queries_and_denominator,L7,H0,0.506981,-0.009963,0.0,0.243391,0.0,0.3663
conll2003,auto_foco,drop_from_queries_and_denominator,L7,H1,0.607507,0.090563,0.0,0.243391,0.0,0.5883
conll2003,auto_foco,drop_from_queries_and_denominator,L7,H2,0.465765,-0.05118,0.02,0.240111,-0.00328,0.793
conll2003,auto_foco,drop_from_queries_and_denominator,L7,H3,0.440478,-0.076466,0.01,0.243018,-0.000373,0.7424
conll2003,auto_foco,drop_from_queries_and_denominator,L7,H4,0.478175,-0.038769,0.0,0.243391,0.0,0.4884
conll2003,auto_foco,drop_from_queries_and_denominator,L7,H5,0.544252,0.027308,0.0,0.243391,0.0,0.3797
conll2003,auto_foco,drop_from_queries_and_denominator,L7,H6,0.559313,0.042369,0.01,0.245579,0.002188,0.5206
conll2003,auto_foco,drop_from_queries_and_denominator,L7,H7,0.536756,0.019811,0.0,0.243391,0.0,0.3882
conll2003,auto_foco,drop_from_queries_and_denominator,L7,H8,0.534514,0.01757,0.0,0.243391,0.0,0.5785
conll2003,auto_foco,drop_from_queries_and_denominator,L7,H9,0.487189,-0.029756,0.0,0.243391,0.0,0.337
conll2003,auto_foco,drop_from_queries_and_denominator,L7,H10,0.578379,0.061434,0.0,0.243391,0.0,0.6296
conll2003,auto_foco,drop_from_queries_and_denominator,L7,H11,0.497666,-0.019279,0.0,0.243391,0.0,0.6257
conll2003,auto_foco,drop_from_queries_and_denominator,L8,todas,0.500473,-0.016471,0.0,0.243391,0.0,0.7527
conll2003,auto_foco,drop_from_queries_and_denominator,L8,H0,0.487419,-0.029525,0.0,0.243391,0.0,0.3374
conll2003,auto_foco,drop_from_queries_and_denominator,L8,H1,0.467003,-0.049941,0.0,0.243391,0.0,0.5143
conll2003,auto_foco,drop_from_queries_and_denominator,L8,H2,0.504291,-0.012653,0.0,0.243391,0.0,0.3607
conll2003,auto_foco,drop_from_queries_and_denominator,L8,H3,0.539047,0.022103,0.0,0.243391,0.0,0.6841
conll2003,auto_foco,drop_from_queries_and_denominator,L8,H4,0.439074,-0.077871,0.0,0.243391,0.0,0.4639
conll2003,auto_foco,drop_from_queries_and_denominator,L8,H5,0.532204,0.01526,0.0,0.243391,0.0,0.4833
conll2003,auto_foco,drop_from_queries_and_denominator,L8,H6,0.456886,-0.060058,0.0,0.243391,0.0,0.7327
conll2003,auto_foco,drop_from_queries_and_denominator,L8,H7,0.540823,0.023879,0.0,0.243391,0.0,0.5566
conll2003,auto_foco,drop_from_queries_and_denominator,L8,H8,0.457885,-0.059059,0.0,0.243391,0.0,0.67
conll2003,auto_foco,drop_from_queries_and_denominator,L8,H9,0.485034,-0.03191,0.02,0.241449,-0.001942,0.8947
conll2003,auto_foco,drop_from_queries_and_denominator,L8,H10,0.557757,0.040813,0.0,0.243391,0.0,0.5007
conll2003,auto_foco,drop_from_queries_and_denominator,L8,H11,0.537482,0.020538,0.0,0.243391,0.0,0.5206
conll2003,auto_foco,drop_from_queries_and_denominator,L9,todas,0.488229,-0.028715,0.0,0.243391,0.0,0.8518
conll2003,auto_foco,drop_from_queries_and_denominator,L9,H0,0.539481,0.022536,0.0,0.243391,0.0,0.5094
conll2003,auto_foco,drop_from_queries_and_denominator,L9,H1,0.505083,-0.011862,0.0,0.243391,0.0,0.7065
conll2003,auto_foco,drop_from_queries_and_denominator,L9,H2,0.599051,0.082106,0.0,0.243391,0.0,0.6832
conll2003,auto_foco,drop_from_queries_and_denominator,L9,H3,0.376566,-0.140378,0.02,0.240841,-0.00255,0.7762
conll2003,auto_foco,drop_from_queries_and_denominator,L9,H4,0.484201,-0.032744,0.0,0.243391,0.0,0.4007
conll2003,auto_foco,drop_from_queries_and_denominator,L9,H5,0.511879,-0.005065,0.02,0.243562,0.000171,0.8686
conll2003,auto_foco,drop_from_queries_and_denominator,L9,H6,0.4625,-0.054444,0.0,0.243391,0.0,0.5767
conll2003,auto_foco,drop_from_queries_and_denominator,L9,H7,0.573405,0.05646,0.0,0.243391,0.0,0.6282
conll2003,auto_foco,drop_from_queries_and_denominator,L9,H8,0.486135,-0.030809,0.0,0.243391,0.0,0.4882
conll2003,auto_foco,drop_from_queries_and_denominator,L9,H9,0.488309,-0.028635,0.01,0.242123,-0.001268,0.8501
conll2003,auto_foco,drop_from_queries_and_denominator,L9,H10,0.49417,-0.022774,0.0,0.243391,0.0,0.6658
conll2003,auto_foco,drop_from_queries_and_denominator,L9,H11,0.528611,0.011667,0.0,0.243391,0.0,0.6061
conll2003,auto_foco,drop_from_queries_and_denominator,L10,todas,0.45871,-0.058234,0.0,0.243391,0.0,0.7901
conll2003,auto_foco,drop_from_queries_and_denominator,L10,H0,0.417953,-0.098991,0.02,0.241233,-0.002158,0.8105
conll2003,auto_foco,drop_from_queries_and_denominator,L10,H1,0.432045,-0.084899,0.01,0.241179,-0.002212,0.7216
conll2003,auto_foco,drop_from_queries_and_denominator,L10,H2,0.48599,-0.030954,0.0,0.243391,0.0,0.5351
conll2003,auto_foco,drop_from_queries_and_denominator,L10,H3,0.48211,-0.034834,0.0,0.243391,0.0,0.5
conll2003,auto_foco,drop_from_queries_and_denominator,L10,H4,0.512196,-0.004748,0.0,0.243391,0.0,0.6439
conll2003,auto_foco,drop_from_queries_and_denominator,L10,H5,0.515604,-0.00134,0.0,0.243391,0.0,0.702
conll2003,auto_foco,drop_from_queries_and_denominator,L10,H6,0.537064,0.020119,0.0,0.243391,0.0,0.4684
conll2003,auto_foco,drop_from_queries_and_denominator,L10,H7,0.437402,-0.079543,0.0,0.243391,0.0,0.2496
conll2003,auto_foco,drop_from_queries_and_denominator,L10,H8,0.434985,-0.081959,0.0,0.243391,0.0,0.5393
conll2003,auto_foco,drop_from_queries_and_denominator,L10,H9,0.409824,-0.10712,0.01,0.24243,-0.000961,0.7871
conll2003,auto_foco,drop_from_queries_and_denominator,L10,H10,0.508186,-0.008758,0.0,0.243391,0.0,0.6099
conll2003,auto_foco,drop_from_queries_and_denominator,L10,H11,0.469091,-0.047853,0.0,0.243391,0.0,0.5771
conll2003,auto_foco,drop_from_queries_and_denominator,L11,todas,0.452938,-0.064007,0.01,0.242031,-0.00136,0.8656
conll2003,auto_foco,drop_from_queries_and_denominator,L11,H0,0.444922,-0.072022,0.01,0.24184,-0.001551,0.7529
conll2003,auto_foco,drop_from_queries_and_denominator,L11,H1,0.439076,-0.077869,0.02,0.241044,-0.002347,0.8233
conll2003,auto_foco,drop_from_queries_and_denominator,L11,H2,0.471344,-0.0456,0.0,0.243391,0.0,0.6649
conll2003,auto_foco,drop_from_queries_and_denominator,L11,H3,0.479376,-0.037568,0.01,0.242043,-0.001348,0.769
conll2003,auto_foco,drop_from_queries_and_denominator,L11,H4,0.496451,-0.020493,0.0,0.243391,0.0,0.7978
conll2003,auto_foco,drop_from_queries_and_denominator,L11,H5,0.479444,-0.0375,0.0,0.243391,0.0,0.7148
conll2003,auto_foco,drop_from_queries_and_denominator,L11,H6,0.482924,-0.03402,0.0,0.243391,0.0,0.8846
conll2003,auto_foco,drop_from_queries_and_denominator,L11,H7,0.488643,-0.028301,0.0,0.243391,0.0,0.6385
conll2003,auto_foco,drop_from_queries_and_denominator,L11,H8,0.483534,-0.03341,0.01,0.242103,-0.001288,0.7276
conll2003,auto_foco,drop_from_queries_and_denominator,L11,H9,0.466931,-0.050013,0.01,0.243497,0.000105,0.851
conll2003,auto_foco,drop_from_queries_and_denominator,L11,H10,0.447649,-0.069295,0.04,0.240326,-0.003065,0.8857
conll2003,auto_foco,drop_from_queries_and_denominator,L11,H11,0.458622,-0.058322,0.01,0.242131,-0.00126,0.7868
conll2003,auto_foco,drop_from_queries_and_denominator,0-3,todas,0.48217,-0.034774,0.01,0.24241,-0.000981,0.8811
conll2003,auto_foco,drop_from_queries_and_denominator,0-3,H0,0.458766,-0.058178,0.01,0.242442,-0.000949,0.8213
conll2003,auto_foco,drop_from_queries_and_denominator,0-3,H1,0.499739,-0.017205,0.0,0.243391,0.0,0.7418
conll2003,auto_foco,drop_from_queries_and_denominator,0-3,H2,0.473032,-0.043913,0.02,0.241786,-0.001606,0.8616
conll2003,auto_foco,drop_from_queries_and_denominator,0-3,H3,0.499374,-0.01757,0.0,0.243391,0.0,0.8844
conll2003,auto_foco,drop_from_queries_and_denominator,0-3,H4,0.445124,-0.07182,0.03,0.238206,-0.005185,0.8156
conll2003,auto_foco,drop_from_queries_and_denominator,0-3,H5,0.509689,-0.007256,0.02,0.244219,0.000828,0.8471
conll2003,auto_foco,drop_from_queries_and_denominator,0-3,H6,0.473246,-0.043698,0.01,0.24259,-0.000801,0.8496
conll2003,auto_foco,drop_from_queries_and_denominator,0-3,H7,0.492366,-0.024578,0.01,0.242224,-0.001168,0.8179
conll2003,auto_foco,drop_from_queries_and_denominator,0-3,H8,0.486178,-0.030766,0.01,0.242123,-0.001268,0.7611
conll2003,auto_foco,drop_from_queries_and_denominator,0-3,H9,0.482803,-0.034141,0.01,0.242448,-0.000943,0.8154
conll2003,auto_foco,drop_from_queries_and_denominator,0-3,H10,0.497336,-0.019608,0.0,0.243391,0.0,0.8284
conll2003,auto_foco,drop_from_queries_and_denominator,0-3,H11,0.502192,-0.014752,0.01,0.244109,0.000718,0.8207
conll2003,auto_foco,drop_from_queries_and_denominator,4-7,todas,0.497905,-0.019039,0.0,0.243391,0.0,0.8158
conll2003,auto_foco,drop_from_queries_and_denominator,4-7,H0,0.529858,0.012914,0.0,0.243391,0.0,0.7946
conll2003,auto_foco,drop_from_queries_and_denominator,4-7,H1,0.514636,-0.002308,0.0,0.243391,0.0,0.5063
conll2003,auto_foco,drop_from_queries_and_denominator,4-7,H2,0.525775,0.008831,0.0,0.243391,0.0,0.8235
conll2003,auto_foco,drop_from_queries_and_denominator,4-7,H3,0.432944,-0.084,0.02,0.241183,-0.002208,0.8057
conll2003,auto_foco,drop_from_queries_and_denominator,4-7,H4,0.492118,-0.024826,0.0,0.243391,0.0,0.6632
conll2003,auto_foco,drop_from_queries_and_denominator,4-7,H5,0.54763,0.030685,0.0,0.243391,0.0,0.7209
conll2003,auto_foco,drop_from_queries_and_denominator,4-7,H6,0.519359,0.002415,0.0,0.243391,0.0,0.746
conll2003,auto_foco,drop_from_queries_and_denominator,4-7,H7,0.454738,-0.062206,0.01,0.241891,-0.0015,0.7513
conll2003,auto_foco,drop_from_queries_and_denominator,4-7,H8,0.558452,0.041508,0.0,0.243391,0.0,0.4405
conll2003,auto_foco,drop_from_queries_and_denominator,4-7,H9,0.570628,0.053683,0.0,0.243391,0.0,0.4348
conll2003,auto_foco,drop_from_queries_and_denominator,4-7,H10,0.453963,-0.062981,0.01,0.243648,0.000257,0.8097
conll2003,auto_foco,drop_from_queries_and_denominator,4-7,H11,0.473001,-0.043943,0.01,0.243112,-0.000279,0.7259
conll2003,auto_foco,drop_from_queries_and_denominator,8-11,todas,0.470903,-0.046041,0.0,0.243391,0.0,0.8496
conll2003,auto_foco,drop_from_queries_and_denominator,8-11,H0,0.449883,-0.067061,0.01,0.242432,-0.000959,0.7722
conll2003,auto_foco,drop_from_queries_and_denominator,8-11,H1,0.452028,-0.064916,0.01,0.242804,-0.000587,0.8514
conll2003,auto_foco,drop_from_queries_and_denominator,8-11,H2,0.534489,0.017545,0.0,0.243391,0.0,0.6338
conll2003,auto_foco,drop_from_queries_and_denominator,8-11,H3,0.468555,-0.048389,0.0,0.243391,0.0,0.8243
conll2003,auto_foco,drop_from_queries_and_denominator,8-11,H4,0.487312,-0.029632,0.0,0.243391,0.0,0.7648
conll2003,auto_foco,drop_from_queries_and_denominator,8-11,H5,0.51178,-0.005165,0.0,0.243391,0.0,0.8317
conll2003,auto_foco,drop_from_queries_and_denominator,8-11,H6,0.482276,-0.034669,0.0,0.243391,0.0,0.7881
conll2003,auto_foco,drop_from_queries_and_denominator,8-11,H7,0.475872,-0.041072,0.0,0.243391,0.0,0.5286
conll2003,auto_foco,drop_from_queries_and_denominator,8-11,H8,0.461229,-0.055715,0.0,0.243391,0.0,0.7265
conll2003,auto_foco,drop_from_queries_and_denominator,8-11,H9,0.448043,-0.068901,0.01,0.242344,-0.001047,0.8952
conll2003,auto_foco,drop_from_queries_and_denominator,8-11,H10,0.485919,-0.031025,0.01,0.243042,-0.000349,0.8808
conll2003,auto_foco,drop_from_queries_and_denominator,8-11,H11,0.486652,-0.030293,0.0,0.243391,0.0,0.8214
conll2003,simetrica,keep,todas,todas,0.481621,-0.035323,0.0,0.243391,0.0,0.866
conll2003,simetrica,keep,todas,H0,0.467265,-0.049679,0.01,0.242537,-0.000854,0.8371
conll2003,simetrica,keep,todas,H1,0.500687,-0.016257,0.0,0.243391,0.0,0.7923
conll2003,simetrica,keep,todas,H2,0.493795,-0.023149,0.0,0.243391,0.0,0.8568
conll2003,simetrica,keep,todas,H3,0.470403,-0.046542,0.01,0.242487,-0.000904,0.859
conll2003,simetrica,keep,todas,H4,0.470662,-0.046282,0.01,0.241884,-0.001507,0.866
conll2003,simetrica,keep,todas,H5,0.526073,0.009129,0.0,0.243391,0.0,0.8429
conll2003,simetrica,keep,todas,H6,0.478178,-0.038766,0.0,0.243391,0.0,0.8858
conll2003,simetrica,keep,todas,H7,0.467514,-0.04943,0.0,0.243391,0.0,0.778
conll2003,simetrica,keep,todas,H8,0.500963,-0.015981,0.0,0.243391,0.0,0.7935
conll2003,simetrica,keep,todas,H9,0.477368,-0.039576,0.01,0.242354,-0.001037,0.8734
conll2003,simetrica,keep,todas,H10,0.47781,-0.039134,0.0,0.243391,0.0,0.8642
conll2003,simetrica,keep,todas,H11,0.489577,-0.027368,0.01,0.243334,-5.8e-05,0.8288
conll2003,simetrica,keep,L0,todas,0.49946,-0.017484,0.0,0.243391,0.0,0.8505
conll2003,simetrica,keep,L0,H0,0.497779,-0.019165,0.0,0.243391,0.0,0.7081
conll2003,simetrica,keep,L0,H1,0.478239,-0.038705,0.0,0.243391,0.0,0.6462
conll2003,simetrica,keep,L0,H2,0.515401,-0.001544,0.01,0.243659,0.000268,0.8612
conll2003,simetrica,keep,L0,H3,0.569875,0.052931,0.0,0.243391,0.0,0.7626
conll2003,simetrica,keep,L0,H4,0.478526,-0.038418,0.02,0.239673,-0.003718,0.7974
conll2003,simetrica,keep,L0,H5,0.48926,-0.027684,0.01,0.242373,-0.001018,0.5846
conll2003,simetrica,keep,L0,H6,0.497153,-0.019791,0.0,0.243391,0.0,0.4693
conll2003,simetrica,keep,L0,H7,0.505228,-0.011716,0.0,0.243391,0.0,0.6119
conll2003,simetrica,keep,L0,H8,0.513901,-0.003043,0.0,0.243391,0.0,0.7165
conll2003,simetrica,keep,L0,H9,0.494432,-0.022512,0.01,0.243262,-0.000129,0.7417
conll2003,simetrica,keep,L0,H10,0.460039,-0.056906,0.01,0.242072,-0.001319,0.7616
conll2003,simetrica,keep,L0,H11,0.515495,-0.001449,0.0,0.243391,0.0,0.6599
conll2003,simetrica,keep,L1,todas,0.479872,-0.037072,0.01,0.242638,-0.000753,0.8666
conll2003,simetrica,keep,L1,H0,0.457395,-0.059549,0.01,0.242201,-0.00119,0.7934
conll2003,simetrica,keep,L1,H1,0.496597,-0.020347,0.01,0.243987,0.000596,0.6833
conll2003,simetrica,keep,L1,H2,0.555645,0.0387,0.0,0.243391,0.0,0.518
conll2003,simetrica,keep,L1,H3,0.482079,-0.034865,0.0,0.243391,0.0,0.5613
conll2003,simetrica,keep,L1,H4,0.412554,-0.10439,0.04,0.240856,-0.002535,0.6288
conll2003,simetrica,keep,L1,H5,0.555972,0.039027,0.0,0.243391,0.0,0.7036
conll2003,simetrica,keep,L1,H6,0.471184,-0.04576,0.01,0.242715,-0.000676,0.6819
conll2003,simetrica,keep,L1,H7,0.449386,-0.067559,0.03,0.238735,-0.004656,0.777
conll2003,simetrica,keep,L1,H8,0.483151,-0.033793,0.01,0.242952,-0.000439,0.731
conll2003,simetrica,keep,L1,H9,0.499397,-0.017547,0.0,0.243391,0.0,0.8066
conll2003,simetrica,keep,L1,H10,0.534586,0.017642,0.0,0.243391,0.0,0.3959
conll2003,simetrica,keep,L1,H11,0.487203,-0.029741,0.01,0.243014,-0.000377,0.8296
conll2003,simetrica,keep,L2,todas,0.469552,-0.047392,0.01,0.241911,-0.00148,0.873
conll2003,simetrica,keep,L2,H0,0.467181,-0.049763,0.01,0.24197,-0.001421,0.5635
conll2003,simetrica,keep,L2,H1,0.576553,0.059609,0.0,0.243391,0.0,0.51
conll2003,simetrica,keep,L2,H2,0.46193,-0.055015,0.04,0.239523,-0.003868,0.6689
conll2003,simetrica,keep,L2,H3,0.487874,-0.02907,0.02,0.241009,-0.002382,0.8772
conll2003,simetrica,keep,L2,H4,0.407536,-0.109408,0.03,0.238178,-0.005213,0.735
conll2003,simetrica,keep,L2,H5,0.501541,-0.015403,0.0,0.243391,0.0,0.8221
conll2003,simetrica,keep,L2,H6,0.494911,-0.022033,0.01,0.242553,-0.000838,0.8441
conll2003,simetrica,keep,L2,H7,0.508227,-0.008717,0.01,0.244625,0.001234,0.5888
conll2003,simetrica,keep,L2,H8,0.498249,-0.018695,0.0,0.243391,0.0,0.6242
conll2003,simetrica,keep,L2,H9,0.447174,-0.06977,0.01,0.242632,-0.000759,0.7212
conll2003,simetrica,keep,L2,H10,0.55032,0.033376,0.0,0.243391,0.0,0.6539
conll2003,simetrica,keep,L2,H11,0.486918,-0.030026,0.01,0.24402,0.000629,0.6573
conll2003,simetrica,keep,L3,todas,0.478544,-0.0384,0.01,0.242045,-0.001346,0.8653
conll2003,simetrica,keep,L3,H0,0.421428,-0.095517,0.03,0.237427,-0.005964,0.8588
conll2003,simetrica,keep,L3,H1,0.55479,0.037846,0.0,0.243391,0.0,0.4131
conll2003,simetrica,keep,L3,H2,0.458835,-0.058109,0.01,0.242006,-0.001385,0.8598
conll2003,simetrica,keep,L3,H3,0.455982,-0.060962,0.03,0.239491,-0.0039,0.8119
conll2003,simetrica,keep,L3,H4,0.505378,-0.011566,0.0,0.243391,0.0,0.6023
conll2003,simetrica,keep,L3,H5,0.569538,0.052593,0.0,0.243391,0.0,0.7548
conll2003,simetrica,keep,L3,H6,0.491051,-0.025893,0.0,0.243391,0.0,0.7508
conll2003,simetrica,keep,L3,H7,0.498459,-0.018485,0.01,0.242904,-0.000487,0.649
conll2003,simetrica,keep,L3,H8,0.467227,-0.049718,0.0,0.243391,0.0,0.4952
conll2003,simetrica,keep,L3,H9,0.59838,0.081436,0.0,0.243391,0.0,0.6117
conll2003,simetrica,keep,L3,H10,0.474534,-0.04241,0.01,0.243032,-0.000359,0.6907
conll2003,simetrica,keep,L3,H11,0.484041,-0.032903,0.0,0.243391,0.0,0.5978
conll2003,simetrica,keep,L4,todas,0.51014,-0.006804,0.0,0.243391,0.0,0.8499
conll2003,simetrica,keep,L4,H0,0.446542,-0.070403,0.03,0.24014,-0.003251,0.8679
conll2003,simetrica,keep,L4,H1,0.598347,0.081403,0.0,0.243391,0.0,0.5862
conll2003,simetrica,keep,L4,H2,0.533961,0.017017,0.0,0.243391,0.0,0.5222
conll2003,simetrica,keep,L4,H3,0.449718,-0.067226,0.01,0.241614,-0.001777,0.802
conll2003,simetrica,keep,L4,H4,0.599004,0.082059,0.0,0.243391,0.0,0.4444
conll2003,simetrica,keep,L4,H5,0.517055,0.000111,0.02,0.244075,0.000684,0.7024
conll2003,simetrica,keep,L4,H6,0.513209,-0.003735,0.01,0.244308,0.000917,0.3611
conll2003,simetrica,keep,L4,H7,0.488339,-0.028605,0.0,0.243391,0.0,0.6797
conll2003,simetrica,keep,L4,H8,0.553112,0.036168,0.0,0.243391,0.0,0.429
conll2003,simetrica,keep,L4,H9,0.499908,-0.017036,0.0,0.243391,0.0,0.6962
conll2003,simetrica,keep,L4,H10,0.551286,0.034342,0.0,0.243391,0.0,0.6753
conll2003,simetrica,keep,L4,H11,0.408602,-0.108342,0.04,0.238253,-0.005138,0.7525
conll2003,simetrica,keep,L5,todas,0.464356,-0.052588,0.0,0.243391,0.0,0.8232
conll2003,simetrica,keep,L5,H0,0.531559,0.014615,0.0,0.243391,0.0,0.6832
conll2003,simetrica,keep,L5,H1,0.502099,-0.014845,0.0,0.243391,0.0,0.3417
conll2003,simetrica,keep,L5,H2,0.491878,-0.025066,0.01,0.242463,-0.000928,0.6728
conll2003,simetrica,keep,L5,H3,0.521948,0.005004,0.0,0.243391,0.0,0.3994
conll2003,simetrica,keep,L5,H4,0.475462,-0.041482,0.0,0.243391,0.0,0.5931
conll2003,simetrica,keep,L5,H5,0.538208,0.021264,0.0,0.243391,0.0,0.5653
conll2003,simetrica,keep,L5,H6,0.478122,-0.038823,0.0,0.243391,0.0,0.7632
conll2003,simetrica,keep,L5,H7,0.421438,-0.095506,0.02,0.238076,-0.005315,0.7506
conll2003,simetrica,keep,L5,H8,0.51027,-0.006674,0.0,0.243391,0.0,0.6955
conll2003,simetrica,keep,L5,H9,0.505009,-0.011935,0.0,0.243391,0.0,0.7345
conll2003,simetrica,keep,L5,H10,0.397972,-0.118972,0.03,0.23687,-0.006521,0.812
conll2003,simetrica,keep,L5,H11,0.479021,-0.037923,0.0,0.243391,0.0,0.7157
conll2003,simetrica,keep,L6,todas,0.489394,-0.02755,0.0,0.243391,0.0,0.7431
conll2003,simetrica,keep,L6,H0,0.552112,0.035168,0.0,0.243391,0.0,0.7739
conll2003,simetrica,keep,L6,H1,0.452546,-0.064399,0.01,0.242239,-0.001152,0.26
conll2003,simetrica,keep,L6,H2,0.548452,0.031508,0.0,0.243391,0.0,0.7863
conll2003,simetrica,keep,L6,H3,0.444003,-0.072941,0.02,0.239825,-0.003566,0.781
conll2003,simetrica,keep,L6,H4,0.480222,-0.036722,0.01,0.243752,0.000361,0.7075
conll2003,simetrica,keep,L6,H5,0.514936,-0.002009,0.0,0.243391,0.0,0.698
conll2003,simetrica,keep,L6,H6,0.524992,0.008047,0.0,0.243391,0.0,0.4027
conll2003,simetrica,keep,L6,H7,0.499364,-0.01758,0.01,0.242888,-0.000503,0.6108
conll2003,simetrica,keep,L6,H8,0.519479,0.002535,0.0,0.243391,0.0,0.2936
conll2003,simetrica,keep,L6,H9,0.59141,0.074466,0.0,0.243391,0.0,-0.1344
conll2003,simetrica,keep,L6,H10,0.525576,0.008632,0.0,0.243391,0.0,0.4148
conll2003,simetrica,keep,L6,H11,0.479753,-0.037191,0.01,0.243319,-7.2e-05,0.5686
conll2003,simetrica,keep,L7,todas,0.49675,-0.020194,0.0,0.243391,0.0,0.7344
conll2003,simetrica,keep,L7,H0,0.524924,0.00798,0.0,0.243391,0.0,0.4097
conll2003,simetrica,keep,L7,H1,0.577573,0.060629,0.0,0.243391,0.0,0.5633
conll2003,simetrica,keep,L7,H2,0.463325,-0.053619,0.01,0.241246,-0.002145,0.7623
conll2003,simetrica,keep,L7,H3,0.449952,-0.066992,0.01,0.242902,-0.000489,0.7944
conll2003,simetrica,keep,L7,H4,0.511053,-0.005891,0.0,0.243391,0.0,0.5446
conll2003,simetrica,keep,L7,H5,0.545993,0.029049,0.0,0.243391,0.0,0.3351
conll2003,simetrica,keep,L7,H6,0.519547,0.002603,0.0,0.243391,0.0,0.4666
conll2003,simetrica,keep,L7,H7,0.532014,0.01507,0.0,0.243391,0.0,0.3959
conll2003,simetrica,keep,L7,H8,0.524341,0.007397,0.0,0.243391,0.0,0.559
conll2003,simetrica,keep,L7,H9,0.475266,-0.041678,0.0,0.243391,0.0,0.3743
conll2003,simetrica,keep,L7,H10,0.562787,0.045843,0.0,0.243391,0.0,0.6405
conll2003,simetrica,keep,L7,H11,0.505732,-0.011212,0.0,0.243391,0.0,0.6169
conll2003,simetrica,keep,L8,todas,0.502602,-0.014342,0.0,0.243391,0.0,0.7215
conll2003,simetrica,keep,L8,H0,0.484121,-0.032823,0.0,0.243391,0.0,0.3583
conll2003,simetrica,keep,L8,H1,0.483033,-0.033912,0.0,0.243391,0.0,0.5073
conll2003,simetrica,keep,L8,H2,0.506834,-0.01011,0.0,0.243391,0.0,0.3627
conll2003,simetrica,keep,L8,H3,0.549067,0.032123,0.0,0.243391,0.0,0.6805
conll2003,simetrica,keep,L8,H4,0.457734,-0.05921,0.0,0.243391,0.0,0.3999
conll2003,simetrica,keep,L8,H5,0.554423,0.037479,0.0,0.243391,0.0,0.458
conll2003,simetrica,keep,L8,H6,0.456939,-0.060005,0.0,0.243391,0.0,0.7994
conll2003,simetrica,keep,L8,H7,0.554146,0.037201,0.0,0.243391,0.0,0.4848
conll2003,simetrica,keep,L8,H8,0.46074,-0.056204,0.0,0.243391,0.0,0.6656
conll2003,simetrica,keep,L8,H9,0.484768,-0.032176,0.02,0.240957,-0.002434,0.9023
conll2003,simetrica,keep,L8,H10,0.556734,0.03979,0.0,0.243391,0.0,0.5179
conll2003,simetrica,keep,L8,H11,0.499137,-0.017807,0.0,0.243391,0.0,0.4618
conll2003,simetrica,keep,L9,todas,0.477044,-0.0399,0.0,0.243391,0.0,0.8692
conll2003,simetrica,keep,L9,H0,0.518578,0.001633,0.0,0.243391,0.0,0.5126
conll2003,simetrica,keep,L9,H1,0.504602,-0.012343,0.0,0.243391,0.0,0.71
conll2003,simetrica,keep,L9,H2,0.550174,0.03323,0.0,0.243391,0.0,0.7033
conll2003,simetrica,keep,L9,H3,0.433442,-0.083502,0.01,0.241558,-0.001833,0.8152
conll2003,simetrica,keep,L9,H4,0.499001,-0.017943,0.0,0.243391,0.0,0.4207
conll2003,simetrica,keep,L9,H5,0.513387,-0.003558,0.01,0.242715,-0.000676,0.8403
conll2003,simetrica,keep,L9,H6,0.464158,-0.052786,0.0,0.243391,0.0,0.639
conll2003,simetrica,keep,L9,H7,0.540272,0.023328,0.0,0.243391,0.0,0.5657
conll2003,simetrica,keep,L9,H8,0.488649,-0.028295,0.0,0.243391,0.0,0.5789
conll2003,simetrica,keep,L9,H9,0.481916,-0.035029,0.03,0.242022,-0.001369,0.9246
conll2003,simetrica,keep,L9,H10,0.502292,-0.014652,0.0,0.243391,0.0,0.6824
conll2003,simetrica,keep,L9,H11,0.49805,-0.018894,0.0,0.243391,0.0,0.5977
conll2003,simetrica,keep,L10,todas,0.464249,-0.052695,0.0,0.243391,0.0,0.7705
conll2003,simetrica,keep,L10,H0,0.42511,-0.091834,0.02,0.240129,-0.003262,0.8597
conll2003,simetrica,keep,L10,H1,0.467524,-0.04942,0.0,0.243391,0.0,0.705
conll2003,simetrica,keep,L10,H2,0.492429,-0.024515,0.0,0.243391,0.0,0.47
conll2003,simetrica,keep,L10,H3,0.529713,0.012768,0.0,0.243391,0.0,0.4109
conll2003,simetrica,keep,L10,H4,0.522833,0.005889,0.0,0.243391,0.0,0.6391
conll2003,simetrica,keep,L10,H5,0.50845,-0.008494,0.0,0.243391,0.0,0.685
conll2003,simetrica,keep,L10,H6,0.517486,0.000542,0.0,0.243391,0.0,0.5225
conll2003,simetrica,keep,L10,H7,0.442666,-0.074278,0.0,0.243391,0.0,0.3393
conll2003,simetrica,keep,L10,H8,0.44361,-0.073334,0.0,0.243391,0.0,0.5655
conll2003,simetrica,keep,L10,H9,0.409015,-0.107929,0.01,0.241485,-0.001906,0.8107
conll2003,simetrica,keep,L10,H10,0.535538,0.018594,0.0,0.243391,0.0,0.5685
conll2003,simetrica,keep,L10,H11,0.504256,-0.012688,0.01,0.243059,-0.000332,0.5615
conll2003,simetrica,keep,L11,todas,0.476947,-0.039997,0.01,0.242146,-0.001245,0.8623
conll2003,simetrica,keep,L11,H0,0.486593,-0.030351,0.01,0.242271,-0.00112,0.7547
conll2003,simetrica,keep,L11,H1,0.45952,-0.057424,0.02,0.240888,-0.002503,0.8582
conll2003,simetrica,keep,L11,H2,0.390614,-0.12633,0.0,0.243391,0.0,0.725
conll2003,simetrica,keep,L11,H3,0.484052,-0.032892,0.01,0.242188,-0.001203,0.7792
conll2003,simetrica,keep,L11,H4,0.491298,-0.025646,0.0,0.243391,0.0,0.8324
conll2003,simetrica,keep,L11,H5,0.509709,-0.007235,0.0,0.243391,0.0,0.6748
conll2003,simetrica,keep,L11,H6,0.521842,0.004898,0.0,0.243391,0.0,0.8439
conll2003,simetrica,keep,L11,H7,0.496321,-0.020623,0.0,0.243391,0.0,0.6487
conll2003,simetrica,keep,L11,H8,0.528882,0.011938,0.01,0.24241,-0.000981,0.7302
conll2003,simetrica,keep,L11,H9,0.490604,-0.02634,0.0,0.243391,0.0,0.8079
conll2003,simetrica,keep,L11,H10,0.483613,-0.033331,0.03,0.241445,-0.001946,0.8705
conll2003,simetrica,keep,L11,H11,0.479741,-0.037203,0.01,0.242285,-0.001106,0.8016
conll2003,simetrica,keep,0-3,todas,0.484268,-0.032676,0.01,0.242653,-0.000738,0.8806
conll2003,simetrica,keep,0-3,H0,0.458553,-0.058391,0.01,0.242716,-0.000675,0.8309
conll2003,simetrica,keep,0-3,H1,0.505239,-0.011705,0.0,0.243391,0.0,0.7362
conll2003,simetrica,keep,0-3,H2,0.488167,-0.028778,0.01,0.242597,-0.000794,0.8834
conll2003,simetrica,keep,0-3,H3,0.518645,0.0017,0.0,0.243391,0.0,0.8749
conll2003,simetrica,keep,0-3,H4,0.44665,-0.070294,0.03,0.238499,-0.004892,0.8136
conll2003,simetrica,keep,0-3,H5,0.525195,0.008251,0.0,0.243391,0.0,0.8374
conll2003,simetrica,keep,0-3,H6,0.485053,-0.031891,0.01,0.242782,-0.000609,0.8623
conll2003,simetrica,keep,0-3,H7,0.483859,-0.033085,0.01,0.242092,-0.001299,0.8219
conll2003,simetrica,keep,0-3,H8,0.490553,-0.026391,0.01,0.242253,-0.001138,0.772
conll2003,simetrica,keep,0-3,H9,0.483399,-0.033545,0.01,0.242299,-0.001092,0.8372
conll2003,simetrica,keep,0-3,H10,0.482436,-0.034508,0.0,0.243391,0.0,0.819
conll2003,simetrica,keep,0-3,H11,0.496711,-0.020233,0.01,0.244186,0.000795,0.804
conll2003,simetrica,keep,4-7,todas,0.48483,-0.032114,0.0,0.243391,0.0,0.8136
conll2003,simetrica,keep,4-7,H0,0.50826,-0.008684,0.0,0.243391,0.0,0.8508
conll2003,simetrica,keep,4-7,H1,0.519639,0.002694,0.0,0.243391,0.0,0.5338
conll2003,simetrica,keep,4-7,H2,0.506275,-0.010669,0.0,0.243391,0.0,0.8018
conll2003,simetrica,keep,4-7,H3,0.445159,-0.071785,0.01,0.241606,-0.001785,0.8167
conll2003,simetrica,keep,4-7,H4,0.510116,-0.006829,0.0,0.243391,0.0,0.7178
conll2003,simetrica,keep,4-7,H5,0.543411,0.026466,0.0,0.243391,0.0,0.6961
conll2003,simetrica,keep,4-7,H6,0.502897,-0.014047,0.0,0.243391,0.0,0.7118
conll2003,simetrica,keep,4-7,H7,0.441544,-0.0754,0.01,0.240542,-0.002849,0.784
conll2003,simetrica,keep,4-7,H8,0.538369,0.021425,0.0,0.243391,0.0,0.5849
conll2003,simetrica,keep,4-7,H9,0.534358,0.017414,0.0,0.243391,0.0,0.5437
conll2003,simetrica,keep,4-7,H10,0.453226,-0.063718,0.0,0.243391,0.0,0.7859
conll2003,simetrica,keep,4-7,H11,0.481012,-0.035932,0.01,0.242827,-0.000564,0.7214
conll2003,simetrica,keep,8-11,todas,0.48028,-0.036664,0.0,0.243391,0.0,0.8365
conll2003,simetrica,keep,8-11,H0,0.462309,-0.054635,0.01,0.24215,-0.001241,0.7813
conll2003,simetrica,keep,8-11,H1,0.470148,-0.046796,0.01,0.242242,-0.001149,0.8615
conll2003,simetrica,keep,8-11,H2,0.499849,-0.017095,0.0,0.243391,0.0,0.5688
conll2003,simetrica,keep,8-11,H3,0.483665,-0.033279,0.0,0.243391,0.0,0.8403
conll2003,simetrica,keep,8-11,H4,0.498946,-0.017999,0.0,0.243391,0.0,0.8015
conll2003,simetrica,keep,8-11,H5,0.515417,-0.001527,0.0,0.243391,0.0,0.7785
conll2003,simetrica,keep,8-11,H6,0.476445,-0.040499,0.0,0.243391,0.0,0.8285
conll2003,simetrica,keep,8-11,H7,0.490108,-0.026836,0.0,0.243391,0.0,0.5235
conll2003,simetrica,keep,8-11,H8,0.468861,-0.048083,0.0,0.243391,0.0,0.7382
conll2003,simetrica,keep,8-11,H9,0.454271,-0.062673,0.01,0.241884,-0.001507,0.9153
conll2003,simetrica,keep,8-11,H10,0.510798,-0.006146,0.0,0.243391,0.0,0.8362
conll2003,simetrica,keep,8-11,H11,0.488468,-0.028476,0.0,0.243391,0.0,0.8061
conll2003,simetrica,drop_from_denominator,todas,todas,0.495965,-0.020979,0.0,0.243391,0.0,0.834
conll2003,simetrica,drop_from_denominator,todas,H0,0.487688,-0.029256,0.01,0.2433,-9.1e-05,0.8157
conll2003,simetrica,drop_from_denominator,todas,H1,0.509569,-0.007375,0.0,0.243391,0.0,0.7745
conll2003,simetrica,drop_from_denominator,todas,H2,0.511104,-0.00584,0.0,0.243391,0.0,0.8387
conll2003,simetrica,drop_from_denominator,todas,H3,0.482032,-0.034912,0.0,0.243391,0.0,0.8296
conll2003,simetrica,drop_from_denominator,todas,H4,0.482335,-0.034609,0.0,0.243391,0.0,0.8153
conll2003,simetrica,drop_from_denominator,todas,H5,0.529796,0.012852,0.0,0.243391,0.0,0.8371
conll2003,simetrica,drop_from_denominator,todas,H6,0.494058,-0.022886,0.0,0.243391,0.0,0.852
conll2003,simetrica,drop_from_denominator,todas,H7,0.487047,-0.029897,0.0,0.243391,0.0,0.7454
conll2003,simetrica,drop_from_denominator,todas,H8,0.518867,0.001923,0.0,0.243391,0.0,0.7483
conll2003,simetrica,drop_from_denominator,todas,H9,0.494516,-0.022428,0.0,0.243391,0.0,0.8327
conll2003,simetrica,drop_from_denominator,todas,H10,0.492077,-0.024867,0.0,0.243391,0.0,0.8454
conll2003,simetrica,drop_from_denominator,todas,H11,0.4976,-0.019344,0.0,0.243391,0.0,0.8016
conll2003,simetrica,drop_from_denominator,L0,todas,0.504732,-0.012212,0.0,0.243391,0.0,0.8345
conll2003,simetrica,drop_from_denominator,L0,H0,0.496748,-0.020196,0.0,0.243391,0.0,0.681
conll2003,simetrica,drop_from_denominator,L0,H1,0.48643,-0.030514,0.0,0.243391,0.0,0.6711
conll2003,simetrica,drop_from_denominator,L0,H2,0.509222,-0.007723,0.01,0.243393,2e-06,0.8625
conll2003,simetrica,drop_from_denominator,L0,H3,0.553771,0.036827,0.0,0.243391,0.0,0.7546
conll2003,simetrica,drop_from_denominator,L0,H4,0.482707,-0.034237,0.02,0.239897,-0.003494,0.8132
conll2003,simetrica,drop_from_denominator,L0,H5,0.488263,-0.028681,0.01,0.242423,-0.000968,0.6203
conll2003,simetrica,drop_from_denominator,L0,H6,0.509763,-0.007181,0.0,0.243391,0.0,0.5088
conll2003,simetrica,drop_from_denominator,L0,H7,0.509571,-0.007373,0.0,0.243391,0.0,0.6171
conll2003,simetrica,drop_from_denominator,L0,H8,0.521414,0.00447,0.0,0.243391,0.0,0.7223
conll2003,simetrica,drop_from_denominator,L0,H9,0.499596,-0.017348,0.01,0.243453,6.2e-05,0.734
conll2003,simetrica,drop_from_denominator,L0,H10,0.472743,-0.044202,0.0,0.243391,0.0,0.7615
conll2003,simetrica,drop_from_denominator,L0,H11,0.521524,0.00458,0.0,0.243391,0.0,0.6699
conll2003,simetrica,drop_from_denominator,L1,todas,0.49354,-0.023404,0.01,0.243216,-0.000175,0.8318
conll2003,simetrica,drop_from_denominator,L1,H0,0.477093,-0.039851,0.01,0.2428,-0.000591,0.7717
conll2003,simetrica,drop_from_denominator,L1,H1,0.506266,-0.010679,0.0,0.243391,0.0,0.6595
conll2003,simetrica,drop_from_denominator,L1,H2,0.556705,0.039761,0.0,0.243391,0.0,0.5267
conll2003,simetrica,drop_from_denominator,L1,H3,0.494573,-0.022371,0.0,0.243391,0.0,0.5503
conll2003,simetrica,drop_from_denominator,L1,H4,0.440748,-0.076196,0.01,0.241617,-0.001775,0.6145
conll2003,simetrica,drop_from_denominator,L1,H5,0.555746,0.038802,0.0,0.243391,0.0,0.7404
conll2003,simetrica,drop_from_denominator,L1,H6,0.478492,-0.038452,0.01,0.242972,-0.00042,0.6784
conll2003,simetrica,drop_from_denominator,L1,H7,0.464265,-0.052679,0.02,0.239837,-0.003554,0.7651
conll2003,simetrica,drop_from_denominator,L1,H8,0.494469,-0.022475,0.01,0.243454,6.3e-05,0.7201
conll2003,simetrica,drop_from_denominator,L1,H9,0.504723,-0.012221,0.0,0.243391,0.0,0.7839
conll2003,simetrica,drop_from_denominator,L1,H10,0.537183,0.020239,0.0,0.243391,0.0,0.4121
conll2003,simetrica,drop_from_denominator,L1,H11,0.499696,-0.017248,0.01,0.243672,0.000281,0.8109
conll2003,simetrica,drop_from_denominator,L2,todas,0.493101,-0.023843,0.01,0.242653,-0.000738,0.8377
conll2003,simetrica,drop_from_denominator,L2,H0,0.488931,-0.028013,0.01,0.242793,-0.000599,0.6159
conll2003,simetrica,drop_from_denominator,L2,H1,0.583181,0.066236,0.0,0.243391,0.0,0.5106
conll2003,simetrica,drop_from_denominator,L2,H2,0.48769,-0.029254,0.03,0.240669,-0.002722,0.6927
conll2003,simetrica,drop_from_denominator,L2,H3,0.511342,-0.005602,0.0,0.243391,0.0,0.8399
conll2003,simetrica,drop_from_denominator,L2,H4,0.42149,-0.095454,0.03,0.23925,-0.004141,0.7283
conll2003,simetrica,drop_from_denominator,L2,H5,0.5098,-0.007144,0.0,0.243391,0.0,0.8179
conll2003,simetrica,drop_from_denominator,L2,H6,0.499819,-0.017125,0.01,0.242765,-0.000626,0.8241
conll2003,simetrica,drop_from_denominator,L2,H7,0.514301,-0.002643,0.0,0.243391,0.0,0.594
conll2003,simetrica,drop_from_denominator,L2,H8,0.504857,-0.012087,0.0,0.243391,0.0,0.6476
conll2003,simetrica,drop_from_denominator,L2,H9,0.482375,-0.034569,0.0,0.243391,0.0,0.5699
conll2003,simetrica,drop_from_denominator,L2,H10,0.562655,0.045711,0.0,0.243391,0.0,0.6352
conll2003,simetrica,drop_from_denominator,L2,H11,0.50453,-0.012414,0.01,0.244583,0.001192,0.639
conll2003,simetrica,drop_from_denominator,L3,todas,0.495347,-0.021597,0.0,0.243391,0.0,0.8406
conll2003,simetrica,drop_from_denominator,L3,H0,0.468475,-0.048469,0.01,0.241477,-0.001914,0.8285
conll2003,simetrica,drop_from_denominator,L3,H1,0.560462,0.043517,0.0,0.243391,0.0,0.421
conll2003,simetrica,drop_from_denominator,L3,H2,0.475177,-0.041767,0.01,0.242329,-0.001062,0.8137
conll2003,simetrica,drop_from_denominator,L3,H3,0.45774,-0.059204,0.03,0.239775,-0.003616,0.8125
conll2003,simetrica,drop_from_denominator,L3,H4,0.51187,-0.005074,0.0,0.243391,0.0,0.6031
conll2003,simetrica,drop_from_denominator,L3,H5,0.574566,0.057622,0.0,0.243391,0.0,0.7496
conll2003,simetrica,drop_from_denominator,L3,H6,0.495681,-0.021263,0.0,0.243391,0.0,0.726
conll2003,simetrica,drop_from_denominator,L3,H7,0.510898,-0.006046,0.0,0.243391,0.0,0.643
conll2003,simetrica,drop_from_denominator,L3,H8,0.481279,-0.035665,0.0,0.243391,0.0,0.5038
conll2003,simetrica,drop_from_denominator,L3,H9,0.61771,0.100765,0.0,0.243391,0.0,0.5381
conll2003,simetrica,drop_from_denominator,L3,H10,0.487581,-0.029363,0.01,0.243337,-5.4e-05,0.6594
conll2003,simetrica,drop_from_denominator,L3,H11,0.496337,-0.020607,0.0,0.243391,0.0,0.5837
conll2003,simetrica,drop_from_denominator,L4,todas,0.525872,0.008928,0.0,0.243391,0.0,0.8152
conll2003,simetrica,drop_from_denominator,L4,H0,0.470062,-0.046882,0.02,0.242001,-0.00139,0.8266
conll2003,simetrica,drop_from_denominator,L4,H1,0.601144,0.084199,0.0,0.243391,0.0,0.5704
conll2003,simetrica,drop_from_denominator,L4,H2,0.556666,0.039722,0.0,0.243391,0.0,0.5126
conll2003,simetrica,drop_from_denominator,L4,H3,0.453107,-0.063837,0.01,0.241834,-0.001557,0.7906
conll2003,simetrica,drop_from_denominator,L4,H4,0.604278,0.087334,0.0,0.243391,0.0,0.4321
conll2003,simetrica,drop_from_denominator,L4,H5,0.524423,0.007479,0.01,0.244519,0.001128,0.6916
conll2003,simetrica,drop_from_denominator,L4,H6,0.519181,0.002237,0.0,0.243391,0.0,0.3756
conll2003,simetrica,drop_from_denominator,L4,H7,0.502186,-0.014758,0.0,0.243391,0.0,0.67
conll2003,simetrica,drop_from_denominator,L4,H8,0.576932,0.059987,0.0,0.243391,0.0,0.3248
conll2003,simetrica,drop_from_denominator,L4,H9,0.520188,0.003244,0.0,0.243391,0.0,0.6713
conll2003,simetrica,drop_from_denominator,L4,H10,0.56498,0.048036,0.0,0.243391,0.0,0.6462
conll2003,simetrica,drop_from_denominator,L4,H11,0.422979,-0.093966,0.03,0.239452,-0.003939,0.7473
conll2003,simetrica,drop_from_denominator,L5,todas,0.488078,-0.028867,0.0,0.243391,0.0,0.796
conll2003,simetrica,drop_from_denominator,L5,H0,0.571421,0.054477,0.0,0.243391,0.0,0.5837
conll2003,simetrica,drop_from_denominator,L5,H1,0.511261,-0.005684,0.0,0.243391,0.0,0.3591
conll2003,simetrica,drop_from_denominator,L5,H2,0.503397,-0.013548,0.01,0.242891,-0.0005,0.6548
conll2003,simetrica,drop_from_denominator,L5,H3,0.534386,0.017442,0.0,0.243391,0.0,0.4115
conll2003,simetrica,drop_from_denominator,L5,H4,0.484434,-0.032511,0.0,0.243391,0.0,0.5431
conll2003,simetrica,drop_from_denominator,L5,H5,0.554852,0.037908,0.0,0.243391,0.0,0.5721
conll2003,simetrica,drop_from_denominator,L5,H6,0.498281,-0.018663,0.0,0.243391,0.0,0.7675
conll2003,simetrica,drop_from_denominator,L5,H7,0.454102,-0.062842,0.01,0.240871,-0.00252,0.7381
conll2003,simetrica,drop_from_denominator,L5,H8,0.517983,0.001039,0.01,0.242267,-0.001124,0.7048
conll2003,simetrica,drop_from_denominator,L5,H9,0.508992,-0.007952,0.0,0.243391,0.0,0.6714
conll2003,simetrica,drop_from_denominator,L5,H10,0.402717,-0.114227,0.03,0.237721,-0.00567,0.8163
conll2003,simetrica,drop_from_denominator,L5,H11,0.495719,-0.021225,0.0,0.243391,0.0,0.6894
conll2003,simetrica,drop_from_denominator,L6,todas,0.523103,0.006158,0.0,0.243391,0.0,0.6927
conll2003,simetrica,drop_from_denominator,L6,H0,0.566159,0.049215,0.0,0.243391,0.0,0.7318
conll2003,simetrica,drop_from_denominator,L6,H1,0.469774,-0.04717,0.0,0.243391,0.0,0.2612
conll2003,simetrica,drop_from_denominator,L6,H2,0.575228,0.058284,0.0,0.243391,0.0,0.7254
conll2003,simetrica,drop_from_denominator,L6,H3,0.458142,-0.058802,0.01,0.241268,-0.002123,0.7843
conll2003,simetrica,drop_from_denominator,L6,H4,0.494556,-0.022388,0.01,0.244231,0.00084,0.6798
conll2003,simetrica,drop_from_denominator,L6,H5,0.531909,0.014965,0.0,0.243391,0.0,0.6685
conll2003,simetrica,drop_from_denominator,L6,H6,0.546932,0.029988,0.0,0.243391,0.0,0.3911
conll2003,simetrica,drop_from_denominator,L6,H7,0.563047,0.046103,0.0,0.243391,0.0,0.435
conll2003,simetrica,drop_from_denominator,L6,H8,0.546107,0.029163,0.0,0.243391,0.0,0.226
conll2003,simetrica,drop_from_denominator,L6,H9,0.611709,0.094765,0.0,0.243391,0.0,-0.1521
conll2003,simetrica,drop_from_denominator,L6,H10,0.525384,0.00844,0.0,0.243391,0.0,0.3981
conll2003,simetrica,drop_from_denominator,L6,H11,0.486832,-0.030113,0.01,0.243763,0.000372,0.568
conll2003,simetrica,drop_from_denominator,L7,todas,0.506864,-0.01008,0.0,0.243391,0.0,0.6905
conll2003,simetrica,drop_from_denominator,L7,H0,0.532389,0.015445,0.0,0.243391,0.0,0.419
conll2003,simetrica,drop_from_denominator,L7,H1,0.596224,0.079279,0.0,0.243391,0.0,0.5654
conll2003,simetrica,drop_from_denominator,L7,H2,0.468777,-0.048168,0.01,0.241506,-0.001885,0.7023
conll2003,simetrica,drop_from_denominator,L7,H3,0.460191,-0.056753,0.01,0.243368,-2.3e-05,0.7384
conll2003,simetrica,drop_from_denominator,L7,H4,0.51565,-0.001294,0.0,0.243391,0.0,0.556
conll2003,simetrica,drop_from_denominator,L7,H5,0.548971,0.032027,0.0,0.243391,0.0,0.3572
conll2003,simetrica,drop_from_denominator,L7,H6,0.524201,0.007257,0.0,0.243391,0.0,0.4449
conll2003,simetrica,drop_from_denominator,L7,H7,0.537968,0.021024,0.0,0.243391,0.0,0.4037
conll2003,simetrica,drop_from_denominator,L7,H8,0.528358,0.011414,0.0,0.243391,0.0,0.5327
conll2003,simetrica,drop_from_denominator,L7,H9,0.48637,-0.030575,0.0,0.243391,0.0,0.381
conll2003,simetrica,drop_from_denominator,L7,H10,0.568604,0.05166,0.0,0.243391,0.0,0.5908
conll2003,simetrica,drop_from_denominator,L7,H11,0.507827,-0.009117,0.0,0.243391,0.0,0.6178
conll2003,simetrica,drop_from_denominator,L8,todas,0.506426,-0.010519,0.0,0.243391,0.0,0.7068
conll2003,simetrica,drop_from_denominator,L8,H0,0.484788,-0.032156,0.0,0.243391,0.0,0.3736
conll2003,simetrica,drop_from_denominator,L8,H1,0.4881,-0.028844,0.0,0.243391,0.0,0.5342
conll2003,simetrica,drop_from_denominator,L8,H2,0.517224,0.000279,0.0,0.243391,0.0,0.3789
conll2003,simetrica,drop_from_denominator,L8,H3,0.54787,0.030926,0.0,0.243391,0.0,0.6837
conll2003,simetrica,drop_from_denominator,L8,H4,0.460067,-0.056877,0.0,0.243391,0.0,0.4308
conll2003,simetrica,drop_from_denominator,L8,H5,0.556698,0.039753,0.0,0.243391,0.0,0.4788
conll2003,simetrica,drop_from_denominator,L8,H6,0.478766,-0.038178,0.0,0.243391,0.0,0.774
conll2003,simetrica,drop_from_denominator,L8,H7,0.552371,0.035427,0.0,0.243391,0.0,0.454
conll2003,simetrica,drop_from_denominator,L8,H8,0.464953,-0.051991,0.0,0.243391,0.0,0.6461
conll2003,simetrica,drop_from_denominator,L8,H9,0.491257,-0.025687,0.02,0.241806,-0.001585,0.8722
conll2003,simetrica,drop_from_denominator,L8,H10,0.560262,0.043318,0.0,0.243391,0.0,0.4976
conll2003,simetrica,drop_from_denominator,L8,H11,0.506903,-0.010042,0.0,0.243391,0.0,0.4544
conll2003,simetrica,drop_from_denominator,L9,todas,0.500231,-0.016714,0.0,0.243391,0.0,0.8407
conll2003,simetrica,drop_from_denominator,L9,H0,0.540899,0.023955,0.0,0.243391,0.0,0.5055
conll2003,simetrica,drop_from_denominator,L9,H1,0.515549,-0.001395,0.0,0.243391,0.0,0.7189
conll2003,simetrica,drop_from_denominator,L9,H2,0.584436,0.067492,0.0,0.243391,0.0,0.7057
conll2003,simetrica,drop_from_denominator,L9,H3,0.450431,-0.066513,0.01,0.241876,-0.001515,0.8029
conll2003,simetrica,drop_from_denominator,L9,H4,0.506705,-0.010239,0.0,0.243391,0.0,0.413
conll2003,simetrica,drop_from_denominator,L9,H5,0.515373,-0.001571,0.01,0.242895,-0.000496,0.8184
conll2003,simetrica,drop_from_denominator,L9,H6,0.481505,-0.035439,0.0,0.243391,0.0,0.6183
conll2003,simetrica,drop_from_denominator,L9,H7,0.547369,0.030425,0.0,0.243391,0.0,0.526
conll2003,simetrica,drop_from_denominator,L9,H8,0.501911,-0.015033,0.0,0.243391,0.0,0.5291
conll2003,simetrica,drop_from_denominator,L9,H9,0.499445,-0.017499,0.01,0.242542,-0.000849,0.8698
conll2003,simetrica,drop_from_denominator,L9,H10,0.507784,-0.00916,0.0,0.243391,0.0,0.6642
conll2003,simetrica,drop_from_denominator,L9,H11,0.503909,-0.013035,0.0,0.243391,0.0,0.6036
conll2003,simetrica,drop_from_denominator,L10,todas,0.476062,-0.040882,0.0,0.243391,0.0,0.7521
conll2003,simetrica,drop_from_denominator,L10,H0,0.45418,-0.062764,0.01,0.242011,-0.00138,0.814
conll2003,simetrica,drop_from_denominator,L10,H1,0.464728,-0.052216,0.0,0.243391,0.0,0.7277
conll2003,simetrica,drop_from_denominator,L10,H2,0.492664,-0.02428,0.0,0.243391,0.0,0.5113
conll2003,simetrica,drop_from_denominator,L10,H3,0.534934,0.017989,0.0,0.243391,0.0,0.3827
conll2003,simetrica,drop_from_denominator,L10,H4,0.524082,0.007138,0.0,0.243391,0.0,0.5994
conll2003,simetrica,drop_from_denominator,L10,H5,0.507429,-0.009515,0.0,0.243391,0.0,0.6796
conll2003,simetrica,drop_from_denominator,L10,H6,0.52649,0.009545,0.0,0.243391,0.0,0.4731
conll2003,simetrica,drop_from_denominator,L10,H7,0.447785,-0.069159,0.0,0.243391,0.0,0.3357
conll2003,simetrica,drop_from_denominator,L10,H8,0.448344,-0.0686,0.0,0.243391,0.0,0.6027
conll2003,simetrica,drop_from_denominator,L10,H9,0.427134,-0.08981,0.01,0.242388,-0.001003,0.8105
conll2003,simetrica,drop_from_denominator,L10,H10,0.535032,0.018088,0.0,0.243391,0.0,0.5739
conll2003,simetrica,drop_from_denominator,L10,H11,0.505004,-0.01194,0.0,0.243391,0.0,0.5776
conll2003,simetrica,drop_from_denominator,L11,todas,0.482419,-0.034525,0.01,0.242494,-0.000897,0.8341
conll2003,simetrica,drop_from_denominator,L11,H0,0.489992,-0.026952,0.01,0.242393,-0.000998,0.7522
conll2003,simetrica,drop_from_denominator,L11,H1,0.468528,-0.048416,0.01,0.242062,-0.001329,0.8361
conll2003,simetrica,drop_from_denominator,L11,H2,0.403311,-0.113633,0.0,0.243391,0.0,0.6978
conll2003,simetrica,drop_from_denominator,L11,H3,0.496608,-0.020336,0.01,0.242794,-0.000597,0.7013
conll2003,simetrica,drop_from_denominator,L11,H4,0.496376,-0.020568,0.0,0.243391,0.0,0.7709
conll2003,simetrica,drop_from_denominator,L11,H5,0.505589,-0.011355,0.0,0.243391,0.0,0.6861
conll2003,simetrica,drop_from_denominator,L11,H6,0.518725,0.001781,0.0,0.243391,0.0,0.8479
conll2003,simetrica,drop_from_denominator,L11,H7,0.501805,-0.015139,0.0,0.243391,0.0,0.6153
conll2003,simetrica,drop_from_denominator,L11,H8,0.529606,0.012661,0.01,0.242667,-0.000724,0.7267
conll2003,simetrica,drop_from_denominator,L11,H9,0.490369,-0.026575,0.01,0.243721,0.00033,0.7942
conll2003,simetrica,drop_from_denominator,L11,H10,0.478221,-0.038723,0.03,0.241161,-0.00223,0.887
conll2003,simetrica,drop_from_denominator,L11,H11,0.484232,-0.032712,0.01,0.242608,-0.000783,0.7737
conll2003,simetrica,drop_from_denominator,0-3,todas,0.49831,-0.018634,0.01,0.243131,-0.00026,0.8517
conll2003,simetrica,drop_from_denominator,0-3,H0,0.479564,-0.03738,0.01,0.24314,-0.000252,0.8118
conll2003,simetrica,drop_from_denominator,0-3,H1,0.515805,-0.001139,0.0,0.243391,0.0,0.7283
conll2003,simetrica,drop_from_denominator,0-3,H2,0.498456,-0.018488,0.01,0.242644,-0.000747,0.8505
conll2003,simetrica,drop_from_denominator,0-3,H3,0.519095,0.002151,0.0,0.243391,0.0,0.8574
conll2003,simetrica,drop_from_denominator,0-3,H4,0.457431,-0.059513,0.03,0.239573,-0.003818,0.8078
conll2003,simetrica,drop_from_denominator,0-3,H5,0.529427,0.012483,0.0,0.243391,0.0,0.8419
conll2003,simetrica,drop_from_denominator,0-3,H6,0.496645,-0.020299,0.01,0.24327,-0.000121,0.84
conll2003,simetrica,drop_from_denominator,0-3,H7,0.495612,-0.021332,0.01,0.242668,-0.000723,0.8067
conll2003,simetrica,drop_from_denominator,0-3,H8,0.503052,-0.013892,0.0,0.243391,0.0,0.7752
conll2003,simetrica,drop_from_denominator,0-3,H9,0.498713,-0.018231,0.0,0.243391,0.0,0.7648
conll2003,simetrica,drop_from_denominator,0-3,H10,0.506877,-0.010068,0.0,0.243391,0.0,0.8029
conll2003,simetrica,drop_from_denominator,0-3,H11,0.508162,-0.008782,0.0,0.243391,0.0,0.7744
conll2003,simetrica,drop_from_denominator,4-7,todas,0.507966,-0.008978,0.0,0.243391,0.0,0.7756
conll2003,simetrica,drop_from_denominator,4-7,H0,0.535489,0.018545,0.0,0.243391,0.0,0.8009
conll2003,simetrica,drop_from_denominator,4-7,H1,0.533582,0.016637,0.0,0.243391,0.0,0.5228
conll2003,simetrica,drop_from_denominator,4-7,H2,0.52736,0.010416,0.0,0.243391,0.0,0.7742
conll2003,simetrica,drop_from_denominator,4-7,H3,0.457641,-0.059303,0.01,0.242109,-0.001282,0.7939
conll2003,simetrica,drop_from_denominator,4-7,H4,0.513656,-0.003289,0.0,0.243391,0.0,0.6647
conll2003,simetrica,drop_from_denominator,4-7,H5,0.555043,0.038099,0.0,0.243391,0.0,0.6902
conll2003,simetrica,drop_from_denominator,4-7,H6,0.522891,0.005947,0.0,0.243391,0.0,0.6967
conll2003,simetrica,drop_from_denominator,4-7,H7,0.484011,-0.032933,0.01,0.242411,-0.00098,0.7504
conll2003,simetrica,drop_from_denominator,4-7,H8,0.560709,0.043765,0.0,0.243391,0.0,0.5034
conll2003,simetrica,drop_from_denominator,4-7,H9,0.56502,0.048075,0.0,0.243391,0.0,0.5011
conll2003,simetrica,drop_from_denominator,4-7,H10,0.468515,-0.048429,0.0,0.243391,0.0,0.7647
conll2003,simetrica,drop_from_denominator,4-7,H11,0.486594,-0.03035,0.01,0.243266,-0.000125,0.7177
conll2003,simetrica,drop_from_denominator,8-11,todas,0.489085,-0.027859,0.0,0.243391,0.0,0.8091
conll2003,simetrica,drop_from_denominator,8-11,H0,0.473107,-0.043837,0.01,0.242745,-0.000646,0.7534
conll2003,simetrica,drop_from_denominator,8-11,H1,0.478986,-0.037958,0.01,0.243079,-0.000312,0.848
conll2003,simetrica,drop_from_denominator,8-11,H2,0.523946,0.007001,0.0,0.243391,0.0,0.6503
conll2003,simetrica,drop_from_denominator,8-11,H3,0.493264,-0.02368,0.0,0.243391,0.0,0.8026
conll2003,simetrica,drop_from_denominator,8-11,H4,0.504715,-0.012229,0.0,0.243391,0.0,0.7281
conll2003,simetrica,drop_from_denominator,8-11,H5,0.513822,-0.003122,0.0,0.243391,0.0,0.7728
conll2003,simetrica,drop_from_denominator,8-11,H6,0.498078,-0.018866,0.0,0.243391,0.0,0.7925
conll2003,simetrica,drop_from_denominator,8-11,H7,0.494938,-0.022006,0.0,0.243391,0.0,0.51
conll2003,simetrica,drop_from_denominator,8-11,H8,0.477579,-0.039365,0.0,0.243391,0.0,0.7202
conll2003,simetrica,drop_from_denominator,8-11,H9,0.466915,-0.050029,0.01,0.242496,-0.000895,0.8913
conll2003,simetrica,drop_from_denominator,8-11,H10,0.508481,-0.008464,0.0,0.243391,0.0,0.8327
conll2003,simetrica,drop_from_denominator,8-11,H11,0.492854,-0.02409,0.0,0.243391,0.0,0.783
conll2003,simetrica,drop_from_queries_and_denominator,todas,todas,0.49617,-0.020774,0.0,0.243391,0.0,0.8328
conll2003,simetrica,drop_from_queries_and_denominator,todas,H0,0.48808,-0.028864,0.01,0.24332,-7.1e-05,0.814
conll2003,simetrica,drop_from_queries_and_denominator,todas,H1,0.509474,-0.00747,0.0,0.243391,0.0,0.7747
conll2003,simetrica,drop_from_queries_and_denominator,todas,H2,0.510882,-0.006062,0.0,0.243391,0.0,0.8381
conll2003,simetrica,drop_from_queries_and_denominator,todas,H3,0.482502,-0.034443,0.0,0.243391,0.0,0.8275
conll2003,simetrica,drop_from_queries_and_denominator,todas,H4,0.483282,-0.033662,0.0,0.243391,0.0,0.8103
conll2003,simetrica,drop_from_queries_and_denominator,todas,H5,0.52981,0.012866,0.0,0.243391,0.0,0.8346
conll2003,simetrica,drop_from_queries_and_denominator,todas,H6,0.494207,-0.022737,0.0,0.243391,0.0,0.8508
conll2003,simetrica,drop_from_queries_and_denominator,todas,H7,0.487794,-0.02915,0.0,0.243391,0.0,0.7408
conll2003,simetrica,drop_from_queries_and_denominator,todas,H8,0.518932,0.001988,0.0,0.243391,0.0,0.7478
conll2003,simetrica,drop_from_queries_and_denominator,todas,H9,0.494302,-0.022642,0.0,0.243391,0.0,0.8339
conll2003,simetrica,drop_from_queries_and_denominator,todas,H10,0.49136,-0.025585,0.0,0.243391,0.0,0.851
conll2003,simetrica,drop_from_queries_and_denominator,todas,H11,0.497737,-0.019207,0.0,0.243391,0.0,0.7991
conll2003,simetrica,drop_from_queries_and_denominator,L0,todas,0.505234,-0.01171,0.0,0.243391,0.0,0.8307
conll2003,simetrica,drop_from_queries_and_denominator,L0,H0,0.50019,-0.016754,0.0,0.243391,0.0,0.6591
conll2003,simetrica,drop_from_queries_and_denominator,L0,H1,0.486732,-0.030212,0.0,0.243391,0.0,0.6707
conll2003,simetrica,drop_from_queries_and_denominator,L0,H2,0.509072,-0.007872,0.0,0.243391,0.0,0.8625
conll2003,simetrica,drop_from_queries_and_denominator,L0,H3,0.55379,0.036846,0.0,0.243391,0.0,0.7546
conll2003,simetrica,drop_from_queries_and_denominator,L0,H4,0.482745,-0.034199,0.02,0.2399,-0.003491,0.8132
conll2003,simetrica,drop_from_queries_and_denominator,L0,H5,0.490596,-0.026348,0.01,0.242525,-0.000866,0.6143
conll2003,simetrica,drop_from_queries_and_denominator,L0,H6,0.508931,-0.008013,0.0,0.243391,0.0,0.5065
conll2003,simetrica,drop_from_queries_and_denominator,L0,H7,0.512626,-0.004318,0.0,0.243391,0.0,0.6028
conll2003,simetrica,drop_from_queries_and_denominator,L0,H8,0.521412,0.004468,0.0,0.243391,0.0,0.7223
conll2003,simetrica,drop_from_queries_and_denominator,L0,H9,0.500315,-0.016629,0.01,0.243399,8e-06,0.7307
conll2003,simetrica,drop_from_queries_and_denominator,L0,H10,0.468553,-0.048391,0.0,0.243391,0.0,0.7711
conll2003,simetrica,drop_from_queries_and_denominator,L0,H11,0.522069,0.005125,0.0,0.243391,0.0,0.6666
conll2003,simetrica,drop_from_queries_and_denominator,L1,todas,0.492648,-0.024297,0.01,0.243157,-0.000234,0.8349
conll2003,simetrica,drop_from_queries_and_denominator,L1,H0,0.474077,-0.042867,0.01,0.242668,-0.000723,0.7758
conll2003,simetrica,drop_from_queries_and_denominator,L1,H1,0.504011,-0.012933,0.0,0.243391,0.0,0.6658
conll2003,simetrica,drop_from_queries_and_denominator,L1,H2,0.556751,0.039807,0.0,0.243391,0.0,0.5264
conll2003,simetrica,drop_from_queries_and_denominator,L1,H3,0.497202,-0.019742,0.0,0.243391,0.0,0.5313
conll2003,simetrica,drop_from_queries_and_denominator,L1,H4,0.440747,-0.076198,0.01,0.241616,-0.001775,0.6144
conll2003,simetrica,drop_from_queries_and_denominator,L1,H5,0.555572,0.038628,0.0,0.243391,0.0,0.7403
conll2003,simetrica,drop_from_queries_and_denominator,L1,H6,0.478413,-0.038531,0.01,0.242968,-0.000423,0.6771
conll2003,simetrica,drop_from_queries_and_denominator,L1,H7,0.462602,-0.054342,0.02,0.239753,-0.003638,0.7664
conll2003,simetrica,drop_from_queries_and_denominator,L1,H8,0.493899,-0.023045,0.01,0.24344,4.9e-05,0.7201
conll2003,simetrica,drop_from_queries_and_denominator,L1,H9,0.501094,-0.01585,0.0,0.243391,0.0,0.7915
conll2003,simetrica,drop_from_queries_and_denominator,L1,H10,0.537468,0.020524,0.0,0.243391,0.0,0.4088
conll2003,simetrica,drop_from_queries_and_denominator,L1,H11,0.499718,-0.017226,0.01,0.243673,0.000282,0.8109
conll2003,simetrica,drop_from_queries_and_denominator,L2,todas,0.492707,-0.024238,0.01,0.242607,-0.000784,0.8404
conll2003,simetrica,drop_from_queries_and_denominator,L2,H0,0.489718,-0.027226,0.01,0.242793,-0.000598,0.6164
conll2003,simetrica,drop_from_queries_and_denominator,L2,H1,0.583222,0.066278,0.0,0.243391,0.0,0.5103
conll2003,simetrica,drop_from_queries_and_denominator,L2,H2,0.484697,-0.032247,0.03,0.240375,-0.003016,0.6939
conll2003,simetrica,drop_from_queries_and_denominator,L2,H3,0.510474,-0.00647,0.0,0.243391,0.0,0.839
conll2003,simetrica,drop_from_queries_and_denominator,L2,H4,0.421459,-0.095485,0.03,0.239254,-0.004137,0.7283
conll2003,simetrica,drop_from_queries_and_denominator,L2,H5,0.509838,-0.007106,0.0,0.243391,0.0,0.8176
conll2003,simetrica,drop_from_queries_and_denominator,L2,H6,0.498211,-0.018733,0.01,0.242746,-0.000645,0.8254
conll2003,simetrica,drop_from_queries_and_denominator,L2,H7,0.514563,-0.002381,0.0,0.243391,0.0,0.5934
conll2003,simetrica,drop_from_queries_and_denominator,L2,H8,0.504868,-0.012076,0.0,0.243391,0.0,0.6476
conll2003,simetrica,drop_from_queries_and_denominator,L2,H9,0.482314,-0.034631,0.0,0.243391,0.0,0.5672
conll2003,simetrica,drop_from_queries_and_denominator,L2,H10,0.561153,0.044209,0.0,0.243391,0.0,0.6339
conll2003,simetrica,drop_from_queries_and_denominator,L2,H11,0.501918,-0.015026,0.01,0.244556,0.001165,0.636
conll2003,simetrica,drop_from_queries_and_denominator,L3,todas,0.495786,-0.021158,0.0,0.243391,0.0,0.8379
conll2003,simetrica,drop_from_queries_and_denominator,L3,H0,0.468483,-0.048461,0.01,0.241477,-0.001914,0.8285
conll2003,simetrica,drop_from_queries_and_denominator,L3,H1,0.560815,0.043871,0.0,0.243391,0.0,0.4182
conll2003,simetrica,drop_from_queries_and_denominator,L3,H2,0.476158,-0.040786,0.01,0.242375,-0.001016,0.809
conll2003,simetrica,drop_from_queries_and_denominator,L3,H3,0.4578,-0.059144,0.03,0.23978,-0.003611,0.8123
conll2003,simetrica,drop_from_queries_and_denominator,L3,H4,0.51202,-0.004925,0.0,0.243391,0.0,0.602
conll2003,simetrica,drop_from_queries_and_denominator,L3,H5,0.574584,0.05764,0.0,0.243391,0.0,0.7496
conll2003,simetrica,drop_from_queries_and_denominator,L3,H6,0.495731,-0.021213,0.0,0.243391,0.0,0.7258
conll2003,simetrica,drop_from_queries_and_denominator,L3,H7,0.511106,-0.005838,0.0,0.243391,0.0,0.6428
conll2003,simetrica,drop_from_queries_and_denominator,L3,H8,0.481607,-0.035337,0.0,0.243391,0.0,0.5038
conll2003,simetrica,drop_from_queries_and_denominator,L3,H9,0.61771,0.100766,0.0,0.243391,0.0,0.5381
conll2003,simetrica,drop_from_queries_and_denominator,L3,H10,0.487821,-0.029123,0.01,0.243352,-3.9e-05,0.6572
conll2003,simetrica,drop_from_queries_and_denominator,L3,H11,0.496668,-0.020277,0.0,0.243391,0.0,0.5817
conll2003,simetrica,drop_from_queries_and_denominator,L4,todas,0.526066,0.009122,0.0,0.243391,0.0,0.8145
conll2003,simetrica,drop_from_queries_and_denominator,L4,H0,0.470087,-0.046857,0.02,0.241999,-0.001392,0.8266
conll2003,simetrica,drop_from_queries_and_denominator,L4,H1,0.601212,0.084268,0.0,0.243391,0.0,0.5675
conll2003,simetrica,drop_from_queries_and_denominator,L4,H2,0.55668,0.039735,0.0,0.243391,0.0,0.5125
conll2003,simetrica,drop_from_queries_and_denominator,L4,H3,0.453168,-0.063777,0.01,0.241837,-0.001554,0.7904
conll2003,simetrica,drop_from_queries_and_denominator,L4,H4,0.604344,0.0874,0.0,0.243391,0.0,0.4312
conll2003,simetrica,drop_from_queries_and_denominator,L4,H5,0.524358,0.007414,0.01,0.244518,0.001127,0.6916
conll2003,simetrica,drop_from_queries_and_denominator,L4,H6,0.519822,0.002878,0.0,0.243391,0.0,0.3735
conll2003,simetrica,drop_from_queries_and_denominator,L4,H7,0.50215,-0.014794,0.0,0.243391,0.0,0.6688
conll2003,simetrica,drop_from_queries_and_denominator,L4,H8,0.577019,0.060075,0.0,0.243391,0.0,0.3249
conll2003,simetrica,drop_from_queries_and_denominator,L4,H9,0.520289,0.003345,0.0,0.243391,0.0,0.6707
conll2003,simetrica,drop_from_queries_and_denominator,L4,H10,0.56494,0.047995,0.0,0.243391,0.0,0.646
conll2003,simetrica,drop_from_queries_and_denominator,L4,H11,0.422942,-0.094002,0.03,0.239454,-0.003938,0.7472
conll2003,simetrica,drop_from_queries_and_denominator,L5,todas,0.488823,-0.028122,0.0,0.243391,0.0,0.7904
conll2003,simetrica,drop_from_queries_and_denominator,L5,H0,0.57139,0.054446,0.0,0.243391,0.0,0.5836
conll2003,simetrica,drop_from_queries_and_denominator,L5,H1,0.511487,-0.005457,0.0,0.243391,0.0,0.359
conll2003,simetrica,drop_from_queries_and_denominator,L5,H2,0.503343,-0.013601,0.01,0.242891,-0.0005,0.6547
conll2003,simetrica,drop_from_queries_and_denominator,L5,H3,0.534395,0.01745,0.0,0.243391,0.0,0.4114
conll2003,simetrica,drop_from_queries_and_denominator,L5,H4,0.489055,-0.027889,0.0,0.243391,0.0,0.5146
conll2003,simetrica,drop_from_queries_and_denominator,L5,H5,0.555045,0.038101,0.0,0.243391,0.0,0.5711
conll2003,simetrica,drop_from_queries_and_denominator,L5,H6,0.498286,-0.018658,0.0,0.243391,0.0,0.7673
conll2003,simetrica,drop_from_queries_and_denominator,L5,H7,0.455577,-0.061367,0.01,0.240911,-0.00248,0.7346
conll2003,simetrica,drop_from_queries_and_denominator,L5,H8,0.518051,0.001106,0.01,0.242269,-0.001122,0.7044
conll2003,simetrica,drop_from_queries_and_denominator,L5,H9,0.509064,-0.007881,0.0,0.243391,0.0,0.671
conll2003,simetrica,drop_from_queries_and_denominator,L5,H10,0.402792,-0.114152,0.03,0.237723,-0.005668,0.8162
conll2003,simetrica,drop_from_queries_and_denominator,L5,H11,0.495786,-0.021158,0.0,0.243391,0.0,0.6887
conll2003,simetrica,drop_from_queries_and_denominator,L6,todas,0.52324,0.006296,0.0,0.243391,0.0,0.6917
conll2003,simetrica,drop_from_queries_and_denominator,L6,H0,0.56615,0.049206,0.0,0.243391,0.0,0.7318
conll2003,simetrica,drop_from_queries_and_denominator,L6,H1,0.470277,-0.046667,0.0,0.243391,0.0,0.261
conll2003,simetrica,drop_from_queries_and_denominator,L6,H2,0.575191,0.058247,0.0,0.243391,0.0,0.7253
conll2003,simetrica,drop_from_queries_and_denominator,L6,H3,0.457892,-0.059052,0.01,0.24127,-0.002121,0.7846
conll2003,simetrica,drop_from_queries_and_denominator,L6,H4,0.494551,-0.022393,0.01,0.244228,0.000837,0.6794
conll2003,simetrica,drop_from_queries_and_denominator,L6,H5,0.531881,0.014937,0.0,0.243391,0.0,0.6685
conll2003,simetrica,drop_from_queries_and_denominator,L6,H6,0.546959,0.030015,0.0,0.243391,0.0,0.3908
conll2003,simetrica,drop_from_queries_and_denominator,L6,H7,0.562993,0.046049,0.0,0.243391,0.0,0.4351
conll2003,simetrica,drop_from_queries_and_denominator,L6,H8,0.546157,0.029213,0.0,0.243391,0.0,0.226
conll2003,simetrica,drop_from_queries_and_denominator,L6,H9,0.612066,0.095122,0.0,0.243391,0.0,-0.1507
conll2003,simetrica,drop_from_queries_and_denominator,L6,H10,0.525409,0.008465,0.0,0.243391,0.0,0.3977
conll2003,simetrica,drop_from_queries_and_denominator,L6,H11,0.48846,-0.028484,0.01,0.243776,0.000385,0.5612
conll2003,simetrica,drop_from_queries_and_denominator,L7,todas,0.507406,-0.009539,0.0,0.243391,0.0,0.6852
conll2003,simetrica,drop_from_queries_and_denominator,L7,H0,0.533559,0.016615,0.0,0.243391,0.0,0.4134
conll2003,simetrica,drop_from_queries_and_denominator,L7,H1,0.596187,0.079243,0.0,0.243391,0.0,0.5651
conll2003,simetrica,drop_from_queries_and_denominator,L7,H2,0.468837,-0.048107,0.01,0.241507,-0.001884,0.7016
conll2003,simetrica,drop_from_queries_and_denominator,L7,H3,0.460918,-0.056026,0.01,0.243388,-3e-06,0.734
conll2003,simetrica,drop_from_queries_and_denominator,L7,H4,0.517451,0.000507,0.0,0.243391,0.0,0.5502
conll2003,simetrica,drop_from_queries_and_denominator,L7,H5,0.549347,0.032403,0.0,0.243391,0.0,0.3524
conll2003,simetrica,drop_from_queries_and_denominator,L7,H6,0.524212,0.007268,0.0,0.243391,0.0,0.4444
conll2003,simetrica,drop_from_queries_and_denominator,L7,H7,0.537994,0.02105,0.0,0.243391,0.0,0.4035
conll2003,simetrica,drop_from_queries_and_denominator,L7,H8,0.52886,0.011916,0.0,0.243391,0.0,0.5263
conll2003,simetrica,drop_from_queries_and_denominator,L7,H9,0.486384,-0.03056,0.0,0.243391,0.0,0.381
conll2003,simetrica,drop_from_queries_and_denominator,L7,H10,0.568627,0.051683,0.0,0.243391,0.0,0.5908
conll2003,simetrica,drop_from_queries_and_denominator,L7,H11,0.508428,-0.008516,0.0,0.243391,0.0,0.6119
conll2003,simetrica,drop_from_queries_and_denominator,L8,todas,0.506741,-0.010203,0.0,0.243391,0.0,0.7059
conll2003,simetrica,drop_from_queries_and_denominator,L8,H0,0.485165,-0.031779,0.0,0.243391,0.0,0.3717
conll2003,simetrica,drop_from_queries_and_denominator,L8,H1,0.48904,-0.027904,0.0,0.243391,0.0,0.5302
conll2003,simetrica,drop_from_queries_and_denominator,L8,H2,0.517361,0.000417,0.0,0.243391,0.0,0.378
conll2003,simetrica,drop_from_queries_and_denominator,L8,H3,0.547933,0.030988,0.0,0.243391,0.0,0.6826
conll2003,simetrica,drop_from_queries_and_denominator,L8,H4,0.465048,-0.051897,0.0,0.243391,0.0,0.4022
conll2003,simetrica,drop_from_queries_and_denominator,L8,H5,0.557174,0.04023,0.0,0.243391,0.0,0.4736
conll2003,simetrica,drop_from_queries_and_denominator,L8,H6,0.478849,-0.038095,0.0,0.243391,0.0,0.7743
conll2003,simetrica,drop_from_queries_and_denominator,L8,H7,0.551687,0.034742,0.0,0.243391,0.0,0.4605
conll2003,simetrica,drop_from_queries_and_denominator,L8,H8,0.464794,-0.05215,0.0,0.243391,0.0,0.6464
conll2003,simetrica,drop_from_queries_and_denominator,L8,H9,0.491238,-0.025706,0.02,0.241805,-0.001586,0.8723
conll2003,simetrica,drop_from_queries_and_denominator,L8,H10,0.560322,0.043378,0.0,0.243391,0.0,0.4962
conll2003,simetrica,drop_from_queries_and_denominator,L8,H11,0.506944,-0.01,0.0,0.243391,0.0,0.4539
conll2003,simetrica,drop_from_queries_and_denominator,L9,todas,0.500305,-0.016639,0.0,0.243391,0.0,0.8409
conll2003,simetrica,drop_from_queries_and_denominator,L9,H0,0.540903,0.023959,0.0,0.243391,0.0,0.5057
conll2003,simetrica,drop_from_queries_and_denominator,L9,H1,0.515526,-0.001418,0.0,0.243391,0.0,0.7187
conll2003,simetrica,drop_from_queries_and_denominator,L9,H2,0.584421,0.067477,0.0,0.243391,0.0,0.7057
conll2003,simetrica,drop_from_queries_and_denominator,L9,H3,0.451392,-0.065553,0.01,0.241885,-0.001506,0.8026
conll2003,simetrica,drop_from_queries_and_denominator,L9,H4,0.506709,-0.010235,0.0,0.243391,0.0,0.413
conll2003,simetrica,drop_from_queries_and_denominator,L9,H5,0.515395,-0.00155,0.01,0.242895,-0.000496,0.8182
conll2003,simetrica,drop_from_queries_and_denominator,L9,H6,0.481527,-0.035417,0.0,0.243391,0.0,0.6186
conll2003,simetrica,drop_from_queries_and_denominator,L9,H7,0.547385,0.03044,0.0,0.243391,0.0,0.5259
conll2003,simetrica,drop_from_queries_and_denominator,L9,H8,0.501922,-0.015022,0.0,0.243391,0.0,0.5292
conll2003,simetrica,drop_from_queries_and_denominator,L9,H9,0.498867,-0.018077,0.01,0.242534,-0.000857,0.8699
conll2003,simetrica,drop_from_queries_and_denominator,L9,H10,0.507672,-0.009272,0.0,0.243391,0.0,0.664
conll2003,simetrica,drop_from_queries_and_denominator,L9,H11,0.503855,-0.013089,0.0,0.243391,0.0,0.6031
conll2003,simetrica,drop_from_queries_and_denominator,L10,todas,0.476764,-0.04018,0.0,0.243391,0.0,0.7489
conll2003,simetrica,drop_from_queries_and_denominator,L10,H0,0.455098,-0.061846,0.01,0.242034,-0.001357,0.8123
conll2003,simetrica,drop_from_queries_and_denominator,L10,H1,0.471857,-0.045087,0.0,0.243391,0.0,0.7003
conll2003,simetrica,drop_from_queries_and_denominator,L10,H2,0.495841,-0.021103,0.0,0.243391,0.0,0.4899
conll2003,simetrica,drop_from_queries_and_denominator,L10,H3,0.534999,0.018055,0.0,0.243391,0.0,0.3805
conll2003,simetrica,drop_from_queries_and_denominator,L10,H4,0.524111,0.007166,0.0,0.243391,0.0,0.5992
conll2003,simetrica,drop_from_queries_and_denominator,L10,H5,0.506425,-0.010519,0.0,0.243391,0.0,0.6799
conll2003,simetrica,drop_from_queries_and_denominator,L10,H6,0.525837,0.008893,0.0,0.243391,0.0,0.4668
conll2003,simetrica,drop_from_queries_and_denominator,L10,H7,0.448086,-0.068858,0.0,0.243391,0.0,0.3354
conll2003,simetrica,drop_from_queries_and_denominator,L10,H8,0.448345,-0.068599,0.0,0.243391,0.0,0.6032
conll2003,simetrica,drop_from_queries_and_denominator,L10,H9,0.427412,-0.089532,0.01,0.242373,-0.001018,0.8111
conll2003,simetrica,drop_from_queries_and_denominator,L10,H10,0.535041,0.018097,0.0,0.243391,0.0,0.5739
conll2003,simetrica,drop_from_queries_and_denominator,L10,H11,0.509015,-0.007929,0.0,0.243391,0.0,0.562
conll2003,simetrica,drop_from_queries_and_denominator,L11,todas,0.482808,-0.034136,0.01,0.242502,-0.000889,0.8331
conll2003,simetrica,drop_from_queries_and_denominator,L11,H0,0.489954,-0.02699,0.01,0.242383,-0.001008,0.7534
conll2003,simetrica,drop_from_queries_and_denominator,L11,H1,0.470482,-0.046462,0.01,0.242021,-0.001371,0.8368
conll2003,simetrica,drop_from_queries_and_denominator,L11,H2,0.408678,-0.108266,0.0,0.243391,0.0,0.6737
conll2003,simetrica,drop_from_queries_and_denominator,L11,H3,0.497108,-0.019836,0.0,0.243391,0.0,0.697
conll2003,simetrica,drop_from_queries_and_denominator,L11,H4,0.496377,-0.020567,0.0,0.243391,0.0,0.7709
conll2003,simetrica,drop_from_queries_and_denominator,L11,H5,0.505961,-0.010983,0.0,0.243391,0.0,0.6832
conll2003,simetrica,drop_from_queries_and_denominator,L11,H6,0.520653,0.003709,0.0,0.243391,0.0,0.8432
conll2003,simetrica,drop_from_queries_and_denominator,L11,H7,0.503667,-0.013277,0.0,0.243391,0.0,0.5985
conll2003,simetrica,drop_from_queries_and_denominator,L11,H8,0.529625,0.012681,0.01,0.242653,-0.000738,0.7235
conll2003,simetrica,drop_from_queries_and_denominator,L11,H9,0.490327,-0.026617,0.01,0.243715,0.000324,0.795
conll2003,simetrica,drop_from_queries_and_denominator,L11,H10,0.478244,-0.0387,0.03,0.241164,-0.002227,0.8871
conll2003,simetrica,drop_from_queries_and_denominator,L11,H11,0.482746,-0.034198,0.01,0.242534,-0.000857,0.7757
conll2003,simetrica,drop_from_queries_and_denominator,0-3,todas,0.498404,-0.01854,0.01,0.243119,-0.000272,0.8517
conll2003,simetrica,drop_from_queries_and_denominator,0-3,H0,0.480105,-0.036839,0.01,0.243169,-0.000222,0.8086
conll2003,simetrica,drop_from_queries_and_denominator,0-3,H1,0.514969,-0.001975,0.0,0.243391,0.0,0.7312
conll2003,simetrica,drop_from_queries_and_denominator,0-3,H2,0.498023,-0.018921,0.01,0.242623,-0.000768,0.8516
conll2003,simetrica,drop_from_queries_and_denominator,0-3,H3,0.519549,0.002605,0.0,0.243391,0.0,0.8531
conll2003,simetrica,drop_from_queries_and_denominator,0-3,H4,0.4575,-0.059444,0.03,0.239579,-0.003812,0.8076
conll2003,simetrica,drop_from_queries_and_denominator,0-3,H5,0.529982,0.013038,0.0,0.243391,0.0,0.8389
conll2003,simetrica,drop_from_queries_and_denominator,0-3,H6,0.497239,-0.019705,0.01,0.243293,-9.8e-05,0.8379
conll2003,simetrica,drop_from_queries_and_denominator,0-3,H7,0.496536,-0.020408,0.01,0.242716,-0.000675,0.7999
conll2003,simetrica,drop_from_queries_and_denominator,0-3,H8,0.503097,-0.013847,0.0,0.243391,0.0,0.775
conll2003,simetrica,drop_from_queries_and_denominator,0-3,H9,0.497973,-0.018971,0.0,0.243391,0.0,0.7679
conll2003,simetrica,drop_from_queries_and_denominator,0-3,H10,0.505745,-0.011199,0.0,0.243391,0.0,0.8093
conll2003,simetrica,drop_from_queries_and_denominator,0-3,H11,0.508117,-0.008827,0.0,0.243391,0.0,0.7733
conll2003,simetrica,drop_from_queries_and_denominator,4-7,todas,0.508395,-0.008549,0.0,0.243391,0.0,0.7719
conll2003,simetrica,drop_from_queries_and_denominator,4-7,H0,0.535763,0.018818,0.0,0.243391,0.0,0.7992
conll2003,simetrica,drop_from_queries_and_denominator,4-7,H1,0.533893,0.016949,0.0,0.243391,0.0,0.5216
conll2003,simetrica,drop_from_queries_and_denominator,4-7,H2,0.527362,0.010418,0.0,0.243391,0.0,0.7741
conll2003,simetrica,drop_from_queries_and_denominator,4-7,H3,0.458091,-0.058853,0.01,0.242119,-0.001272,0.7926
conll2003,simetrica,drop_from_queries_and_denominator,4-7,H4,0.515825,-0.001119,0.0,0.243391,0.0,0.6435
conll2003,simetrica,drop_from_queries_and_denominator,4-7,H5,0.555285,0.038341,0.0,0.243391,0.0,0.6877
conll2003,simetrica,drop_from_queries_and_denominator,4-7,H6,0.523028,0.006084,0.0,0.243391,0.0,0.6957
conll2003,simetrica,drop_from_queries_and_denominator,4-7,H7,0.484856,-0.032088,0.01,0.242427,-0.000964,0.7473
conll2003,simetrica,drop_from_queries_and_denominator,4-7,H8,0.560801,0.043856,0.0,0.243391,0.0,0.5026
conll2003,simetrica,drop_from_queries_and_denominator,4-7,H9,0.565311,0.048367,0.0,0.243391,0.0,0.5
conll2003,simetrica,drop_from_queries_and_denominator,4-7,H10,0.468555,-0.04839,0.0,0.243391,0.0,0.7643
conll2003,simetrica,drop_from_queries_and_denominator,4-7,H11,0.487476,-0.029468,0.01,0.243311,-8e-05,0.7117
conll2003,simetrica,drop_from_queries_and_denominator,8-11,todas,0.489324,-0.02762,0.0,0.243391,0.0,0.8079
conll2003,simetrica,drop_from_queries_and_denominator,8-11,H0,0.473241,-0.043703,0.01,0.242751,-0.00064,0.7527
conll2003,simetrica,drop_from_queries_and_denominator,8-11,H1,0.480655,-0.036289,0.01,0.243073,-0.000318,0.8458
conll2003,simetrica,drop_from_queries_and_denominator,8-11,H2,0.52422,0.007276,0.0,0.243391,0.0,0.644
conll2003,simetrica,drop_from_queries_and_denominator,8-11,H3,0.493668,-0.023276,0.0,0.243391,0.0,0.8005
conll2003,simetrica,drop_from_queries_and_denominator,8-11,H4,0.505142,-0.011802,0.0,0.243391,0.0,0.7264
conll2003,simetrica,drop_from_queries_and_denominator,8-11,H5,0.513476,-0.003468,0.0,0.243391,0.0,0.7718
conll2003,simetrica,drop_from_queries_and_denominator,8-11,H6,0.498453,-0.018492,0.0,0.243391,0.0,0.7903
conll2003,simetrica,drop_from_queries_and_denominator,8-11,H7,0.495309,-0.021635,0.0,0.243391,0.0,0.5086
conll2003,simetrica,drop_from_queries_and_denominator,8-11,H8,0.477439,-0.039506,0.0,0.243391,0.0,0.7208
conll2003,simetrica,drop_from_queries_and_denominator,8-11,H9,0.466836,-0.050108,0.01,0.242485,-0.000906,0.8917
conll2003,simetrica,drop_from_queries_and_denominator,8-11,H10,0.508549,-0.008395,0.0,0.243391,0.0,0.8324
conll2003,simetrica,drop_from_queries_and_denominator,8-11,H11,0.492788,-0.024156,0.0,0.243391,0.0,0.7821
conll2003,recebida_por_token,keep,todas,todas,0.581617,0.064673,0.0,0.243391,0.0,-0.1664
conll2003,recebida_por_token,keep,todas,H0,0.565614,0.04867,0.0,0.243391,0.0,-0.0389
conll2003,recebida_por_token,keep,todas,H1,0.605365,0.08842,0.0,0.243391,0.0,-0.1239
conll2003,recebida_por_token,keep,todas,H2,0.577816,0.060872,0.0,0.243391,0.0,-0.1657
conll2003,recebida_por_token,keep,todas,H3,0.583121,0.066177,0.0,0.243391,0.0,0.0056
conll2003,recebida_por_token,keep,todas,H4,0.569432,0.052488,0.0,0.243391,0.0,-0.1746
conll2003,recebida_por_token,keep,todas,H5,0.590798,0.073854,0.0,0.243391,0.0,-0.2602
conll2003,recebida_por_token,keep,todas,H6,0.575122,0.058178,0.0,0.243391,0.0,-0.1281
conll2003,recebida_por_token,keep,todas,H7,0.576408,0.059464,0.0,0.243391,0.0,-0.2142
conll2003,recebida_por_token,keep,todas,H8,0.58197,0.065026,0.0,0.243391,0.0,-0.229
conll2003,recebida_por_token,keep,todas,H9,0.574459,0.057515,0.0,0.243391,0.0,-0.0967
conll2003,recebida_por_token,keep,todas,H10,0.572487,0.055543,0.0,0.243391,0.0,-0.2659
conll2003,recebida_por_token,keep,todas,H11,0.548394,0.03145,0.0,0.243391,0.0,-0.2573
conll2003,recebida_por_token,keep,L0,todas,0.579927,0.062983,0.0,0.243391,0.0,-0.0976
conll2003,recebida_por_token,keep,L0,H0,0.532743,0.015799,0.0,0.243391,0.0,-0.2594
conll2003,recebida_por_token,keep,L0,H1,0.552407,0.035463,0.0,0.243391,0.0,0.1155
conll2003,recebida_por_token,keep,L0,H2,0.620787,0.103842,0.0,0.243391,0.0,-0.0527
conll2003,recebida_por_token,keep,L0,H3,0.611387,0.094443,0.0,0.243391,0.0,-0.1123
conll2003,recebida_por_token,keep,L0,H4,0.547846,0.030902,0.0,0.243391,0.0,-0.1358
conll2003,recebida_por_token,keep,L0,H5,0.593004,0.07606,0.0,0.243391,0.0,0.0144
conll2003,recebida_por_token,keep,L0,H6,0.596854,0.07991,0.0,0.243391,0.0,-0.0033
conll2003,recebida_por_token,keep,L0,H7,0.541093,0.024149,0.0,0.243391,0.0,-0.0563
conll2003,recebida_por_token,keep,L0,H8,0.550547,0.033603,0.0,0.243391,0.0,0.2105
conll2003,recebida_por_token,keep,L0,H9,0.578826,0.061882,0.0,0.243391,0.0,-0.039
conll2003,recebida_por_token,keep,L0,H10,0.548681,0.031737,0.0,0.243391,0.0,-0.1342
conll2003,recebida_por_token,keep,L0,H11,0.565908,0.048964,0.0,0.243391,0.0,-0.1228
conll2003,recebida_por_token,keep,L1,todas,0.565637,0.048693,0.0,0.243391,0.0,0.0707
conll2003,recebida_por_token,keep,L1,H0,0.536054,0.01911,0.0,0.243391,0.0,0.1811
conll2003,recebida_por_token,keep,L1,H1,0.557654,0.04071,0.0,0.243391,0.0,0.0879
conll2003,recebida_por_token,keep,L1,H2,0.619606,0.102662,0.0,0.243391,0.0,-0.1275
conll2003,recebida_por_token,keep,L1,H3,0.520884,0.00394,0.01,0.245799,0.002408,0.0362
conll2003,recebida_por_token,keep,L1,H4,0.422806,-0.094138,0.02,0.240191,-0.0032,0.0267
conll2003,recebida_por_token,keep,L1,H5,0.687871,0.170927,0.0,0.243391,0.0,-0.1028
conll2003,recebida_por_token,keep,L1,H6,0.503113,-0.013831,0.0,0.243391,0.0,0.2207
conll2003,recebida_por_token,keep,L1,H7,0.527312,0.010368,0.0,0.243391,0.0,0.2979
conll2003,recebida_por_token,keep,L1,H8,0.519318,0.002374,0.0,0.243391,0.0,0.0204
conll2003,recebida_por_token,keep,L1,H9,0.575193,0.058249,0.0,0.243391,0.0,-0.0486
conll2003,recebida_por_token,keep,L1,H10,0.554758,0.037814,0.0,0.243391,0.0,-0.1289
conll2003,recebida_por_token,keep,L1,H11,0.541871,0.024927,0.0,0.243391,0.0,0.047
conll2003,recebida_por_token,keep,L2,todas,0.594717,0.077772,0.0,0.243391,0.0,0.0542
conll2003,recebida_por_token,keep,L2,H0,0.558825,0.041881,0.0,0.243391,0.0,0.1784
conll2003,recebida_por_token,keep,L2,H1,0.645739,0.128794,0.0,0.243391,0.0,-0.1534
conll2003,recebida_por_token,keep,L2,H2,0.621426,0.104482,0.0,0.243391,0.0,0.0447
conll2003,recebida_por_token,keep,L2,H3,0.630505,0.113561,0.0,0.243391,0.0,-0.1462
conll2003,recebida_por_token,keep,L2,H4,0.417995,-0.098949,0.01,0.242806,-0.000585,0.4386
conll2003,recebida_por_token,keep,L2,H5,0.581478,0.064533,0.0,0.243391,0.0,-0.0878
conll2003,recebida_por_token,keep,L2,H6,0.593511,0.076567,0.0,0.243391,0.0,0.2069
conll2003,recebida_por_token,keep,L2,H7,0.592937,0.075993,0.0,0.243391,0.0,0.0089
conll2003,recebida_por_token,keep,L2,H8,0.570077,0.053133,0.0,0.243391,0.0,-0.0484
conll2003,recebida_por_token,keep,L2,H9,0.550571,0.033626,0.0,0.243391,0.0,-0.0779
conll2003,recebida_por_token,keep,L2,H10,0.64974,0.132796,0.0,0.243391,0.0,-0.1803
conll2003,recebida_por_token,keep,L2,H11,0.502142,-0.014802,0.01,0.244288,0.000897,0.0178
conll2003,recebida_por_token,keep,L3,todas,0.566792,0.049848,0.0,0.243391,0.0,-0.1019
conll2003,recebida_por_token,keep,L3,H0,0.518852,0.001908,0.0,0.243391,0.0,0.1782
conll2003,recebida_por_token,keep,L3,H1,0.555404,0.03846,0.0,0.243391,0.0,-0.2128
conll2003,recebida_por_token,keep,L3,H2,0.548563,0.031619,0.0,0.243391,0.0,0.1478
conll2003,recebida_por_token,keep,L3,H3,0.559171,0.042227,0.0,0.243391,0.0,0.0619
conll2003,recebida_por_token,keep,L3,H4,0.569356,0.052412,0.0,0.243391,0.0,-0.0481
conll2003,recebida_por_token,keep,L3,H5,0.650092,0.133148,0.0,0.243391,0.0,-0.0285
conll2003,recebida_por_token,keep,L3,H6,0.550471,0.033527,0.0,0.243391,0.0,-0.211
conll2003,recebida_por_token,keep,L3,H7,0.593146,0.076202,0.0,0.243391,0.0,-0.2125
conll2003,recebida_por_token,keep,L3,H8,0.595668,0.078724,0.0,0.243391,0.0,0.0519
conll2003,recebida_por_token,keep,L3,H9,0.629125,0.112181,0.0,0.243391,0.0,-0.3102
conll2003,recebida_por_token,keep,L3,H10,0.490933,-0.026011,0.0,0.243391,0.0,-0.17
conll2003,recebida_por_token,keep,L3,H11,0.523448,0.006504,0.0,0.243391,0.0,-0.1566
conll2003,recebida_por_token,keep,L4,todas,0.621988,0.105044,0.0,0.243391,0.0,-0.2152
conll2003,recebida_por_token,keep,L4,H0,0.584962,0.068018,0.0,0.243391,0.0,0.1622
conll2003,recebida_por_token,keep,L4,H1,0.602059,0.085115,0.0,0.243391,0.0,-0.2912
conll2003,recebida_por_token,keep,L4,H2,0.609117,0.092173,0.0,0.243391,0.0,-0.2443
conll2003,recebida_por_token,keep,L4,H3,0.546996,0.030052,0.0,0.243391,0.0,0.0132
conll2003,recebida_por_token,keep,L4,H4,0.561312,0.044368,0.0,0.243391,0.0,-0.2772
conll2003,recebida_por_token,keep,L4,H5,0.603259,0.086314,0.0,0.243391,0.0,-0.0607
conll2003,recebida_por_token,keep,L4,H6,0.555673,0.038728,0.01,0.244922,0.001531,-0.0549
conll2003,recebida_por_token,keep,L4,H7,0.517214,0.00027,0.0,0.243391,0.0,-0.1306
conll2003,recebida_por_token,keep,L4,H8,0.652194,0.13525,0.0,0.243391,0.0,-0.2168
conll2003,recebida_por_token,keep,L4,H9,0.582308,0.065364,0.0,0.243391,0.0,0.0477
conll2003,recebida_por_token,keep,L4,H10,0.647317,0.130373,0.0,0.243391,0.0,-0.2408
conll2003,recebida_por_token,keep,L4,H11,0.45622,-0.060724,0.01,0.242703,-0.000688,-0.0722
conll2003,recebida_por_token,keep,L5,todas,0.580216,0.063272,0.0,0.243391,0.0,-0.0644
conll2003,recebida_por_token,keep,L5,H0,0.562516,0.045572,0.0,0.243391,0.0,-0.2199
conll2003,recebida_por_token,keep,L5,H1,0.591809,0.074865,0.0,0.243391,0.0,-0.0595
conll2003,recebida_por_token,keep,L5,H2,0.520576,0.003632,0.0,0.243391,0.0,-0.2605
conll2003,recebida_por_token,keep,L5,H3,0.528413,0.011469,0.0,0.243391,0.0,-0.1187
conll2003,recebida_por_token,keep,L5,H4,0.542112,0.025168,0.0,0.243391,0.0,-0.1241
conll2003,recebida_por_token,keep,L5,H5,0.597928,0.080984,0.0,0.243391,0.0,0.0101
conll2003,recebida_por_token,keep,L5,H6,0.525985,0.009041,0.0,0.243391,0.0,0.1658
conll2003,recebida_por_token,keep,L5,H7,0.606383,0.089439,0.0,0.243391,0.0,-0.0261
conll2003,recebida_por_token,keep,L5,H8,0.565067,0.048123,0.0,0.243391,0.0,-0.0034
conll2003,recebida_por_token,keep,L5,H9,0.553504,0.03656,0.0,0.243391,0.0,-0.0366
conll2003,recebida_por_token,keep,L5,H10,0.481488,-0.035456,0.0,0.243391,0.0,0.344
conll2003,recebida_por_token,keep,L5,H11,0.514645,-0.002299,0.0,0.243391,0.0,-0.133
conll2003,recebida_por_token,keep,L6,todas,0.584194,0.06725,0.0,0.243391,0.0,-0.2447
conll2003,recebida_por_token,keep,L6,H0,0.586513,0.069569,0.0,0.243391,0.0,-0.045
conll2003,recebida_por_token,keep,L6,H1,0.597481,0.080537,0.0,0.243391,0.0,-0.2037
conll2003,recebida_por_token,keep,L6,H2,0.660434,0.14349,0.0,0.243391,0.0,-0.0019
conll2003,recebida_por_token,keep,L6,H3,0.542808,0.025864,0.0,0.243391,0.0,0.1912
conll2003,recebida_por_token,keep,L6,H4,0.531159,0.014215,0.0,0.243391,0.0,-0.1242
conll2003,recebida_por_token,keep,L6,H5,0.543664,0.02672,0.0,0.243391,0.0,-0.2721
conll2003,recebida_por_token,keep,L6,H6,0.575856,0.058912,0.0,0.243391,0.0,-0.2056
conll2003,recebida_por_token,keep,L6,H7,0.594252,0.077308,0.0,0.243391,0.0,-0.2851
conll2003,recebida_por_token,keep,L6,H8,0.570465,0.05352,0.0,0.243391,0.0,-0.291
conll2003,recebida_por_token,keep,L6,H9,0.591058,0.074114,0.0,0.243391,0.0,-0.184
conll2003,recebida_por_token,keep,L6,H10,0.50678,-0.010164,0.0,0.243391,0.0,-0.2639
conll2003,recebida_por_token,keep,L6,H11,0.550308,0.033364,0.0,0.243391,0.0,-0.146
conll2003,recebida_por_token,keep,L7,todas,0.552084,0.03514,0.0,0.243391,0.0,-0.2328
conll2003,recebida_por_token,keep,L7,H0,0.584291,0.067347,0.0,0.243391,0.0,-0.1307
conll2003,recebida_por_token,keep,L7,H1,0.567704,0.05076,0.0,0.243391,0.0,-0.2241
conll2003,recebida_por_token,keep,L7,H2,0.509492,-0.007453,0.0,0.243391,0.0,-0.1225
conll2003,recebida_por_token,keep,L7,H3,0.549361,0.032417,0.0,0.243391,0.0,0.1968
conll2003,recebida_por_token,keep,L7,H4,0.598189,0.081245,0.0,0.243391,0.0,-0.1272
conll2003,recebida_por_token,keep,L7,H5,0.563018,0.046073,0.0,0.243391,0.0,-0.1899
conll2003,recebida_por_token,keep,L7,H6,0.51319,-0.003754,0.0,0.243391,0.0,-0.265
conll2003,recebida_por_token,keep,L7,H7,0.546944,0.03,0.0,0.243391,0.0,-0.2447
conll2003,recebida_por_token,keep,L7,H8,0.511218,-0.005726,0.0,0.243391,0.0,-0.2571
conll2003,recebida_por_token,keep,L7,H9,0.510552,-0.006393,0.0,0.243391,0.0,-0.2417
conll2003,recebida_por_token,keep,L7,H10,0.538394,0.02145,0.0,0.243391,0.0,-0.2207
conll2003,recebida_por_token,keep,L7,H11,0.553116,0.036171,0.0,0.243391,0.0,-0.1875
conll2003,recebida_por_token,keep,L8,todas,0.550869,0.033925,0.0,0.243391,0.0,-0.2501
conll2003,recebida_por_token,keep,L8,H0,0.511461,-0.005484,0.0,0.243391,0.0,-0.2206
conll2003,recebida_por_token,keep,L8,H1,0.553714,0.03677,0.0,0.243391,0.0,-0.1289
conll2003,recebida_por_token,keep,L8,H2,0.567334,0.05039,0.0,0.243391,0.0,-0.0941
conll2003,recebida_por_token,keep,L8,H3,0.586298,0.069354,0.0,0.243391,0.0,0.015
conll2003,recebida_por_token,keep,L8,H4,0.496248,-0.020697,0.0,0.243391,0.0,-0.122
conll2003,recebida_por_token,keep,L8,H5,0.590706,0.073762,0.0,0.243391,0.0,-0.178
conll2003,recebida_por_token,keep,L8,H6,0.564216,0.047272,0.0,0.243391,0.0,-0.1698
conll2003,recebida_por_token,keep,L8,H7,0.564264,0.04732,0.0,0.243391,0.0,-0.2461
conll2003,recebida_por_token,keep,L8,H8,0.496104,-0.02084,0.0,0.243391,0.0,-0.1752
conll2003,recebida_por_token,keep,L8,H9,0.54629,0.029346,0.0,0.243391,0.0,0.1789
conll2003,recebida_por_token,keep,L8,H10,0.574321,0.057377,0.0,0.243391,0.0,-0.286
conll2003,recebida_por_token,keep,L8,H11,0.466151,-0.050793,0.0,0.243391,0.0,-0.2937
conll2003,recebida_por_token,keep,L9,todas,0.584579,0.067635,0.0,0.243391,0.0,-0.2174
conll2003,recebida_por_token,keep,L9,H0,0.552148,0.035204,0.0,0.243391,0.0,-0.2878
conll2003,recebida_por_token,keep,L9,H1,0.550015,0.033071,0.0,0.243391,0.0,-0.1782
conll2003,recebida_por_token,keep,L9,H2,0.562263,0.045318,0.0,0.243391,0.0,-0.2001
conll2003,recebida_por_token,keep,L9,H3,0.586729,0.069785,0.0,0.243391,0.0,0.1706
conll2003,recebida_por_token,keep,L9,H4,0.567738,0.050794,0.0,0.243391,0.0,-0.3854
conll2003,recebida_por_token,keep,L9,H5,0.545208,0.028264,0.0,0.243391,0.0,-0.1835
conll2003,recebida_por_token,keep,L9,H6,0.58106,0.064116,0.0,0.243391,0.0,0.0124
conll2003,recebida_por_token,keep,L9,H7,0.540008,0.023064,0.0,0.243391,0.0,-0.3439
conll2003,recebida_por_token,keep,L9,H8,0.594758,0.077814,0.0,0.243391,0.0,-0.3386
conll2003,recebida_por_token,keep,L9,H9,0.568185,0.051241,0.0,0.243391,0.0,0.0634
conll2003,recebida_por_token,keep,L9,H10,0.536264,0.01932,0.0,0.243391,0.0,-0.3031
conll2003,recebida_por_token,keep,L9,H11,0.510903,-0.006041,0.0,0.243391,0.0,-0.2808
conll2003,recebida_por_token,keep,L10,todas,0.554633,0.037689,0.0,0.243391,0.0,-0.2859
conll2003,recebida_por_token,keep,L10,H0,0.554267,0.037323,0.0,0.243391,0.0,0.197
conll2003,recebida_por_token,keep,L10,H1,0.611572,0.094628,0.0,0.243391,0.0,-0.2853
conll2003,recebida_por_token,keep,L10,H2,0.537322,0.020378,0.0,0.243391,0.0,-0.2485
conll2003,recebida_por_token,keep,L10,H3,0.564241,0.047297,0.0,0.243391,0.0,-0.3396
conll2003,recebida_por_token,keep,L10,H4,0.57803,0.061085,0.0,0.243391,0.0,-0.0297
conll2003,recebida_por_token,keep,L10,H5,0.513102,-0.003842,0.0,0.243391,0.0,-0.2856
conll2003,recebida_por_token,keep,L10,H6,0.506495,-0.010449,0.0,0.243391,0.0,-0.3236
conll2003,recebida_por_token,keep,L10,H7,0.530147,0.013203,0.0,0.243391,0.0,-0.2808
conll2003,recebida_por_token,keep,L10,H8,0.551166,0.034222,0.0,0.243391,0.0,-0.2945
conll2003,recebida_por_token,keep,L10,H9,0.502509,-0.014435,0.0,0.243391,0.0,-0.0022
conll2003,recebida_por_token,keep,L10,H10,0.580317,0.063373,0.0,0.243391,0.0,-0.2828
conll2003,recebida_por_token,keep,L10,H11,0.592877,0.075933,0.0,0.243391,0.0,-0.1503
conll2003,recebida_por_token,keep,L11,todas,0.590539,0.073595,0.0,0.243391,0.0,-0.1242
conll2003,recebida_por_token,keep,L11,H0,0.580012,0.063067,0.0,0.243391,0.0,0.108
conll2003,recebida_por_token,keep,L11,H1,0.581131,0.064186,0.0,0.243391,0.0,0.0162
conll2003,recebida_por_token,keep,L11,H2,0.363567,-0.153377,0.0,0.243391,0.0,-0.3891
conll2003,recebida_por_token,keep,L11,H3,0.575005,0.058061,0.0,0.243391,0.0,-0.0645
conll2003,recebida_por_token,keep,L11,H4,0.58824,0.071296,0.0,0.243391,0.0,-0.2473
conll2003,recebida_por_token,keep,L11,H5,0.601794,0.08485,0.0,0.243391,0.0,-0.088
conll2003,recebida_por_token,keep,L11,H6,0.602586,0.085642,0.0,0.243391,0.0,-0.4787
conll2003,recebida_por_token,keep,L11,H7,0.574562,0.057618,0.0,0.243391,0.0,-0.0999
conll2003,recebida_por_token,keep,L11,H8,0.644352,0.127408,0.0,0.243391,0.0,-0.1497
conll2003,recebida_por_token,keep,L11,H9,0.563395,0.046451,0.0,0.243391,0.0,-0.2534
conll2003,recebida_por_token,keep,L11,H10,0.633761,0.116817,0.0,0.243391,0.0,-0.0862
conll2003,recebida_por_token,keep,L11,H11,0.572158,0.055214,0.0,0.243391,0.0,-0.1581
conll2003,recebida_por_token,keep,0-3,todas,0.580042,0.063098,0.0,0.243391,0.0,-0.0234
conll2003,recebida_por_token,keep,0-3,H0,0.544672,0.027727,0.0,0.243391,0.0,-0.0244
conll2003,recebida_por_token,keep,0-3,H1,0.584632,0.067687,0.0,0.243391,0.0,0.0256
conll2003,recebida_por_token,keep,0-3,H2,0.610929,0.093984,0.0,0.243391,0.0,0.0252
conll2003,recebida_por_token,keep,0-3,H3,0.601476,0.084531,0.0,0.243391,0.0,-0.0685
conll2003,recebida_por_token,keep,0-3,H4,0.498029,-0.018915,0.0,0.243391,0.0,0.0672
conll2003,recebida_por_token,keep,0-3,H5,0.665129,0.148185,0.0,0.243391,0.0,-0.0934
conll2003,recebida_por_token,keep,0-3,H6,0.581155,0.064211,0.0,0.243391,0.0,0.1218
conll2003,recebida_por_token,keep,0-3,H7,0.563151,0.046207,0.0,0.243391,0.0,0.0392
conll2003,recebida_por_token,keep,0-3,H8,0.580591,0.063646,0.0,0.243391,0.0,0.124
conll2003,recebida_por_token,keep,0-3,H9,0.584805,0.067861,0.0,0.243391,0.0,-0.0863
conll2003,recebida_por_token,keep,0-3,H10,0.559591,0.042647,0.0,0.243391,0.0,-0.2045
conll2003,recebida_por_token,keep,0-3,H11,0.537758,0.020813,0.0,0.243391,0.0,-0.1174
conll2003,recebida_por_token,keep,4-7,todas,0.5838,0.066856,0.0,0.243391,0.0,-0.2079
conll2003,recebida_por_token,keep,4-7,H0,0.601533,0.084589,0.0,0.243391,0.0,-0.1266
conll2003,recebida_por_token,keep,4-7,H1,0.615592,0.098648,0.0,0.243391,0.0,-0.2639
conll2003,recebida_por_token,keep,4-7,H2,0.565109,0.048164,0.0,0.243391,0.0,-0.195
conll2003,recebida_por_token,keep,4-7,H3,0.547982,0.031038,0.0,0.243391,0.0,0.1163
conll2003,recebida_por_token,keep,4-7,H4,0.583195,0.066251,0.0,0.243391,0.0,-0.2356
conll2003,recebida_por_token,keep,4-7,H5,0.588287,0.071343,0.0,0.243391,0.0,-0.1901
conll2003,recebida_por_token,keep,4-7,H6,0.553427,0.036483,0.0,0.243391,0.0,-0.1958
conll2003,recebida_por_token,keep,4-7,H7,0.60847,0.091526,0.0,0.243391,0.0,-0.1768
conll2003,recebida_por_token,keep,4-7,H8,0.574893,0.057949,0.0,0.243391,0.0,-0.306
conll2003,recebida_por_token,keep,4-7,H9,0.562528,0.045584,0.0,0.243391,0.0,-0.1808
conll2003,recebida_por_token,keep,4-7,H10,0.52486,0.007916,0.0,0.243391,0.0,-0.175
conll2003,recebida_por_token,keep,4-7,H11,0.548148,0.031204,0.0,0.243391,0.0,-0.1958
conll2003,recebida_por_token,keep,8-11,todas,0.572955,0.056011,0.0,0.243391,0.0,-0.2316
conll2003,recebida_por_token,keep,8-11,H0,0.557322,0.040378,0.0,0.243391,0.0,-0.013
conll2003,recebida_por_token,keep,8-11,H1,0.585981,0.069037,0.0,0.243391,0.0,-0.1046
conll2003,recebida_por_token,keep,8-11,H2,0.529215,0.012271,0.0,0.243391,0.0,-0.3022
conll2003,recebida_por_token,keep,8-11,H3,0.592542,0.075598,0.0,0.243391,0.0,-0.0582
conll2003,recebida_por_token,keep,8-11,H4,0.5927,0.075756,0.0,0.243391,0.0,-0.2718
conll2003,recebida_por_token,keep,8-11,H5,0.55364,0.036696,0.0,0.243391,0.0,-0.2866
conll2003,recebida_por_token,keep,8-11,H6,0.564977,0.048033,0.0,0.243391,0.0,-0.2869
conll2003,recebida_por_token,keep,8-11,H7,0.556905,0.039961,0.0,0.243391,0.0,-0.2862
conll2003,recebida_por_token,keep,8-11,H8,0.55819,0.041246,0.0,0.243391,0.0,-0.2905
conll2003,recebida_por_token,keep,8-11,H9,0.550607,0.033663,0.0,0.243391,0.0,-0.0329
conll2003,recebida_por_token,keep,8-11,H10,0.606336,0.089392,0.0,0.243391,0.0,-0.2983
conll2003,recebida_por_token,keep,8-11,H11,0.542024,0.02508,0.0,0.243391,0.0,-0.3526
conll2003,recebida_por_token,drop_from_denominator,todas,todas,0.582095,0.065151,0.0,0.243391,0.0,-0.1542
conll2003,recebida_por_token,drop_from_denominator,todas,H0,0.572811,0.055867,0.0,0.243391,0.0,-0.0408
conll2003,recebida_por_token,drop_from_denominator,todas,H1,0.604129,0.087185,0.0,0.243391,0.0,-0.1224
conll2003,recebida_por_token,drop_from_denominator,todas,H2,0.579717,0.062773,0.0,0.243391,0.0,-0.1645
conll2003,recebida_por_token,drop_from_denominator,todas,H3,0.583013,0.066069,0.0,0.243391,0.0,-0.0151
conll2003,recebida_por_token,drop_from_denominator,todas,H4,0.565621,0.048677,0.0,0.243391,0.0,-0.1426
conll2003,recebida_por_token,drop_from_denominator,todas,H5,0.594591,0.077647,0.0,0.243391,0.0,-0.2354
conll2003,recebida_por_token,drop_from_denominator,todas,H6,0.576207,0.059263,0.0,0.243391,0.0,-0.1318
conll2003,recebida_por_token,drop_from_denominator,todas,H7,0.575821,0.058877,0.0,0.243391,0.0,-0.1973
conll2003,recebida_por_token,drop_from_denominator,todas,H8,0.588194,0.07125,0.0,0.243391,0.0,-0.2101
conll2003,recebida_por_token,drop_from_denominator,todas,H9,0.576566,0.059622,0.0,0.243391,0.0,-0.0939
conll2003,recebida_por_token,drop_from_denominator,todas,H10,0.574867,0.057923,0.0,0.243391,0.0,-0.2446
conll2003,recebida_por_token,drop_from_denominator,todas,H11,0.552243,0.035299,0.0,0.243391,0.0,-0.2275
conll2003,recebida_por_token,drop_from_denominator,L0,todas,0.579655,0.062711,0.0,0.243391,0.0,-0.082
conll2003,recebida_por_token,drop_from_denominator,L0,H0,0.53959,0.022646,0.0,0.243391,0.0,-0.2434
conll2003,recebida_por_token,drop_from_denominator,L0,H1,0.555345,0.038401,0.0,0.243391,0.0,0.1083
conll2003,recebida_por_token,drop_from_denominator,L0,H2,0.609484,0.09254,0.0,0.243391,0.0,-0.0396
conll2003,recebida_por_token,drop_from_denominator,L0,H3,0.59567,0.078725,0.0,0.243391,0.0,-0.0986
conll2003,recebida_por_token,drop_from_denominator,L0,H4,0.544668,0.027724,0.0,0.243391,0.0,-0.1302
conll2003,recebida_por_token,drop_from_denominator,L0,H5,0.590156,0.073212,0.0,0.243391,0.0,0.0109
conll2003,recebida_por_token,drop_from_denominator,L0,H6,0.595844,0.0789,0.0,0.243391,0.0,-0.0089
conll2003,recebida_por_token,drop_from_denominator,L0,H7,0.546374,0.02943,0.0,0.243391,0.0,-0.055
conll2003,recebida_por_token,drop_from_denominator,L0,H8,0.555292,0.038348,0.0,0.243391,0.0,0.186
conll2003,recebida_por_token,drop_from_denominator,L0,H9,0.575383,0.058439,0.0,0.243391,0.0,-0.0398
conll2003,recebida_por_token,drop_from_denominator,L0,H10,0.549738,0.032794,0.0,0.243391,0.0,-0.1286
conll2003,recebida_por_token,drop_from_denominator,L0,H11,0.569467,0.052523,0.0,0.243391,0.0,-0.1089
conll2003,recebida_por_token,drop_from_denominator,L1,todas,0.56911,0.052166,0.0,0.243391,0.0,0.0497
conll2003,recebida_por_token,drop_from_denominator,L1,H0,0.546255,0.029311,0.0,0.243391,0.0,0.1468
conll2003,recebida_por_token,drop_from_denominator,L1,H1,0.561988,0.045044,0.0,0.243391,0.0,0.059
conll2003,recebida_por_token,drop_from_denominator,L1,H2,0.621475,0.104531,0.0,0.243391,0.0,-0.1255
conll2003,recebida_por_token,drop_from_denominator,L1,H3,0.530838,0.013894,0.0,0.243391,0.0,0.0311
conll2003,recebida_por_token,drop_from_denominator,L1,H4,0.449082,-0.067862,0.01,0.241795,-0.001596,0.0129
conll2003,recebida_por_token,drop_from_denominator,L1,H5,0.681132,0.164188,0.0,0.243391,0.0,-0.0898
conll2003,recebida_por_token,drop_from_denominator,L1,H6,0.508547,-0.008397,0.0,0.243391,0.0,0.1992
conll2003,recebida_por_token,drop_from_denominator,L1,H7,0.535488,0.018544,0.0,0.243391,0.0,0.2581
conll2003,recebida_por_token,drop_from_denominator,L1,H8,0.528784,0.011839,0.0,0.243391,0.0,0.0128
conll2003,recebida_por_token,drop_from_denominator,L1,H9,0.576189,0.059244,0.0,0.243391,0.0,-0.0501
conll2003,recebida_por_token,drop_from_denominator,L1,H10,0.555102,0.038158,0.0,0.243391,0.0,-0.1214
conll2003,recebida_por_token,drop_from_denominator,L1,H11,0.550949,0.034005,0.0,0.243391,0.0,0.0398
conll2003,recebida_por_token,drop_from_denominator,L2,todas,0.600916,0.083972,0.0,0.243391,0.0,0.0356
conll2003,recebida_por_token,drop_from_denominator,L2,H0,0.566362,0.049418,0.0,0.243391,0.0,0.1689
conll2003,recebida_por_token,drop_from_denominator,L2,H1,0.643445,0.126501,0.0,0.243391,0.0,-0.1482
conll2003,recebida_por_token,drop_from_denominator,L2,H2,0.614712,0.097767,0.0,0.243391,0.0,0.0563
conll2003,recebida_por_token,drop_from_denominator,L2,H3,0.630751,0.113807,0.0,0.243391,0.0,-0.1514
conll2003,recebida_por_token,drop_from_denominator,L2,H4,0.426287,-0.090657,0.01,0.243173,-0.000218,0.4292
conll2003,recebida_por_token,drop_from_denominator,L2,H5,0.584065,0.067121,0.0,0.243391,0.0,-0.0871
conll2003,recebida_por_token,drop_from_denominator,L2,H6,0.595758,0.078814,0.0,0.243391,0.0,0.1792
conll2003,recebida_por_token,drop_from_denominator,L2,H7,0.591662,0.074718,0.0,0.243391,0.0,0.0103
conll2003,recebida_por_token,drop_from_denominator,L2,H8,0.573982,0.057038,0.0,0.243391,0.0,-0.0443
conll2003,recebida_por_token,drop_from_denominator,L2,H9,0.559803,0.042859,0.0,0.243391,0.0,-0.0687
conll2003,recebida_por_token,drop_from_denominator,L2,H10,0.648186,0.131242,0.0,0.243391,0.0,-0.1737
conll2003,recebida_por_token,drop_from_denominator,L2,H11,0.518853,0.001909,0.01,0.244958,0.001567,0.0041
conll2003,recebida_por_token,drop_from_denominator,L3,todas,0.576482,0.059538,0.0,0.243391,0.0,-0.1016
conll2003,recebida_por_token,drop_from_denominator,L3,H0,0.540083,0.023139,0.0,0.243391,0.0,0.1398
conll2003,recebida_por_token,drop_from_denominator,L3,H1,0.558131,0.041187,0.0,0.243391,0.0,-0.2167
conll2003,recebida_por_token,drop_from_denominator,L3,H2,0.555896,0.038952,0.0,0.243391,0.0,0.1148
conll2003,recebida_por_token,drop_from_denominator,L3,H3,0.555499,0.038555,0.0,0.243391,0.0,0.0668
conll2003,recebida_por_token,drop_from_denominator,L3,H4,0.574074,0.05713,0.0,0.243391,0.0,-0.0502
conll2003,recebida_por_token,drop_from_denominator,L3,H5,0.644904,0.12796,0.0,0.243391,0.0,-0.0274
conll2003,recebida_por_token,drop_from_denominator,L3,H6,0.551793,0.034849,0.0,0.243391,0.0,-0.1987
conll2003,recebida_por_token,drop_from_denominator,L3,H7,0.593554,0.076609,0.0,0.243391,0.0,-0.2069
conll2003,recebida_por_token,drop_from_denominator,L3,H8,0.598792,0.081848,0.0,0.243391,0.0,0.0464
conll2003,recebida_por_token,drop_from_denominator,L3,H9,0.625313,0.108369,0.0,0.243391,0.0,-0.2928
conll2003,recebida_por_token,drop_from_denominator,L3,H10,0.504577,-0.012367,0.0,0.243391,0.0,-0.1715
conll2003,recebida_por_token,drop_from_denominator,L3,H11,0.53727,0.020326,0.0,0.243391,0.0,-0.1503
conll2003,recebida_por_token,drop_from_denominator,L4,todas,0.621343,0.104398,0.0,0.243391,0.0,-0.1901
conll2003,recebida_por_token,drop_from_denominator,L4,H0,0.593823,0.076879,0.0,0.243391,0.0,0.1261
conll2003,recebida_por_token,drop_from_denominator,L4,H1,0.603138,0.086194,0.0,0.243391,0.0,-0.2664
conll2003,recebida_por_token,drop_from_denominator,L4,H2,0.61504,0.098096,0.0,0.243391,0.0,-0.2432
conll2003,recebida_por_token,drop_from_denominator,L4,H3,0.546188,0.029244,0.0,0.243391,0.0,0.0138
conll2003,recebida_por_token,drop_from_denominator,L4,H4,0.562061,0.045117,0.0,0.243391,0.0,-0.2696
conll2003,recebida_por_token,drop_from_denominator,L4,H5,0.603573,0.086629,0.0,0.243391,0.0,-0.0549
conll2003,recebida_por_token,drop_from_denominator,L4,H6,0.557641,0.040697,0.01,0.245052,0.001661,-0.0614
conll2003,recebida_por_token,drop_from_denominator,L4,H7,0.526201,0.009256,0.0,0.243391,0.0,-0.1349
conll2003,recebida_por_token,drop_from_denominator,L4,H8,0.648234,0.13129,0.0,0.243391,0.0,-0.2078
conll2003,recebida_por_token,drop_from_denominator,L4,H9,0.585666,0.068722,0.0,0.243391,0.0,0.04
conll2003,recebida_por_token,drop_from_denominator,L4,H10,0.646255,0.129311,0.0,0.243391,0.0,-0.2277
conll2003,recebida_por_token,drop_from_denominator,L4,H11,0.468908,-0.048036,0.01,0.243092,-0.000299,-0.0767
conll2003,recebida_por_token,drop_from_denominator,L5,todas,0.580074,0.06313,0.0,0.243391,0.0,-0.0755
conll2003,recebida_por_token,drop_from_denominator,L5,H0,0.568429,0.051485,0.0,0.243391,0.0,-0.223
conll2003,recebida_por_token,drop_from_denominator,L5,H1,0.59237,0.075426,0.0,0.243391,0.0,-0.0619
conll2003,recebida_por_token,drop_from_denominator,L5,H2,0.525554,0.00861,0.0,0.243391,0.0,-0.2508
conll2003,recebida_por_token,drop_from_denominator,L5,H3,0.533488,0.016544,0.0,0.243391,0.0,-0.1221
conll2003,recebida_por_token,drop_from_denominator,L5,H4,0.54504,0.028095,0.0,0.243391,0.0,-0.1007
conll2003,recebida_por_token,drop_from_denominator,L5,H5,0.601438,0.084494,0.0,0.243391,0.0,-0.0016
conll2003,recebida_por_token,drop_from_denominator,L5,H6,0.53372,0.016776,0.0,0.243391,0.0,0.1519
conll2003,recebida_por_token,drop_from_denominator,L5,H7,0.606933,0.089989,0.0,0.243391,0.0,-0.0374
conll2003,recebida_por_token,drop_from_denominator,L5,H8,0.563288,0.046344,0.0,0.243391,0.0,-0.0027
conll2003,recebida_por_token,drop_from_denominator,L5,H9,0.548042,0.031098,0.0,0.243391,0.0,-0.0311
conll2003,recebida_por_token,drop_from_denominator,L5,H10,0.486783,-0.030161,0.0,0.243391,0.0,0.3211
conll2003,recebida_por_token,drop_from_denominator,L5,H11,0.521697,0.004753,0.0,0.243391,0.0,-0.1352
conll2003,recebida_por_token,drop_from_denominator,L6,todas,0.588423,0.071479,0.0,0.243391,0.0,-0.2395
conll2003,recebida_por_token,drop_from_denominator,L6,H0,0.596532,0.079588,0.0,0.243391,0.0,-0.0588
conll2003,recebida_por_token,drop_from_denominator,L6,H1,0.59767,0.080726,0.0,0.243391,0.0,-0.1966
conll2003,recebida_por_token,drop_from_denominator,L6,H2,0.662428,0.145484,0.0,0.243391,0.0,-0.025
conll2003,recebida_por_token,drop_from_denominator,L6,H3,0.546197,0.029253,0.0,0.243391,0.0,0.1671
conll2003,recebida_por_token,drop_from_denominator,L6,H4,0.53999,0.023046,0.0,0.243391,0.0,-0.1124
conll2003,recebida_por_token,drop_from_denominator,L6,H5,0.552253,0.035309,0.0,0.243391,0.0,-0.2681
conll2003,recebida_por_token,drop_from_denominator,L6,H6,0.575397,0.058453,0.0,0.243391,0.0,-0.2001
conll2003,recebida_por_token,drop_from_denominator,L6,H7,0.597907,0.080962,0.0,0.243391,0.0,-0.2846
conll2003,recebida_por_token,drop_from_denominator,L6,H8,0.57891,0.061965,0.0,0.243391,0.0,-0.2801
conll2003,recebida_por_token,drop_from_denominator,L6,H9,0.594592,0.077648,0.0,0.243391,0.0,-0.1949
conll2003,recebida_por_token,drop_from_denominator,L6,H10,0.508312,-0.008633,0.0,0.243391,0.0,-0.2546
conll2003,recebida_por_token,drop_from_denominator,L6,H11,0.553859,0.036915,0.0,0.243391,0.0,-0.1454
conll2003,recebida_por_token,drop_from_denominator,L7,todas,0.554784,0.03784,0.0,0.243391,0.0,-0.2234
conll2003,recebida_por_token,drop_from_denominator,L7,H0,0.585029,0.068085,0.0,0.243391,0.0,-0.1309
conll2003,recebida_por_token,drop_from_denominator,L7,H1,0.574055,0.05711,0.0,0.243391,0.0,-0.2293
conll2003,recebida_por_token,drop_from_denominator,L7,H2,0.510382,-0.006562,0.0,0.243391,0.0,-0.115
conll2003,recebida_por_token,drop_from_denominator,L7,H3,0.555134,0.038189,0.0,0.243391,0.0,0.1452
conll2003,recebida_por_token,drop_from_denominator,L7,H4,0.595398,0.078454,0.0,0.243391,0.0,-0.1193
conll2003,recebida_por_token,drop_from_denominator,L7,H5,0.564634,0.047689,0.0,0.243391,0.0,-0.1932
conll2003,recebida_por_token,drop_from_denominator,L7,H6,0.519841,0.002896,0.0,0.243391,0.0,-0.2559
conll2003,recebida_por_token,drop_from_denominator,L7,H7,0.547582,0.030638,0.0,0.243391,0.0,-0.2426
conll2003,recebida_por_token,drop_from_denominator,L7,H8,0.521809,0.004865,0.0,0.243391,0.0,-0.2477
conll2003,recebida_por_token,drop_from_denominator,L7,H9,0.515823,-0.001121,0.0,0.243391,0.0,-0.2401
conll2003,recebida_por_token,drop_from_denominator,L7,H10,0.547275,0.03033,0.0,0.243391,0.0,-0.2078
conll2003,recebida_por_token,drop_from_denominator,L7,H11,0.547966,0.031021,0.0,0.243391,0.0,-0.1729
conll2003,recebida_por_token,drop_from_denominator,L8,todas,0.549821,0.032877,0.0,0.243391,0.0,-0.23
conll2003,recebida_por_token,drop_from_denominator,L8,H0,0.50985,-0.007094,0.0,0.243391,0.0,-0.2095
conll2003,recebida_por_token,drop_from_denominator,L8,H1,0.548171,0.031227,0.0,0.243391,0.0,-0.1243
conll2003,recebida_por_token,drop_from_denominator,L8,H2,0.565703,0.048759,0.0,0.243391,0.0,-0.0945
conll2003,recebida_por_token,drop_from_denominator,L8,H3,0.5827,0.065755,0.0,0.243391,0.0,0.0097
conll2003,recebida_por_token,drop_from_denominator,L8,H4,0.495887,-0.021058,0.0,0.243391,0.0,-0.1287
conll2003,recebida_por_token,drop_from_denominator,L8,H5,0.590739,0.073794,0.0,0.243391,0.0,-0.1882
conll2003,recebida_por_token,drop_from_denominator,L8,H6,0.569266,0.052322,0.0,0.243391,0.0,-0.1726
conll2003,recebida_por_token,drop_from_denominator,L8,H7,0.562052,0.045108,0.0,0.243391,0.0,-0.2292
conll2003,recebida_por_token,drop_from_denominator,L8,H8,0.500964,-0.01598,0.0,0.243391,0.0,-0.1628
conll2003,recebida_por_token,drop_from_denominator,L8,H9,0.545439,0.028494,0.0,0.243391,0.0,0.1597
conll2003,recebida_por_token,drop_from_denominator,L8,H10,0.575853,0.058909,0.0,0.243391,0.0,-0.2743
conll2003,recebida_por_token,drop_from_denominator,L8,H11,0.479987,-0.036957,0.0,0.243391,0.0,-0.2892
conll2003,recebida_por_token,drop_from_denominator,L9,todas,0.587411,0.070467,0.0,0.243391,0.0,-0.218
conll2003,recebida_por_token,drop_from_denominator,L9,H0,0.561788,0.044844,0.0,0.243391,0.0,-0.2766
conll2003,recebida_por_token,drop_from_denominator,L9,H1,0.551169,0.034225,0.0,0.243391,0.0,-0.1777
conll2003,recebida_por_token,drop_from_denominator,L9,H2,0.565804,0.04886,0.0,0.243391,0.0,-0.211
conll2003,recebida_por_token,drop_from_denominator,L9,H3,0.590621,0.073676,0.0,0.243391,0.0,0.1353
conll2003,recebida_por_token,drop_from_denominator,L9,H4,0.564842,0.047897,0.0,0.243391,0.0,-0.353
conll2003,recebida_por_token,drop_from_denominator,L9,H5,0.549028,0.032084,0.0,0.243391,0.0,-0.1569
conll2003,recebida_por_token,drop_from_denominator,L9,H6,0.57936,0.062416,0.0,0.243391,0.0,0.0087
conll2003,recebida_por_token,drop_from_denominator,L9,H7,0.547178,0.030233,0.0,0.243391,0.0,-0.3218
conll2003,recebida_por_token,drop_from_denominator,L9,H8,0.59699,0.080046,0.0,0.243391,0.0,-0.3165
conll2003,recebida_por_token,drop_from_denominator,L9,H9,0.58106,0.064115,0.0,0.243391,0.0,0.0122
conll2003,recebida_por_token,drop_from_denominator,L9,H10,0.530884,0.013939,0.0,0.243391,0.0,-0.2956
conll2003,recebida_por_token,drop_from_denominator,L9,H11,0.516351,-0.000593,0.0,0.243391,0.0,-0.2736
conll2003,recebida_por_token,drop_from_denominator,L10,todas,0.556124,0.03918,0.0,0.243391,0.0,-0.2585
conll2003,recebida_por_token,drop_from_denominator,L10,H0,0.561561,0.044616,0.0,0.243391,0.0,0.1482
conll2003,recebida_por_token,drop_from_denominator,L10,H1,0.602173,0.085229,0.0,0.243391,0.0,-0.2811
conll2003,recebida_por_token,drop_from_denominator,L10,H2,0.533652,0.016708,0.0,0.243391,0.0,-0.2681
conll2003,recebida_por_token,drop_from_denominator,L10,H3,0.565015,0.048071,0.0,0.243391,0.0,-0.3275
conll2003,recebida_por_token,drop_from_denominator,L10,H4,0.57485,0.057906,0.0,0.243391,0.0,-0.0226
conll2003,recebida_por_token,drop_from_denominator,L10,H5,0.517492,0.000548,0.0,0.243391,0.0,-0.2736
conll2003,recebida_por_token,drop_from_denominator,L10,H6,0.515194,-0.00175,0.0,0.243391,0.0,-0.2877
conll2003,recebida_por_token,drop_from_denominator,L10,H7,0.525243,0.008299,0.0,0.243391,0.0,-0.2576
conll2003,recebida_por_token,drop_from_denominator,L10,H8,0.540895,0.02395,0.0,0.243391,0.0,-0.2879
conll2003,recebida_por_token,drop_from_denominator,L10,H9,0.50722,-0.009724,0.0,0.243391,0.0,-0.0066
conll2003,recebida_por_token,drop_from_denominator,L10,H10,0.578217,0.061273,0.0,0.243391,0.0,-0.2702
conll2003,recebida_por_token,drop_from_denominator,L10,H11,0.590419,0.073474,0.0,0.243391,0.0,-0.156
conll2003,recebida_por_token,drop_from_denominator,L11,todas,0.587247,0.070303,0.0,0.243391,0.0,-0.1202
conll2003,recebida_por_token,drop_from_denominator,L11,H0,0.581476,0.064532,0.0,0.243391,0.0,0.0889
conll2003,recebida_por_token,drop_from_denominator,L11,H1,0.585906,0.068962,0.0,0.243391,0.0,0.0097
conll2003,recebida_por_token,drop_from_denominator,L11,H2,0.377587,-0.139357,0.0,0.243391,0.0,-0.3965
conll2003,recebida_por_token,drop_from_denominator,L11,H3,0.574498,0.057554,0.0,0.243391,0.0,-0.0638
conll2003,recebida_por_token,drop_from_denominator,L11,H4,0.591815,0.07487,0.0,0.243391,0.0,-0.2185
conll2003,recebida_por_token,drop_from_denominator,L11,H5,0.596649,0.079705,0.0,0.243391,0.0,-0.0694
conll2003,recebida_por_token,drop_from_denominator,L11,H6,0.599467,0.082523,0.0,0.243391,0.0,-0.4783
conll2003,recebida_por_token,drop_from_denominator,L11,H7,0.570246,0.053302,0.0,0.243391,0.0,-0.0932
conll2003,recebida_por_token,drop_from_denominator,L11,H8,0.641307,0.124363,0.0,0.243391,0.0,-0.1408
conll2003,recebida_por_token,drop_from_denominator,L11,H9,0.563053,0.046108,0.0,0.243391,0.0,-0.2189
conll2003,recebida_por_token,drop_from_denominator,L11,H10,0.629622,0.112678,0.0,0.243391,0.0,-0.0707
conll2003,recebida_por_token,drop_from_denominator,L11,H11,0.57291,0.055965,0.0,0.243391,0.0,-0.1399
conll2003,recebida_por_token,drop_from_denominator,0-3,todas,0.583884,0.06694,0.0,0.243391,0.0,-0.0267
conll2003,recebida_por_token,drop_from_denominator,0-3,H0,0.556234,0.03929,0.0,0.243391,0.0,0.0008
conll2003,recebida_por_token,drop_from_denominator,0-3,H1,0.588911,0.071966,0.0,0.243391,0.0,0.0093
conll2003,recebida_por_token,drop_from_denominator,0-3,H2,0.613164,0.096219,0.0,0.243391,0.0,0.0158
conll2003,recebida_por_token,drop_from_denominator,0-3,H3,0.59677,0.079826,0.0,0.243391,0.0,-0.0704
conll2003,recebida_por_token,drop_from_denominator,0-3,H4,0.499145,-0.017799,0.0,0.243391,0.0,0.0629
conll2003,recebida_por_token,drop_from_denominator,0-3,H5,0.657651,0.140707,0.0,0.243391,0.0,-0.0797
conll2003,recebida_por_token,drop_from_denominator,0-3,H6,0.5836,0.066656,0.0,0.243391,0.0,0.0866
conll2003,recebida_por_token,drop_from_denominator,0-3,H7,0.569748,0.052804,0.0,0.243391,0.0,0.0201
conll2003,recebida_por_token,drop_from_denominator,0-3,H8,0.585195,0.068251,0.0,0.243391,0.0,0.1065
conll2003,recebida_por_token,drop_from_denominator,0-3,H9,0.585993,0.069049,0.0,0.243391,0.0,-0.0842
conll2003,recebida_por_token,drop_from_denominator,0-3,H10,0.569953,0.053009,0.0,0.243391,0.0,-0.1946
conll2003,recebida_por_token,drop_from_denominator,0-3,H11,0.55138,0.034436,0.0,0.243391,0.0,-0.1032
conll2003,recebida_por_token,drop_from_denominator,4-7,todas,0.585911,0.068967,0.0,0.243391,0.0,-0.1966
conll2003,recebida_por_token,drop_from_denominator,4-7,H0,0.605844,0.0889,0.0,0.243391,0.0,-0.1293
conll2003,recebida_por_token,drop_from_denominator,4-7,H1,0.614192,0.097248,0.0,0.243391,0.0,-0.2404
conll2003,recebida_por_token,drop_from_denominator,4-7,H2,0.569235,0.052291,0.0,0.243391,0.0,-0.1858
conll2003,recebida_por_token,drop_from_denominator,4-7,H3,0.552556,0.035612,0.0,0.243391,0.0,0.0825
conll2003,recebida_por_token,drop_from_denominator,4-7,H4,0.578534,0.06159,0.0,0.243391,0.0,-0.1882
conll2003,recebida_por_token,drop_from_denominator,4-7,H5,0.591197,0.074253,0.0,0.243391,0.0,-0.187
conll2003,recebida_por_token,drop_from_denominator,4-7,H6,0.557885,0.040941,0.0,0.243391,0.0,-0.1926
conll2003,recebida_por_token,drop_from_denominator,4-7,H7,0.606713,0.089768,0.0,0.243391,0.0,-0.1856
conll2003,recebida_por_token,drop_from_denominator,4-7,H8,0.58688,0.069936,0.0,0.243391,0.0,-0.2846
conll2003,recebida_por_token,drop_from_denominator,4-7,H9,0.566247,0.049303,0.0,0.243391,0.0,-0.1761
conll2003,recebida_por_token,drop_from_denominator,4-7,H10,0.530936,0.013991,0.0,0.243391,0.0,-0.1716
conll2003,recebida_por_token,drop_from_denominator,4-7,H11,0.545733,0.028789,0.0,0.243391,0.0,-0.1862
conll2003,recebida_por_token,drop_from_denominator,8-11,todas,0.571678,0.054734,0.0,0.243391,0.0,-0.2141
conll2003,recebida_por_token,drop_from_denominator,8-11,H0,0.558601,0.041657,0.0,0.243391,0.0,-0.0275
conll2003,recebida_por_token,drop_from_denominator,8-11,H1,0.58424,0.067296,0.0,0.243391,0.0,-0.1178
conll2003,recebida_por_token,drop_from_denominator,8-11,H2,0.528507,0.011563,0.0,0.243391,0.0,-0.3167
conll2003,recebida_por_token,drop_from_denominator,8-11,H3,0.591355,0.074411,0.0,0.243391,0.0,-0.0702
conll2003,recebida_por_token,drop_from_denominator,8-11,H4,0.587962,0.071018,0.0,0.243391,0.0,-0.2271
conll2003,recebida_por_token,drop_from_denominator,8-11,H5,0.558943,0.041999,0.0,0.243391,0.0,-0.2624
conll2003,recebida_por_token,drop_from_denominator,8-11,H6,0.56774,0.050796,0.0,0.243391,0.0,-0.2588
conll2003,recebida_por_token,drop_from_denominator,8-11,H7,0.553303,0.036359,0.0,0.243391,0.0,-0.2578
conll2003,recebida_por_token,drop_from_denominator,8-11,H8,0.561444,0.0445,0.0,0.243391,0.0,-0.2733
conll2003,recebida_por_token,drop_from_denominator,8-11,H9,0.557644,0.0407,0.0,0.243391,0.0,-0.0322
conll2003,recebida_por_token,drop_from_denominator,8-11,H10,0.601249,0.084304,0.0,0.243391,0.0,-0.2773
conll2003,recebida_por_token,drop_from_denominator,8-11,H11,0.55056,0.033616,0.0,0.243391,0.0,-0.323
conll2003,recebida_por_token,drop_from_queries_and_denominator,todas,todas,0.581071,0.064127,0.0,0.243391,0.0,-0.1479
conll2003,recebida_por_token,drop_from_queries_and_denominator,todas,H0,0.57161,0.054666,0.0,0.243391,0.0,-0.0339
conll2003,recebida_por_token,drop_from_queries_and_denominator,todas,H1,0.603126,0.086182,0.0,0.243391,0.0,-0.1136
conll2003,recebida_por_token,drop_from_queries_and_denominator,todas,H2,0.578965,0.062021,0.0,0.243391,0.0,-0.1633
conll2003,recebida_por_token,drop_from_queries_and_denominator,todas,H3,0.583177,0.066233,0.0,0.243391,0.0,-0.0113
conll2003,recebida_por_token,drop_from_queries_and_denominator,todas,H4,0.565523,0.048579,0.0,0.243391,0.0,-0.1396
conll2003,recebida_por_token,drop_from_queries_and_denominator,todas,H5,0.594173,0.077229,0.0,0.243391,0.0,-0.2314
conll2003,recebida_por_token,drop_from_queries_and_denominator,todas,H6,0.575762,0.058817,0.0,0.243391,0.0,-0.1231
conll2003,recebida_por_token,drop_from_queries_and_denominator,todas,H7,0.57689,0.059946,0.0,0.243391,0.0,-0.1887
conll2003,recebida_por_token,drop_from_queries_and_denominator,todas,H8,0.588229,0.071284,0.0,0.243391,0.0,-0.2091
conll2003,recebida_por_token,drop_from_queries_and_denominator,todas,H9,0.574772,0.057828,0.0,0.243391,0.0,-0.0787
conll2003,recebida_por_token,drop_from_queries_and_denominator,todas,H10,0.574461,0.057517,0.0,0.243391,0.0,-0.2418
conll2003,recebida_por_token,drop_from_queries_and_denominator,todas,H11,0.551401,0.034457,0.0,0.243391,0.0,-0.2231
conll2003,recebida_por_token,drop_from_queries_and_denominator,L0,todas,0.577497,0.060553,0.0,0.243391,0.0,-0.0632
conll2003,recebida_por_token,drop_from_queries_and_denominator,L0,H0,0.544777,0.027833,0.0,0.243391,0.0,-0.2275
conll2003,recebida_por_token,drop_from_queries_and_denominator,L0,H1,0.555494,0.038549,0.0,0.243391,0.0,0.1072
conll2003,recebida_por_token,drop_from_queries_and_denominator,L0,H2,0.608683,0.091739,0.0,0.243391,0.0,-0.0372
conll2003,recebida_por_token,drop_from_queries_and_denominator,L0,H3,0.595682,0.078738,0.0,0.243391,0.0,-0.0984
conll2003,recebida_por_token,drop_from_queries_and_denominator,L0,H4,0.544692,0.027748,0.0,0.243391,0.0,-0.1301
conll2003,recebida_por_token,drop_from_queries_and_denominator,L0,H5,0.592643,0.075699,0.0,0.243391,0.0,0.0069
conll2003,recebida_por_token,drop_from_queries_and_denominator,L0,H6,0.588566,0.071622,0.0,0.243391,0.0,0.0361
conll2003,recebida_por_token,drop_from_queries_and_denominator,L0,H7,0.55264,0.035696,0.0,0.243391,0.0,-0.0544
conll2003,recebida_por_token,drop_from_queries_and_denominator,L0,H8,0.555282,0.038338,0.0,0.243391,0.0,0.186
conll2003,recebida_por_token,drop_from_queries_and_denominator,L0,H9,0.575873,0.058928,0.0,0.243391,0.0,-0.0005
conll2003,recebida_por_token,drop_from_queries_and_denominator,L0,H10,0.527667,0.010723,0.0,0.243391,0.0,-0.0468
conll2003,recebida_por_token,drop_from_queries_and_denominator,L0,H11,0.569472,0.052528,0.0,0.243391,0.0,-0.107
conll2003,recebida_por_token,drop_from_queries_and_denominator,L1,todas,0.563265,0.04632,0.0,0.243391,0.0,0.07
conll2003,recebida_por_token,drop_from_queries_and_denominator,L1,H0,0.53263,0.015686,0.0,0.243391,0.0,0.1912
conll2003,recebida_por_token,drop_from_queries_and_denominator,L1,H1,0.555142,0.038198,0.0,0.243391,0.0,0.0809
conll2003,recebida_por_token,drop_from_queries_and_denominator,L1,H2,0.621478,0.104533,0.0,0.243391,0.0,-0.1253
conll2003,recebida_por_token,drop_from_queries_and_denominator,L1,H3,0.533715,0.01677,0.0,0.243391,0.0,0.0215
conll2003,recebida_por_token,drop_from_queries_and_denominator,L1,H4,0.449094,-0.06785,0.01,0.241798,-0.001593,0.013
conll2003,recebida_por_token,drop_from_queries_and_denominator,L1,H5,0.680128,0.163184,0.0,0.243391,0.0,-0.0883
conll2003,recebida_por_token,drop_from_queries_and_denominator,L1,H6,0.508228,-0.008717,0.0,0.243391,0.0,0.1973
conll2003,recebida_por_token,drop_from_queries_and_denominator,L1,H7,0.528199,0.011254,0.0,0.243391,0.0,0.2796
conll2003,recebida_por_token,drop_from_queries_and_denominator,L1,H8,0.52711,0.010166,0.0,0.243391,0.0,0.0149
conll2003,recebida_por_token,drop_from_queries_and_denominator,L1,H9,0.563602,0.046658,0.0,0.243391,0.0,-0.0199
conll2003,recebida_por_token,drop_from_queries_and_denominator,L1,H10,0.556521,0.039577,0.0,0.243391,0.0,-0.1199
conll2003,recebida_por_token,drop_from_queries_and_denominator,L1,H11,0.550963,0.034019,0.0,0.243391,0.0,0.0398
conll2003,recebida_por_token,drop_from_queries_and_denominator,L2,todas,0.598635,0.081691,0.0,0.243391,0.0,0.0537
conll2003,recebida_por_token,drop_from_queries_and_denominator,L2,H0,0.562459,0.045514,0.0,0.243391,0.0,0.2047
conll2003,recebida_por_token,drop_from_queries_and_denominator,L2,H1,0.643314,0.12637,0.0,0.243391,0.0,-0.1476
conll2003,recebida_por_token,drop_from_queries_and_denominator,L2,H2,0.604117,0.087173,0.0,0.243391,0.0,0.109
conll2003,recebida_por_token,drop_from_queries_and_denominator,L2,H3,0.625772,0.108828,0.0,0.243391,0.0,-0.1365
conll2003,recebida_por_token,drop_from_queries_and_denominator,L2,H4,0.426213,-0.090731,0.01,0.243184,-0.000207,0.4291
conll2003,recebida_por_token,drop_from_queries_and_denominator,L2,H5,0.584079,0.067135,0.0,0.243391,0.0,-0.0867
conll2003,recebida_por_token,drop_from_queries_and_denominator,L2,H6,0.590573,0.073628,0.0,0.243391,0.0,0.1987
conll2003,recebida_por_token,drop_from_queries_and_denominator,L2,H7,0.591379,0.074435,0.0,0.243391,0.0,0.0115
conll2003,recebida_por_token,drop_from_queries_and_denominator,L2,H8,0.573969,0.057025,0.0,0.243391,0.0,-0.0443
conll2003,recebida_por_token,drop_from_queries_and_denominator,L2,H9,0.558213,0.041269,0.0,0.243391,0.0,-0.0644
conll2003,recebida_por_token,drop_from_queries_and_denominator,L2,H10,0.640259,0.123315,0.0,0.243391,0.0,-0.1474
conll2003,recebida_por_token,drop_from_queries_and_denominator,L2,H11,0.512047,-0.004897,0.01,0.244814,0.001423,0.0012
conll2003,recebida_por_token,drop_from_queries_and_denominator,L3,todas,0.576974,0.06003,0.0,0.243391,0.0,-0.0994
conll2003,recebida_por_token,drop_from_queries_and_denominator,L3,H0,0.540023,0.023079,0.0,0.243391,0.0,0.1401
conll2003,recebida_por_token,drop_from_queries_and_denominator,L3,H1,0.558511,0.041567,0.0,0.243391,0.0,-0.2134
conll2003,recebida_por_token,drop_from_queries_and_denominator,L3,H2,0.556504,0.03956,0.0,0.243391,0.0,0.1055
conll2003,recebida_por_token,drop_from_queries_and_denominator,L3,H3,0.555546,0.038602,0.0,0.243391,0.0,0.0666
conll2003,recebida_por_token,drop_from_queries_and_denominator,L3,H4,0.574192,0.057248,0.0,0.243391,0.0,-0.0502
conll2003,recebida_por_token,drop_from_queries_and_denominator,L3,H5,0.644888,0.127944,0.0,0.243391,0.0,-0.0274
conll2003,recebida_por_token,drop_from_queries_and_denominator,L3,H6,0.55182,0.034876,0.0,0.243391,0.0,-0.1987
conll2003,recebida_por_token,drop_from_queries_and_denominator,L3,H7,0.593757,0.076812,0.0,0.243391,0.0,-0.207
conll2003,recebida_por_token,drop_from_queries_and_denominator,L3,H8,0.598845,0.081901,0.0,0.243391,0.0,0.046
conll2003,recebida_por_token,drop_from_queries_and_denominator,L3,H9,0.625309,0.108365,0.0,0.243391,0.0,-0.2928
conll2003,recebida_por_token,drop_from_queries_and_denominator,L3,H10,0.505125,-0.011819,0.0,0.243391,0.0,-0.17
conll2003,recebida_por_token,drop_from_queries_and_denominator,L3,H11,0.537977,0.021033,0.0,0.243391,0.0,-0.149
conll2003,recebida_por_token,drop_from_queries_and_denominator,L4,todas,0.621165,0.104221,0.0,0.243391,0.0,-0.19
conll2003,recebida_por_token,drop_from_queries_and_denominator,L4,H0,0.593421,0.076477,0.0,0.243391,0.0,0.1275
conll2003,recebida_por_token,drop_from_queries_and_denominator,L4,H1,0.602536,0.085591,0.0,0.243391,0.0,-0.2656
conll2003,recebida_por_token,drop_from_queries_and_denominator,L4,H2,0.615056,0.098112,0.0,0.243391,0.0,-0.243
conll2003,recebida_por_token,drop_from_queries_and_denominator,L4,H3,0.546216,0.029272,0.0,0.243391,0.0,0.0137
conll2003,recebida_por_token,drop_from_queries_and_denominator,L4,H4,0.562312,0.045368,0.0,0.243391,0.0,-0.2682
conll2003,recebida_por_token,drop_from_queries_and_denominator,L4,H5,0.603347,0.086403,0.0,0.243391,0.0,-0.0547
conll2003,recebida_por_token,drop_from_queries_and_denominator,L4,H6,0.55857,0.041626,0.01,0.245116,0.001725,-0.0613
conll2003,recebida_por_token,drop_from_queries_and_denominator,L4,H7,0.525607,0.008663,0.0,0.243391,0.0,-0.1334
conll2003,recebida_por_token,drop_from_queries_and_denominator,L4,H8,0.648161,0.131217,0.0,0.243391,0.0,-0.207
conll2003,recebida_por_token,drop_from_queries_and_denominator,L4,H9,0.585714,0.06877,0.0,0.243391,0.0,0.0398
conll2003,recebida_por_token,drop_from_queries_and_denominator,L4,H10,0.646038,0.129094,0.0,0.243391,0.0,-0.2271
conll2003,recebida_por_token,drop_from_queries_and_denominator,L4,H11,0.468734,-0.048211,0.01,0.24309,-0.000301,-0.0764
conll2003,recebida_por_token,drop_from_queries_and_denominator,L5,todas,0.580323,0.063379,0.0,0.243391,0.0,-0.0739
conll2003,recebida_por_token,drop_from_queries_and_denominator,L5,H0,0.568328,0.051384,0.0,0.243391,0.0,-0.2225
conll2003,recebida_por_token,drop_from_queries_and_denominator,L5,H1,0.59238,0.075436,0.0,0.243391,0.0,-0.0617
conll2003,recebida_por_token,drop_from_queries_and_denominator,L5,H2,0.52545,0.008506,0.0,0.243391,0.0,-0.2506
conll2003,recebida_por_token,drop_from_queries_and_denominator,L5,H3,0.533511,0.016567,0.0,0.243391,0.0,-0.122
conll2003,recebida_por_token,drop_from_queries_and_denominator,L5,H4,0.54683,0.029886,0.0,0.243391,0.0,-0.0943
conll2003,recebida_por_token,drop_from_queries_and_denominator,L5,H5,0.601297,0.084353,0.0,0.243391,0.0,-0.0019
conll2003,recebida_por_token,drop_from_queries_and_denominator,L5,H6,0.533603,0.016659,0.0,0.243391,0.0,0.1525
conll2003,recebida_por_token,drop_from_queries_and_denominator,L5,H7,0.605612,0.088667,0.0,0.243391,0.0,-0.0343
conll2003,recebida_por_token,drop_from_queries_and_denominator,L5,H8,0.563405,0.046461,0.0,0.243391,0.0,-0.0009
conll2003,recebida_por_token,drop_from_queries_and_denominator,L5,H9,0.548125,0.031181,0.0,0.243391,0.0,-0.0305
conll2003,recebida_por_token,drop_from_queries_and_denominator,L5,H10,0.486915,-0.030029,0.0,0.243391,0.0,0.3205
conll2003,recebida_por_token,drop_from_queries_and_denominator,L5,H11,0.521727,0.004782,0.0,0.243391,0.0,-0.1349
conll2003,recebida_por_token,drop_from_queries_and_denominator,L6,todas,0.58851,0.071566,0.0,0.243391,0.0,-0.2366
conll2003,recebida_por_token,drop_from_queries_and_denominator,L6,H0,0.59649,0.079545,0.0,0.243391,0.0,-0.0582
conll2003,recebida_por_token,drop_from_queries_and_denominator,L6,H1,0.597698,0.080754,0.0,0.243391,0.0,-0.1953
conll2003,recebida_por_token,drop_from_queries_and_denominator,L6,H2,0.66159,0.144646,0.0,0.243391,0.0,-0.0225
conll2003,recebida_por_token,drop_from_queries_and_denominator,L6,H3,0.544596,0.027652,0.0,0.243391,0.0,0.1742
conll2003,recebida_por_token,drop_from_queries_and_denominator,L6,H4,0.539768,0.022824,0.0,0.243391,0.0,-0.1101
conll2003,recebida_por_token,drop_from_queries_and_denominator,L6,H5,0.552112,0.035168,0.0,0.243391,0.0,-0.2679
conll2003,recebida_por_token,drop_from_queries_and_denominator,L6,H6,0.575401,0.058457,0.0,0.243391,0.0,-0.1998
conll2003,recebida_por_token,drop_from_queries_and_denominator,L6,H7,0.597611,0.080666,0.0,0.243391,0.0,-0.2835
conll2003,recebida_por_token,drop_from_queries_and_denominator,L6,H8,0.579117,0.062173,0.0,0.243391,0.0,-0.2788
conll2003,recebida_por_token,drop_from_queries_and_denominator,L6,H9,0.595285,0.078341,0.0,0.243391,0.0,-0.1929
conll2003,recebida_por_token,drop_from_queries_and_denominator,L6,H10,0.508462,-0.008482,0.0,0.243391,0.0,-0.2543
conll2003,recebida_por_token,drop_from_queries_and_denominator,L6,H11,0.554868,0.037924,0.0,0.243391,0.0,-0.1432
conll2003,recebida_por_token,drop_from_queries_and_denominator,L7,todas,0.55584,0.038896,0.0,0.243391,0.0,-0.2188
conll2003,recebida_por_token,drop_from_queries_and_denominator,L7,H0,0.585352,0.068408,0.0,0.243391,0.0,-0.1271
conll2003,recebida_por_token,drop_from_queries_and_denominator,L7,H1,0.5741,0.057156,0.0,0.243391,0.0,-0.2288
conll2003,recebida_por_token,drop_from_queries_and_denominator,L7,H2,0.51043,-0.006514,0.0,0.243391,0.0,-0.1149
conll2003,recebida_por_token,drop_from_queries_and_denominator,L7,H3,0.555507,0.038563,0.0,0.243391,0.0,0.1371
conll2003,recebida_por_token,drop_from_queries_and_denominator,L7,H4,0.595722,0.078778,0.0,0.243391,0.0,-0.1159
conll2003,recebida_por_token,drop_from_queries_and_denominator,L7,H5,0.565034,0.04809,0.0,0.243391,0.0,-0.1916
conll2003,recebida_por_token,drop_from_queries_and_denominator,L7,H6,0.519878,0.002934,0.0,0.243391,0.0,-0.2557
conll2003,recebida_por_token,drop_from_queries_and_denominator,L7,H7,0.547611,0.030666,0.0,0.243391,0.0,-0.2425
conll2003,recebida_por_token,drop_from_queries_and_denominator,L7,H8,0.523393,0.006449,0.0,0.243391,0.0,-0.2439
conll2003,recebida_por_token,drop_from_queries_and_denominator,L7,H9,0.515833,-0.001111,0.0,0.243391,0.0,-0.24
conll2003,recebida_por_token,drop_from_queries_and_denominator,L7,H10,0.547346,0.030402,0.0,0.243391,0.0,-0.2076
conll2003,recebida_por_token,drop_from_queries_and_denominator,L7,H11,0.548427,0.031483,0.0,0.243391,0.0,-0.1695
conll2003,recebida_por_token,drop_from_queries_and_denominator,L8,todas,0.550281,0.033337,0.0,0.243391,0.0,-0.2274
conll2003,recebida_por_token,drop_from_queries_and_denominator,L8,H0,0.510682,-0.006262,0.0,0.243391,0.0,-0.2066
conll2003,recebida_por_token,drop_from_queries_and_denominator,L8,H1,0.548358,0.031414,0.0,0.243391,0.0,-0.1216
conll2003,recebida_por_token,drop_from_queries_and_denominator,L8,H2,0.565765,0.048821,0.0,0.243391,0.0,-0.0939
conll2003,recebida_por_token,drop_from_queries_and_denominator,L8,H3,0.58255,0.065606,0.0,0.243391,0.0,0.0128
conll2003,recebida_por_token,drop_from_queries_and_denominator,L8,H4,0.49834,-0.018604,0.0,0.243391,0.0,-0.1286
conll2003,recebida_por_token,drop_from_queries_and_denominator,L8,H5,0.590955,0.074011,0.0,0.243391,0.0,-0.1868
conll2003,recebida_por_token,drop_from_queries_and_denominator,L8,H6,0.568102,0.051158,0.0,0.243391,0.0,-0.1675
conll2003,recebida_por_token,drop_from_queries_and_denominator,L8,H7,0.560822,0.043878,0.0,0.243391,0.0,-0.2305
conll2003,recebida_por_token,drop_from_queries_and_denominator,L8,H8,0.500228,-0.016716,0.0,0.243391,0.0,-0.1624
conll2003,recebida_por_token,drop_from_queries_and_denominator,L8,H9,0.545318,0.028374,0.0,0.243391,0.0,0.1618
conll2003,recebida_por_token,drop_from_queries_and_denominator,L8,H10,0.575911,0.058967,0.0,0.243391,0.0,-0.2732
conll2003,recebida_por_token,drop_from_queries_and_denominator,L8,H11,0.480165,-0.036779,0.0,0.243391,0.0,-0.289
conll2003,recebida_por_token,drop_from_queries_and_denominator,L9,todas,0.58723,0.070286,0.0,0.243391,0.0,-0.215
conll2003,recebida_por_token,drop_from_queries_and_denominator,L9,H0,0.561697,0.044753,0.0,0.243391,0.0,-0.2767
conll2003,recebida_por_token,drop_from_queries_and_denominator,L9,H1,0.550542,0.033598,0.0,0.243391,0.0,-0.1755
conll2003,recebida_por_token,drop_from_queries_and_denominator,L9,H2,0.5656,0.048656,0.0,0.243391,0.0,-0.2095
conll2003,recebida_por_token,drop_from_queries_and_denominator,L9,H3,0.590511,0.073567,0.0,0.243391,0.0,0.1341
conll2003,recebida_por_token,drop_from_queries_and_denominator,L9,H4,0.564833,0.047889,0.0,0.243391,0.0,-0.353
conll2003,recebida_por_token,drop_from_queries_and_denominator,L9,H5,0.549082,0.032138,0.0,0.243391,0.0,-0.1568
conll2003,recebida_por_token,drop_from_queries_and_denominator,L9,H6,0.579341,0.062397,0.0,0.243391,0.0,0.0095
conll2003,recebida_por_token,drop_from_queries_and_denominator,L9,H7,0.547174,0.03023,0.0,0.243391,0.0,-0.3218
conll2003,recebida_por_token,drop_from_queries_and_denominator,L9,H8,0.596926,0.079982,0.0,0.243391,0.0,-0.3163
conll2003,recebida_por_token,drop_from_queries_and_denominator,L9,H9,0.57642,0.059476,0.0,0.243391,0.0,0.0259
conll2003,recebida_por_token,drop_from_queries_and_denominator,L9,H10,0.530486,0.013542,0.0,0.243391,0.0,-0.295
conll2003,recebida_por_token,drop_from_queries_and_denominator,L9,H11,0.516406,-0.000538,0.0,0.243391,0.0,-0.2733
conll2003,recebida_por_token,drop_from_queries_and_denominator,L10,todas,0.556377,0.039433,0.0,0.243391,0.0,-0.2534
conll2003,recebida_por_token,drop_from_queries_and_denominator,L10,H0,0.562078,0.045134,0.0,0.243391,0.0,0.1458
conll2003,recebida_por_token,drop_from_queries_and_denominator,L10,H1,0.602748,0.085804,0.0,0.243391,0.0,-0.2538
conll2003,recebida_por_token,drop_from_queries_and_denominator,L10,H2,0.535129,0.018185,0.0,0.243391,0.0,-0.2547
conll2003,recebida_por_token,drop_from_queries_and_denominator,L10,H3,0.56499,0.048046,0.0,0.243391,0.0,-0.3263
conll2003,recebida_por_token,drop_from_queries_and_denominator,L10,H4,0.574979,0.058035,0.0,0.243391,0.0,-0.0221
conll2003,recebida_por_token,drop_from_queries_and_denominator,L10,H5,0.515895,-0.00105,0.0,0.243391,0.0,-0.2727
conll2003,recebida_por_token,drop_from_queries_and_denominator,L10,H6,0.515203,-0.001741,0.0,0.243391,0.0,-0.278
conll2003,recebida_por_token,drop_from_queries_and_denominator,L10,H7,0.525307,0.008363,0.0,0.243391,0.0,-0.2557
conll2003,recebida_por_token,drop_from_queries_and_denominator,L10,H8,0.540788,0.023844,0.0,0.243391,0.0,-0.2825
conll2003,recebida_por_token,drop_from_queries_and_denominator,L10,H9,0.506415,-0.01053,0.0,0.243391,0.0,0.004
conll2003,recebida_por_token,drop_from_queries_and_denominator,L10,H10,0.578217,0.061273,0.0,0.243391,0.0,-0.2702
conll2003,recebida_por_token,drop_from_queries_and_denominator,L10,H11,0.59127,0.074326,0.0,0.243391,0.0,-0.152
conll2003,recebida_por_token,drop_from_queries_and_denominator,L11,todas,0.585668,0.068724,0.0,0.243391,0.0,-0.1102
conll2003,recebida_por_token,drop_from_queries_and_denominator,L11,H0,0.580319,0.063374,0.0,0.243391,0.0,0.1015
conll2003,recebida_por_token,drop_from_queries_and_denominator,L11,H1,0.584662,0.067718,0.0,0.243391,0.0,0.0536
conll2003,recebida_por_token,drop_from_queries_and_denominator,L11,H2,0.388485,-0.128459,0.0,0.243391,0.0,-0.3966
conll2003,recebida_por_token,drop_from_queries_and_denominator,L11,H3,0.575155,0.058211,0.0,0.243391,0.0,-0.0569
conll2003,recebida_por_token,drop_from_queries_and_denominator,L11,H4,0.591817,0.074872,0.0,0.243391,0.0,-0.2185
conll2003,recebida_por_token,drop_from_queries_and_denominator,L11,H5,0.59528,0.078336,0.0,0.243391,0.0,-0.0636
conll2003,recebida_por_token,drop_from_queries_and_denominator,L11,H6,0.599838,0.082894,0.0,0.243391,0.0,-0.4764
conll2003,recebida_por_token,drop_from_queries_and_denominator,L11,H7,0.569243,0.052299,0.0,0.243391,0.0,-0.0845
conll2003,recebida_por_token,drop_from_queries_and_denominator,L11,H8,0.639835,0.122891,0.0,0.243391,0.0,-0.1372
conll2003,recebida_por_token,drop_from_queries_and_denominator,L11,H9,0.56339,0.046446,0.0,0.243391,0.0,-0.2188
conll2003,recebida_por_token,drop_from_queries_and_denominator,L11,H10,0.629503,0.112558,0.0,0.243391,0.0,-0.0701
conll2003,recebida_por_token,drop_from_queries_and_denominator,L11,H11,0.56667,0.049726,0.0,0.243391,0.0,-0.1215
conll2003,recebida_por_token,drop_from_queries_and_denominator,0-3,todas,0.5816,0.064656,0.0,0.243391,0.0,-0.0125
conll2003,recebida_por_token,drop_from_queries_and_denominator,0-3,H0,0.552453,0.035508,0.0,0.243391,0.0,0.0103
conll2003,recebida_por_token,drop_from_queries_and_denominator,0-3,H1,0.586388,0.069444,0.0,0.243391,0.0,0.0195
conll2003,recebida_por_token,drop_from_queries_and_denominator,0-3,H2,0.611083,0.094139,0.0,0.243391,0.0,0.0266
conll2003,recebida_por_token,drop_from_queries_and_denominator,0-3,H3,0.596409,0.079465,0.0,0.243391,0.0,-0.0671
conll2003,recebida_por_token,drop_from_queries_and_denominator,0-3,H4,0.499389,-0.017555,0.0,0.243391,0.0,0.0627
conll2003,recebida_por_token,drop_from_queries_and_denominator,0-3,H5,0.656219,0.139275,0.0,0.243391,0.0,-0.0756
conll2003,recebida_por_token,drop_from_queries_and_denominator,0-3,H6,0.581218,0.064274,0.0,0.243391,0.0,0.1158
conll2003,recebida_por_token,drop_from_queries_and_denominator,0-3,H7,0.570018,0.053074,0.0,0.243391,0.0,0.0194
conll2003,recebida_por_token,drop_from_queries_and_denominator,0-3,H8,0.58524,0.068296,0.0,0.243391,0.0,0.1066
conll2003,recebida_por_token,drop_from_queries_and_denominator,0-3,H9,0.582105,0.065161,0.0,0.243391,0.0,-0.0592
conll2003,recebida_por_token,drop_from_queries_and_denominator,0-3,H10,0.563063,0.046119,0.0,0.243391,0.0,-0.1553
conll2003,recebida_por_token,drop_from_queries_and_denominator,0-3,H11,0.550385,0.033441,0.0,0.243391,0.0,-0.1039
conll2003,recebida_por_token,drop_from_queries_and_denominator,4-7,todas,0.585954,0.06901,0.0,0.243391,0.0,-0.1924
conll2003,recebida_por_token,drop_from_queries_and_denominator,4-7,H0,0.605807,0.088863,0.0,0.243391,0.0,-0.1273
conll2003,recebida_por_token,drop_from_queries_and_denominator,4-7,H1,0.613978,0.097034,0.0,0.243391,0.0,-0.2396
conll2003,recebida_por_token,drop_from_queries_and_denominator,4-7,H2,0.569237,0.052293,0.0,0.243391,0.0,-0.1853
conll2003,recebida_por_token,drop_from_queries_and_denominator,4-7,H3,0.552793,0.035849,0.0,0.243391,0.0,0.085
conll2003,recebida_por_token,drop_from_queries_and_denominator,4-7,H4,0.578525,0.06158,0.0,0.243391,0.0,-0.1708
conll2003,recebida_por_token,drop_from_queries_and_denominator,4-7,H5,0.591509,0.074565,0.0,0.243391,0.0,-0.1854
conll2003,recebida_por_token,drop_from_queries_and_denominator,4-7,H6,0.558135,0.041191,0.0,0.243391,0.0,-0.1918
conll2003,recebida_por_token,drop_from_queries_and_denominator,4-7,H7,0.60609,0.089146,0.0,0.243391,0.0,-0.1777
conll2003,recebida_por_token,drop_from_queries_and_denominator,4-7,H8,0.587303,0.070359,0.0,0.243391,0.0,-0.2818
conll2003,recebida_por_token,drop_from_queries_and_denominator,4-7,H9,0.566967,0.050023,0.0,0.243391,0.0,-0.1758
conll2003,recebida_por_token,drop_from_queries_and_denominator,4-7,H10,0.530991,0.014046,0.0,0.243391,0.0,-0.1714
conll2003,recebida_por_token,drop_from_queries_and_denominator,4-7,H11,0.546452,0.029508,0.0,0.243391,0.0,-0.1831
conll2003,recebida_por_token,drop_from_queries_and_denominator,8-11,todas,0.571613,0.054668,0.0,0.243391,0.0,-0.2092
conll2003,recebida_por_token,drop_from_queries_and_denominator,8-11,H0,0.558287,0.041343,0.0,0.243391,0.0,-0.0223
conll2003,recebida_por_token,drop_from_queries_and_denominator,8-11,H1,0.583879,0.066935,0.0,0.243391,0.0,-0.092
conll2003,recebida_por_token,drop_from_queries_and_denominator,8-11,H2,0.530046,0.013102,0.0,0.243391,0.0,-0.3103
conll2003,recebida_por_token,drop_from_queries_and_denominator,8-11,H3,0.592095,0.075151,0.0,0.243391,0.0,-0.0652
conll2003,recebida_por_token,drop_from_queries_and_denominator,8-11,H4,0.587736,0.070792,0.0,0.243391,0.0,-0.2252
conll2003,recebida_por_token,drop_from_queries_and_denominator,8-11,H5,0.55829,0.041346,0.0,0.243391,0.0,-0.2595
conll2003,recebida_por_token,drop_from_queries_and_denominator,8-11,H6,0.566185,0.049241,0.0,0.243391,0.0,-0.2555
conll2003,recebida_por_token,drop_from_queries_and_denominator,8-11,H7,0.55394,0.036996,0.0,0.243391,0.0,-0.2537
conll2003,recebida_por_token,drop_from_queries_and_denominator,8-11,H8,0.561164,0.04422,0.0,0.243391,0.0,-0.2726
conll2003,recebida_por_token,drop_from_queries_and_denominator,8-11,H9,0.555917,0.038973,0.0,0.243391,0.0,-0.0237
conll2003,recebida_por_token,drop_from_queries_and_denominator,8-11,H10,0.601237,0.084292,0.0,0.243391,0.0,-0.2769
conll2003,recebida_por_token,drop_from_queries_and_denominator,8-11,H11,0.549299,0.032355,0.0,0.243391,0.0,-0.313
