ponto,origem,comparacao,tipo,particao,estrato,metrica,valor,escore,contra,aurc_contra,aurc_escore,delta,ci_low,ci_high,n_entidades,n_sentencas,n_degeneradas,veredito
qwen05b-ft-genia,decl-10-decoder-05b-genia,D1,descriptive,teste inteiro,todos,R2_massa_vs_fracao_geometrica,0.8535,,,,,,,,,,,
qwen05b-ft-genia,decl-10-decoder-05b-genia,D1,descriptive,teste inteiro,todos,mediana_observado_sobre_esperado,0.5967,,,,,,,,,,,
qwen05b-ft-genia,decl-10-decoder-05b-genia,D1,descriptive,teste inteiro,todos,n_entidades,5548.0,,,,,,,,,,,
qwen05b-ft-genia,decl-10-decoder-05b-genia,D1,descriptive,teste inteiro,k=1,R2_massa_vs_fracao_geometrica,0.6179,,,,,,,,,,,
qwen05b-ft-genia,decl-10-decoder-05b-genia,D1,descriptive,teste inteiro,k=1,mediana_observado_sobre_esperado,0.775,,,,,,,,,,,
qwen05b-ft-genia,decl-10-decoder-05b-genia,D1,descriptive,teste inteiro,k=1,n_entidades,261.0,,,,,,,,,,,
qwen05b-ft-genia,decl-10-decoder-05b-genia,D1,descriptive,teste inteiro,k=2,R2_massa_vs_fracao_geometrica,0.7503,,,,,,,,,,,
qwen05b-ft-genia,decl-10-decoder-05b-genia,D1,descriptive,teste inteiro,k=2,mediana_observado_sobre_esperado,0.6419,,,,,,,,,,,
qwen05b-ft-genia,decl-10-decoder-05b-genia,D1,descriptive,teste inteiro,k=2,n_entidades,1106.0,,,,,,,,,,,
qwen05b-ft-genia,decl-10-decoder-05b-genia,D1,descriptive,teste inteiro,k=3-4,R2_massa_vs_fracao_geometrica,0.7835,,,,,,,,,,,
qwen05b-ft-genia,decl-10-decoder-05b-genia,D1,descriptive,teste inteiro,k=3-4,mediana_observado_sobre_esperado,0.5957,,,,,,,,,,,
qwen05b-ft-genia,decl-10-decoder-05b-genia,D1,descriptive,teste inteiro,k=3-4,n_entidades,2519.0,,,,,,,,,,,
qwen05b-ft-genia,decl-10-decoder-05b-genia,D1,descriptive,teste inteiro,k>=5,R2_massa_vs_fracao_geometrica,0.8198,,,,,,,,,,,
qwen05b-ft-genia,decl-10-decoder-05b-genia,D1,descriptive,teste inteiro,k>=5,mediana_observado_sobre_esperado,0.5514,,,,,,,,,,,
qwen05b-ft-genia,decl-10-decoder-05b-genia,D1,descriptive,teste inteiro,k>=5,n_entidades,1662.0,,,,,,,,,,,
qwen05b-ft-genia,decl-10-decoder-05b-genia,D2,descriptive,teste inteiro,todos,R2_massa_vs_fracao_geometrica,0.8535,,,,,,,,,,,
qwen05b-ft-genia,decl-10-decoder-05b-genia,D2,descriptive,teste inteiro,todos,mediana_observado_sobre_esperado,0.5967,,,,,,,,,,,
qwen05b-ft-genia,decl-10-decoder-05b-genia,D2,descriptive,teste inteiro,todos,n_entidades,5548.0,,,,,,,,,,,
qwen05b-ft-genia,decl-10-decoder-05b-genia,D2,descriptive,teste inteiro,k=1,R2_massa_vs_fracao_geometrica,0.6179,,,,,,,,,,,
qwen05b-ft-genia,decl-10-decoder-05b-genia,D2,descriptive,teste inteiro,k=1,mediana_observado_sobre_esperado,0.775,,,,,,,,,,,
qwen05b-ft-genia,decl-10-decoder-05b-genia,D2,descriptive,teste inteiro,k=1,n_entidades,261.0,,,,,,,,,,,
qwen05b-ft-genia,decl-10-decoder-05b-genia,D2,descriptive,teste inteiro,k=2,R2_massa_vs_fracao_geometrica,0.7503,,,,,,,,,,,
qwen05b-ft-genia,decl-10-decoder-05b-genia,D2,descriptive,teste inteiro,k=2,mediana_observado_sobre_esperado,0.6419,,,,,,,,,,,
qwen05b-ft-genia,decl-10-decoder-05b-genia,D2,descriptive,teste inteiro,k=2,n_entidades,1106.0,,,,,,,,,,,
qwen05b-ft-genia,decl-10-decoder-05b-genia,D2,descriptive,teste inteiro,k=3-4,R2_massa_vs_fracao_geometrica,0.7835,,,,,,,,,,,
qwen05b-ft-genia,decl-10-decoder-05b-genia,D2,descriptive,teste inteiro,k=3-4,mediana_observado_sobre_esperado,0.5957,,,,,,,,,,,
qwen05b-ft-genia,decl-10-decoder-05b-genia,D2,descriptive,teste inteiro,k=3-4,n_entidades,2519.0,,,,,,,,,,,
qwen05b-ft-genia,decl-10-decoder-05b-genia,D2,descriptive,teste inteiro,k>=5,R2_massa_vs_fracao_geometrica,0.8198,,,,,,,,,,,
qwen05b-ft-genia,decl-10-decoder-05b-genia,D2,descriptive,teste inteiro,k>=5,mediana_observado_sobre_esperado,0.5514,,,,,,,,,,,
qwen05b-ft-genia,decl-10-decoder-05b-genia,D2,descriptive,teste inteiro,k>=5,n_entidades,1662.0,,,,,,,,,,,
qwen05b-ft-genia,decl-10-decoder-05b-genia,C2,verdict,avaliação,todos,,,span_mass,geometric_fraction,0.2309,0.2403,0.0094,0.0026,0.0161,3977.0,1291.0,0.0,PIOR que a base
qwen05b-ft-genia,decl-10-decoder-05b-genia,C2,verdict,avaliação,k=1,,,span_mass,geometric_fraction,0.3132,0.3943,0.0812,0.0355,0.1309,169.0,143.0,0.0,PIOR que a base
qwen05b-ft-genia,decl-10-decoder-05b-genia,C2,verdict,avaliação,k=2,,,span_mass,geometric_fraction,0.2119,0.2252,0.0133,-0.0029,0.0312,780.0,547.0,0.0,NÃO ACRESCENTA (IC contém zero)
qwen05b-ft-genia,decl-10-decoder-05b-genia,C2,verdict,avaliação,k=3-4,,,span_mass,geometric_fraction,0.1869,0.1886,0.0017,-0.0063,0.0102,1797.0,901.0,0.0,NÃO ACRESCENTA (IC contém zero)
qwen05b-ft-genia,decl-10-decoder-05b-genia,C2,verdict,avaliação,k>=5,,,span_mass,geometric_fraction,0.2731,0.2593,-0.0137,-0.0249,-0.0007,1231.0,777.0,0.0,ACRESCENTA
qwen05b-ft-genia,decl-10-decoder-05b-genia,C2,verdict,avaliação,aninhado,,,span_mass,geometric_fraction,0.4851,0.5059,0.0208,-0.0079,0.0438,441.0,332.0,0.0,NÃO ACRESCENTA (IC contém zero)
qwen05b-ft-genia,decl-10-decoder-05b-genia,C2,verdict,avaliação,plano,,,span_mass,geometric_fraction,0.1947,0.1993,0.0046,-0.0015,0.0111,3536.0,1276.0,0.0,NÃO ACRESCENTA (IC contém zero)
qwen05b-ft-genia,decl-10-decoder-05b-genia,C3,verdict,avaliação,todos,,,model_confidence+enrichment,model_confidence,0.1533,0.1533,0.0,0.0,0.0,3977.0,1291.0,0.0,NÃO ACRESCENTA (IC contém zero)
qwen05b-ft-genia,decl-10-decoder-05b-genia,C3,verdict,avaliação,k=1,,,model_confidence+enrichment,model_confidence,0.32,0.32,0.0,0.0,0.0,169.0,143.0,0.0,NÃO ACRESCENTA (IC contém zero)
qwen05b-ft-genia,decl-10-decoder-05b-genia,C3,verdict,avaliação,k=2,,,model_confidence+enrichment,model_confidence,0.1645,0.1645,0.0,0.0,0.0,780.0,547.0,0.0,NÃO ACRESCENTA (IC contém zero)
qwen05b-ft-genia,decl-10-decoder-05b-genia,C3,verdict,avaliação,k=3-4,,,model_confidence+enrichment,model_confidence,0.1304,0.1304,0.0,0.0,0.0,1797.0,901.0,0.0,NÃO ACRESCENTA (IC contém zero)
qwen05b-ft-genia,decl-10-decoder-05b-genia,C3,verdict,avaliação,k>=5,,,model_confidence+enrichment,model_confidence,0.168,0.168,0.0,0.0,0.0,1231.0,777.0,0.0,NÃO ACRESCENTA (IC contém zero)
qwen05b-ft-genia,decl-10-decoder-05b-genia,C3,verdict,avaliação,aninhado,,,model_confidence+enrichment,model_confidence,0.4395,0.4395,0.0,0.0,0.0,441.0,332.0,0.0,NÃO ACRESCENTA (IC contém zero)
qwen05b-ft-genia,decl-10-decoder-05b-genia,C3,verdict,avaliação,plano,,,model_confidence+enrichment,model_confidence,0.123,0.123,0.0,0.0,0.0,3536.0,1276.0,0.0,NÃO ACRESCENTA (IC contém zero)
qwen05b-ft-genia,decl-10-decoder-05b-genia,S1,verdict,avaliação,todos,,,span_mass,model_confidence,0.1533,0.2403,0.087,0.0688,0.1056,3977.0,1291.0,0.0,PIOR que a base
qwen05b-ft-genia,decl-10-decoder-05b-genia,S1,verdict,avaliação,k=1,,,span_mass,model_confidence,0.32,0.3943,0.0743,-0.0114,0.172,169.0,143.0,0.0,NÃO ACRESCENTA (IC contém zero)
qwen05b-ft-genia,decl-10-decoder-05b-genia,S1,verdict,avaliação,k=2,,,span_mass,model_confidence,0.1645,0.2252,0.0607,0.0206,0.1045,780.0,547.0,0.0,PIOR que a base
qwen05b-ft-genia,decl-10-decoder-05b-genia,S1,verdict,avaliação,k=3-4,,,span_mass,model_confidence,0.1304,0.1886,0.0582,0.0338,0.0817,1797.0,901.0,0.0,PIOR que a base
qwen05b-ft-genia,decl-10-decoder-05b-genia,S1,verdict,avaliação,k>=5,,,span_mass,model_confidence,0.168,0.2593,0.0913,0.0603,0.1252,1231.0,777.0,0.0,PIOR que a base
qwen05b-ft-genia,decl-10-decoder-05b-genia,S1,verdict,avaliação,aninhado,,,span_mass,model_confidence,0.4395,0.5059,0.0664,-0.0062,0.1355,441.0,332.0,0.0,NÃO ACRESCENTA (IC contém zero)
qwen05b-ft-genia,decl-10-decoder-05b-genia,S1,verdict,avaliação,plano,,,span_mass,model_confidence,0.123,0.1993,0.0763,0.058,0.0951,3536.0,1276.0,0.0,PIOR que a base
qwen05b-ft-genia,decl-10-decoder-05b-genia,S3,verdict,avaliação,todos,,,span_mass,aggseq,0.1467,0.2403,0.0937,0.0722,0.1154,3977.0,1291.0,0.0,PIOR que a base
qwen05b-ft-genia,decl-10-decoder-05b-genia,S3,verdict,avaliação,k=1,,,span_mass,aggseq,0.1693,0.3943,0.225,0.1394,0.3172,169.0,143.0,0.0,PIOR que a base
qwen05b-ft-genia,decl-10-decoder-05b-genia,S3,verdict,avaliação,k=2,,,span_mass,aggseq,0.1856,0.2252,0.0396,-0.0061,0.0854,780.0,547.0,0.0,NÃO ACRESCENTA (IC contém zero)
qwen05b-ft-genia,decl-10-decoder-05b-genia,S3,verdict,avaliação,k=3-4,,,span_mass,aggseq,0.1233,0.1886,0.0653,0.0342,0.0935,1797.0,901.0,0.0,PIOR que a base
qwen05b-ft-genia,decl-10-decoder-05b-genia,S3,verdict,avaliação,k>=5,,,span_mass,aggseq,0.1582,0.2593,0.1011,0.0706,0.1333,1231.0,777.0,0.0,PIOR que a base
qwen05b-ft-genia,decl-10-decoder-05b-genia,S3,verdict,avaliação,aninhado,,,span_mass,aggseq,0.3958,0.5059,0.1101,0.0405,0.1777,441.0,332.0,0.0,PIOR que a base
qwen05b-ft-genia,decl-10-decoder-05b-genia,S3,verdict,avaliação,plano,,,span_mass,aggseq,0.1204,0.1993,0.0789,0.0571,0.1011,3536.0,1276.0,0.0,PIOR que a base
qwen05b-ft-genia,decl-10-decoder-05b-genia,S5,verdict,avaliação,todos,,,row_entropy_causal,model_confidence,0.1533,0.2325,0.0792,0.0609,0.0979,3977.0,1291.0,0.0,PIOR que a base
qwen05b-ft-genia,decl-10-decoder-05b-genia,S5,verdict,avaliação,k=1,,,row_entropy_causal,model_confidence,0.32,0.3484,0.0284,-0.0647,0.1307,169.0,143.0,0.0,NÃO ACRESCENTA (IC contém zero)
qwen05b-ft-genia,decl-10-decoder-05b-genia,S5,verdict,avaliação,k=2,,,row_entropy_causal,model_confidence,0.1645,0.2299,0.0654,0.025,0.1064,780.0,547.0,0.0,PIOR que a base
qwen05b-ft-genia,decl-10-decoder-05b-genia,S5,verdict,avaliação,k=3-4,,,row_entropy_causal,model_confidence,0.1304,0.2,0.0696,0.0458,0.0952,1797.0,901.0,0.0,PIOR que a base
qwen05b-ft-genia,decl-10-decoder-05b-genia,S5,verdict,avaliação,k>=5,,,row_entropy_causal,model_confidence,0.168,0.2764,0.1084,0.0749,0.1427,1231.0,777.0,0.0,PIOR que a base
qwen05b-ft-genia,decl-10-decoder-05b-genia,S5,verdict,avaliação,aninhado,,,row_entropy_causal,model_confidence,0.4395,0.4789,0.0394,-0.0277,0.0995,441.0,332.0,0.0,NÃO ACRESCENTA (IC contém zero)
qwen05b-ft-genia,decl-10-decoder-05b-genia,S5,verdict,avaliação,plano,,,row_entropy_causal,model_confidence,0.123,0.2025,0.0795,0.0612,0.0995,3536.0,1276.0,0.0,PIOR que a base
qwen05b-ft-genia,decl-10-decoder-05b-genia,S7,verdict,avaliação,todos,,,row_entropy_causal,aggseq,0.1467,0.2325,0.0859,0.0652,0.1055,3977.0,1291.0,0.0,PIOR que a base
qwen05b-ft-genia,decl-10-decoder-05b-genia,S7,verdict,avaliação,k=1,,,row_entropy_causal,aggseq,0.1693,0.3484,0.179,0.1062,0.26,169.0,143.0,0.0,PIOR que a base
qwen05b-ft-genia,decl-10-decoder-05b-genia,S7,verdict,avaliação,k=2,,,row_entropy_causal,aggseq,0.1856,0.2299,0.0443,-0.0012,0.0898,780.0,547.0,0.0,NÃO ACRESCENTA (IC contém zero)
qwen05b-ft-genia,decl-10-decoder-05b-genia,S7,verdict,avaliação,k=3-4,,,row_entropy_causal,aggseq,0.1233,0.2,0.0767,0.0456,0.106,1797.0,901.0,0.0,PIOR que a base
qwen05b-ft-genia,decl-10-decoder-05b-genia,S7,verdict,avaliação,k>=5,,,row_entropy_causal,aggseq,0.1582,0.2764,0.1182,0.0847,0.1527,1231.0,777.0,0.0,PIOR que a base
qwen05b-ft-genia,decl-10-decoder-05b-genia,S7,verdict,avaliação,aninhado,,,row_entropy_causal,aggseq,0.3958,0.4789,0.0831,0.021,0.1442,441.0,332.0,0.0,PIOR que a base
qwen05b-ft-genia,decl-10-decoder-05b-genia,S7,verdict,avaliação,plano,,,row_entropy_causal,aggseq,0.1204,0.2025,0.0821,0.0609,0.1033,3536.0,1276.0,0.0,PIOR que a base
qwen05b-ft-genia,decl-10-decoder-05b-genia,S9,verdict,avaliação,todos,,,row_max_causal,model_confidence,0.1533,0.2268,0.0734,0.0561,0.0909,3977.0,1291.0,0.0,PIOR que a base
qwen05b-ft-genia,decl-10-decoder-05b-genia,S9,verdict,avaliação,k=1,,,row_max_causal,model_confidence,0.32,0.3521,0.0321,-0.0616,0.1325,169.0,143.0,0.0,NÃO ACRESCENTA (IC contém zero)
qwen05b-ft-genia,decl-10-decoder-05b-genia,S9,verdict,avaliação,k=2,,,row_max_causal,model_confidence,0.1645,0.2301,0.0656,0.0266,0.1068,780.0,547.0,0.0,PIOR que a base
qwen05b-ft-genia,decl-10-decoder-05b-genia,S9,verdict,avaliação,k=3-4,,,row_max_causal,model_confidence,0.1304,0.2008,0.0705,0.0452,0.0962,1797.0,901.0,0.0,PIOR que a base
qwen05b-ft-genia,decl-10-decoder-05b-genia,S9,verdict,avaliação,k>=5,,,row_max_causal,model_confidence,0.168,0.2555,0.0875,0.0568,0.12,1231.0,777.0,0.0,PIOR que a base
qwen05b-ft-genia,decl-10-decoder-05b-genia,S9,verdict,avaliação,aninhado,,,row_max_causal,model_confidence,0.4395,0.4615,0.022,-0.0404,0.0853,441.0,332.0,0.0,NÃO ACRESCENTA (IC contém zero)
qwen05b-ft-genia,decl-10-decoder-05b-genia,S9,verdict,avaliação,plano,,,row_max_causal,model_confidence,0.123,0.1954,0.0724,0.0549,0.0907,3536.0,1276.0,0.0,PIOR que a base
qwen05b-ft-genia,decl-10-decoder-05b-genia,S11,verdict,avaliação,todos,,,row_max_causal,aggseq,0.1467,0.2268,0.0801,0.0609,0.0988,3977.0,1291.0,0.0,PIOR que a base
qwen05b-ft-genia,decl-10-decoder-05b-genia,S11,verdict,avaliação,k=1,,,row_max_causal,aggseq,0.1693,0.3521,0.1827,0.1079,0.2631,169.0,143.0,0.0,PIOR que a base
qwen05b-ft-genia,decl-10-decoder-05b-genia,S11,verdict,avaliação,k=2,,,row_max_causal,aggseq,0.1856,0.2301,0.0445,0.0018,0.0897,780.0,547.0,0.0,PIOR que a base
qwen05b-ft-genia,decl-10-decoder-05b-genia,S11,verdict,avaliação,k=3-4,,,row_max_causal,aggseq,0.1233,0.2008,0.0775,0.046,0.1073,1797.0,901.0,0.0,PIOR que a base
qwen05b-ft-genia,decl-10-decoder-05b-genia,S11,verdict,avaliação,k>=5,,,row_max_causal,aggseq,0.1582,0.2555,0.0973,0.0672,0.1296,1231.0,777.0,0.0,PIOR que a base
qwen05b-ft-genia,decl-10-decoder-05b-genia,S11,verdict,avaliação,aninhado,,,row_max_causal,aggseq,0.3958,0.4615,0.0657,0.0071,0.1251,441.0,332.0,0.0,PIOR que a base
qwen05b-ft-genia,decl-10-decoder-05b-genia,S11,verdict,avaliação,plano,,,row_max_causal,aggseq,0.1204,0.1954,0.0751,0.0554,0.0946,3536.0,1276.0,0.0,PIOR que a base
qwen05b-ft-genia,decl-10-decoder-05b-genia,S13,verdict,avaliação,todos,,,hidden_norm,model_confidence,0.1533,0.2325,0.0792,0.0604,0.098,3977.0,1291.0,0.0,PIOR que a base
qwen05b-ft-genia,decl-10-decoder-05b-genia,S13,verdict,avaliação,k=1,,,hidden_norm,model_confidence,0.32,0.3428,0.0228,-0.0577,0.108,169.0,143.0,0.0,NÃO ACRESCENTA (IC contém zero)
qwen05b-ft-genia,decl-10-decoder-05b-genia,S13,verdict,avaliação,k=2,,,hidden_norm,model_confidence,0.1645,0.2214,0.0569,0.0141,0.0993,780.0,547.0,0.0,PIOR que a base
qwen05b-ft-genia,decl-10-decoder-05b-genia,S13,verdict,avaliação,k=3-4,,,hidden_norm,model_confidence,0.1304,0.1931,0.0627,0.0388,0.0866,1797.0,901.0,0.0,PIOR que a base
qwen05b-ft-genia,decl-10-decoder-05b-genia,S13,verdict,avaliação,k>=5,,,hidden_norm,model_confidence,0.168,0.2697,0.1017,0.0678,0.1352,1231.0,777.0,0.0,PIOR que a base
qwen05b-ft-genia,decl-10-decoder-05b-genia,S13,verdict,avaliação,aninhado,,,hidden_norm,model_confidence,0.4395,0.4269,-0.0126,-0.0756,0.05,441.0,332.0,0.0,NÃO ACRESCENTA (IC contém zero)
qwen05b-ft-genia,decl-10-decoder-05b-genia,S13,verdict,avaliação,plano,,,hidden_norm,model_confidence,0.123,0.2151,0.0921,0.0734,0.1115,3536.0,1276.0,0.0,PIOR que a base
qwen05b-ft-genia,decl-10-decoder-05b-genia,S15,verdict,avaliação,todos,,,hidden_norm,aggseq,0.1467,0.2325,0.0858,0.0648,0.1053,3977.0,1291.0,0.0,PIOR que a base
qwen05b-ft-genia,decl-10-decoder-05b-genia,S15,verdict,avaliação,k=1,,,hidden_norm,aggseq,0.1693,0.3428,0.1735,0.0918,0.2573,169.0,143.0,0.0,PIOR que a base
qwen05b-ft-genia,decl-10-decoder-05b-genia,S15,verdict,avaliação,k=2,,,hidden_norm,aggseq,0.1856,0.2214,0.0357,-0.0103,0.0789,780.0,547.0,0.0,NÃO ACRESCENTA (IC contém zero)
qwen05b-ft-genia,decl-10-decoder-05b-genia,S15,verdict,avaliação,k=3-4,,,hidden_norm,aggseq,0.1233,0.1931,0.0697,0.0419,0.0977,1797.0,901.0,0.0,PIOR que a base
qwen05b-ft-genia,decl-10-decoder-05b-genia,S15,verdict,avaliação,k>=5,,,hidden_norm,aggseq,0.1582,0.2697,0.1115,0.0782,0.145,1231.0,777.0,0.0,PIOR que a base
qwen05b-ft-genia,decl-10-decoder-05b-genia,S15,verdict,avaliação,aninhado,,,hidden_norm,aggseq,0.3958,0.4269,0.0311,-0.028,0.0896,441.0,332.0,0.0,NÃO ACRESCENTA (IC contém zero)
qwen05b-ft-genia,decl-10-decoder-05b-genia,S15,verdict,avaliação,plano,,,hidden_norm,aggseq,0.1204,0.2151,0.0947,0.0733,0.116,3536.0,1276.0,0.0,PIOR que a base
qwen05b-ft-genia,decl-10-decoder-05b-genia,S17,verdict,avaliação,todos,,,hidden_dist_centroide,model_confidence,0.1533,0.2546,0.1013,0.0815,0.12,3977.0,1291.0,0.0,PIOR que a base
qwen05b-ft-genia,decl-10-decoder-05b-genia,S17,verdict,avaliação,k=1,,,hidden_dist_centroide,model_confidence,0.32,0.3933,0.0733,-0.0344,0.1835,169.0,143.0,0.0,NÃO ACRESCENTA (IC contém zero)
qwen05b-ft-genia,decl-10-decoder-05b-genia,S17,verdict,avaliação,k=2,,,hidden_dist_centroide,model_confidence,0.1645,0.2886,0.1241,0.0822,0.1623,780.0,547.0,0.0,PIOR que a base
qwen05b-ft-genia,decl-10-decoder-05b-genia,S17,verdict,avaliação,k=3-4,,,hidden_dist_centroide,model_confidence,0.1304,0.2279,0.0976,0.0709,0.1243,1797.0,901.0,0.0,PIOR que a base
qwen05b-ft-genia,decl-10-decoder-05b-genia,S17,verdict,avaliação,k>=5,,,hidden_dist_centroide,model_confidence,0.168,0.2755,0.1075,0.0734,0.1429,1231.0,777.0,0.0,PIOR que a base
qwen05b-ft-genia,decl-10-decoder-05b-genia,S17,verdict,avaliação,aninhado,,,hidden_dist_centroide,model_confidence,0.4395,0.5546,0.1151,0.048,0.1762,441.0,332.0,0.0,PIOR que a base
qwen05b-ft-genia,decl-10-decoder-05b-genia,S17,verdict,avaliação,plano,,,hidden_dist_centroide,model_confidence,0.123,0.2301,0.1071,0.087,0.1274,3536.0,1276.0,0.0,PIOR que a base
qwen05b-ft-genia,decl-10-decoder-05b-genia,S19,verdict,avaliação,todos,,,hidden_dist_centroide,aggseq,0.1467,0.2546,0.108,0.0869,0.1274,3977.0,1291.0,0.0,PIOR que a base
qwen05b-ft-genia,decl-10-decoder-05b-genia,S19,verdict,avaliação,k=1,,,hidden_dist_centroide,aggseq,0.1693,0.3933,0.224,0.1376,0.3126,169.0,143.0,0.0,PIOR que a base
qwen05b-ft-genia,decl-10-decoder-05b-genia,S19,verdict,avaliação,k=2,,,hidden_dist_centroide,aggseq,0.1856,0.2886,0.103,0.0543,0.1478,780.0,547.0,0.0,PIOR que a base
qwen05b-ft-genia,decl-10-decoder-05b-genia,S19,verdict,avaliação,k=3-4,,,hidden_dist_centroide,aggseq,0.1233,0.2279,0.1046,0.0752,0.1346,1797.0,901.0,0.0,PIOR que a base
qwen05b-ft-genia,decl-10-decoder-05b-genia,S19,verdict,avaliação,k>=5,,,hidden_dist_centroide,aggseq,0.1582,0.2755,0.1173,0.0833,0.1521,1231.0,777.0,0.0,PIOR que a base
qwen05b-ft-genia,decl-10-decoder-05b-genia,S19,verdict,avaliação,aninhado,,,hidden_dist_centroide,aggseq,0.3958,0.5546,0.1588,0.0967,0.2239,441.0,332.0,0.0,PIOR que a base
qwen05b-ft-genia,decl-10-decoder-05b-genia,S19,verdict,avaliação,plano,,,hidden_dist_centroide,aggseq,0.1204,0.2301,0.1097,0.0869,0.1319,3536.0,1276.0,0.0,PIOR que a base
qwen05b-ft-genia,decl-10-decoder-05b-genia,S21,verdict,avaliação,todos,,,hidden_delta_camadas,model_confidence,0.1533,0.2353,0.0819,0.0631,0.1009,3977.0,1291.0,0.0,PIOR que a base
qwen05b-ft-genia,decl-10-decoder-05b-genia,S21,verdict,avaliação,k=1,,,hidden_delta_camadas,model_confidence,0.32,0.3714,0.0514,-0.0374,0.1486,169.0,143.0,0.0,NÃO ACRESCENTA (IC contém zero)
qwen05b-ft-genia,decl-10-decoder-05b-genia,S21,verdict,avaliação,k=2,,,hidden_delta_camadas,model_confidence,0.1645,0.2277,0.0632,0.0205,0.1054,780.0,547.0,0.0,PIOR que a base
qwen05b-ft-genia,decl-10-decoder-05b-genia,S21,verdict,avaliação,k=3-4,,,hidden_delta_camadas,model_confidence,0.1304,0.2001,0.0697,0.0452,0.0942,1797.0,901.0,0.0,PIOR que a base
qwen05b-ft-genia,decl-10-decoder-05b-genia,S21,verdict,avaliação,k>=5,,,hidden_delta_camadas,model_confidence,0.168,0.2703,0.1023,0.0693,0.1363,1231.0,777.0,0.0,PIOR que a base
qwen05b-ft-genia,decl-10-decoder-05b-genia,S21,verdict,avaliação,aninhado,,,hidden_delta_camadas,model_confidence,0.4395,0.4294,-0.0101,-0.0718,0.0518,441.0,332.0,0.0,NÃO ACRESCENTA (IC contém zero)
qwen05b-ft-genia,decl-10-decoder-05b-genia,S21,verdict,avaliação,plano,,,hidden_delta_camadas,model_confidence,0.123,0.2173,0.0943,0.0751,0.1136,3536.0,1276.0,0.0,PIOR que a base
qwen05b-ft-genia,decl-10-decoder-05b-genia,S23,verdict,avaliação,todos,,,hidden_delta_camadas,aggseq,0.1467,0.2353,0.0886,0.0671,0.1091,3977.0,1291.0,0.0,PIOR que a base
qwen05b-ft-genia,decl-10-decoder-05b-genia,S23,verdict,avaliação,k=1,,,hidden_delta_camadas,aggseq,0.1693,0.3714,0.2021,0.1093,0.3005,169.0,143.0,0.0,PIOR que a base
qwen05b-ft-genia,decl-10-decoder-05b-genia,S23,verdict,avaliação,k=2,,,hidden_delta_camadas,aggseq,0.1856,0.2277,0.042,-0.0051,0.0872,780.0,547.0,0.0,NÃO ACRESCENTA (IC contém zero)
qwen05b-ft-genia,decl-10-decoder-05b-genia,S23,verdict,avaliação,k=3-4,,,hidden_delta_camadas,aggseq,0.1233,0.2001,0.0768,0.0481,0.1057,1797.0,901.0,0.0,PIOR que a base
qwen05b-ft-genia,decl-10-decoder-05b-genia,S23,verdict,avaliação,k>=5,,,hidden_delta_camadas,aggseq,0.1582,0.2703,0.1121,0.0792,0.1453,1231.0,777.0,0.0,PIOR que a base
qwen05b-ft-genia,decl-10-decoder-05b-genia,S23,verdict,avaliação,aninhado,,,hidden_delta_camadas,aggseq,0.3958,0.4294,0.0336,-0.0234,0.0924,441.0,332.0,0.0,NÃO ACRESCENTA (IC contém zero)
qwen05b-ft-genia,decl-10-decoder-05b-genia,S23,verdict,avaliação,plano,,,hidden_delta_camadas,aggseq,0.1204,0.2173,0.097,0.0749,0.1196,3536.0,1276.0,0.0,PIOR que a base
qwen05b-ft-genia,decl-10-decoder-05b-genia,E25,verdict,avaliação,todos,,,sonda_ocultos,model_confidence,0.1533,0.1433,-0.01,-0.0248,0.0039,3977.0,1291.0,0.0,NÃO ACRESCENTA (IC contém zero)
qwen05b-ft-genia,decl-10-decoder-05b-genia,E25,verdict,avaliação,k=1,,,sonda_ocultos,model_confidence,0.32,0.2501,-0.0699,-0.1635,0.0179,169.0,143.0,0.0,NÃO ACRESCENTA (IC contém zero)
qwen05b-ft-genia,decl-10-decoder-05b-genia,E25,verdict,avaliação,k=2,,,sonda_ocultos,model_confidence,0.1645,0.1413,-0.0232,-0.0537,0.005,780.0,547.0,0.0,NÃO ACRESCENTA (IC contém zero)
qwen05b-ft-genia,decl-10-decoder-05b-genia,E25,verdict,avaliação,k=3-4,,,sonda_ocultos,model_confidence,0.1304,0.1236,-0.0068,-0.0275,0.0147,1797.0,901.0,0.0,NÃO ACRESCENTA (IC contém zero)
qwen05b-ft-genia,decl-10-decoder-05b-genia,E25,verdict,avaliação,k>=5,,,sonda_ocultos,model_confidence,0.168,0.1708,0.0028,-0.0248,0.03,1231.0,777.0,0.0,NÃO ACRESCENTA (IC contém zero)
qwen05b-ft-genia,decl-10-decoder-05b-genia,E25,verdict,avaliação,aninhado,,,sonda_ocultos,model_confidence,0.4395,0.4066,-0.0329,-0.0986,0.0292,441.0,332.0,0.0,NÃO ACRESCENTA (IC contém zero)
qwen05b-ft-genia,decl-10-decoder-05b-genia,E25,verdict,avaliação,plano,,,sonda_ocultos,model_confidence,0.123,0.112,-0.011,-0.0245,0.0019,3536.0,1276.0,0.0,NÃO ACRESCENTA (IC contém zero)
qwen05b-ft-genia,decl-10-decoder-05b-genia,E27,verdict,avaliação,todos,,,sonda_ocultos,aggseq,0.1467,0.1433,-0.0034,-0.0202,0.0128,3977.0,1291.0,0.0,NÃO ACRESCENTA (IC contém zero)
qwen05b-ft-genia,decl-10-decoder-05b-genia,E27,verdict,avaliação,k=1,,,sonda_ocultos,aggseq,0.1693,0.2501,0.0808,0.0016,0.1537,169.0,143.0,0.0,PIOR que a base
qwen05b-ft-genia,decl-10-decoder-05b-genia,E27,verdict,avaliação,k=2,,,sonda_ocultos,aggseq,0.1856,0.1413,-0.0443,-0.0897,-0.0023,780.0,547.0,0.0,ACRESCENTA
qwen05b-ft-genia,decl-10-decoder-05b-genia,E27,verdict,avaliação,k=3-4,,,sonda_ocultos,aggseq,0.1233,0.1236,0.0003,-0.0252,0.0249,1797.0,901.0,0.0,NÃO ACRESCENTA (IC contém zero)
qwen05b-ft-genia,decl-10-decoder-05b-genia,E27,verdict,avaliação,k>=5,,,sonda_ocultos,aggseq,0.1582,0.1708,0.0126,-0.0149,0.0392,1231.0,777.0,0.0,NÃO ACRESCENTA (IC contém zero)
qwen05b-ft-genia,decl-10-decoder-05b-genia,E27,verdict,avaliação,aninhado,,,sonda_ocultos,aggseq,0.3958,0.4066,0.0108,-0.0484,0.073,441.0,332.0,0.0,NÃO ACRESCENTA (IC contém zero)
qwen05b-ft-genia,decl-10-decoder-05b-genia,E27,verdict,avaliação,plano,,,sonda_ocultos,aggseq,0.1204,0.112,-0.0084,-0.0248,0.0076,3536.0,1276.0,0.0,NÃO ACRESCENTA (IC contém zero)
qwen05b-ft-genia,decl-10-decoder-05b-genia,E29,verdict,avaliação,todos,,,sonda_atencao_cabecas,model_confidence,0.1533,0.1652,0.0119,-0.0055,0.0284,3977.0,1291.0,0.0,NÃO ACRESCENTA (IC contém zero)
qwen05b-ft-genia,decl-10-decoder-05b-genia,E29,verdict,avaliação,k=1,,,sonda_atencao_cabecas,model_confidence,0.32,0.2766,-0.0434,-0.1337,0.0559,169.0,143.0,0.0,NÃO ACRESCENTA (IC contém zero)
qwen05b-ft-genia,decl-10-decoder-05b-genia,E29,verdict,avaliação,k=2,,,sonda_atencao_cabecas,model_confidence,0.1645,0.1724,0.0079,-0.0284,0.0431,780.0,547.0,0.0,NÃO ACRESCENTA (IC contém zero)
qwen05b-ft-genia,decl-10-decoder-05b-genia,E29,verdict,avaliação,k=3-4,,,sonda_atencao_cabecas,model_confidence,0.1304,0.1295,-0.0009,-0.0218,0.0191,1797.0,901.0,0.0,NÃO ACRESCENTA (IC contém zero)
qwen05b-ft-genia,decl-10-decoder-05b-genia,E29,verdict,avaliação,k>=5,,,sonda_atencao_cabecas,model_confidence,0.168,0.205,0.037,0.0062,0.0674,1231.0,777.0,0.0,PIOR que a base
qwen05b-ft-genia,decl-10-decoder-05b-genia,E29,verdict,avaliação,aninhado,,,sonda_atencao_cabecas,model_confidence,0.4395,0.411,-0.0286,-0.0887,0.0311,441.0,332.0,0.0,NÃO ACRESCENTA (IC contém zero)
qwen05b-ft-genia,decl-10-decoder-05b-genia,E29,verdict,avaliação,plano,,,sonda_atencao_cabecas,model_confidence,0.123,0.1397,0.0167,-0.0004,0.0337,3536.0,1276.0,0.0,NÃO ACRESCENTA (IC contém zero)
qwen05b-ft-genia,decl-10-decoder-05b-genia,E31,verdict,avaliação,todos,,,sonda_atencao_cabecas,aggseq,0.1467,0.1652,0.0185,0.0006,0.0361,3977.0,1291.0,0.0,PIOR que a base
qwen05b-ft-genia,decl-10-decoder-05b-genia,E31,verdict,avaliação,k=1,,,sonda_atencao_cabecas,aggseq,0.1693,0.2766,0.1073,0.0352,0.18,169.0,143.0,0.0,PIOR que a base
qwen05b-ft-genia,decl-10-decoder-05b-genia,E31,verdict,avaliação,k=2,,,sonda_atencao_cabecas,aggseq,0.1856,0.1724,-0.0133,-0.0595,0.0321,780.0,547.0,0.0,NÃO ACRESCENTA (IC contém zero)
qwen05b-ft-genia,decl-10-decoder-05b-genia,E31,verdict,avaliação,k=3-4,,,sonda_atencao_cabecas,aggseq,0.1233,0.1295,0.0062,-0.0199,0.0306,1797.0,901.0,0.0,NÃO ACRESCENTA (IC contém zero)
qwen05b-ft-genia,decl-10-decoder-05b-genia,E31,verdict,avaliação,k>=5,,,sonda_atencao_cabecas,aggseq,0.1582,0.205,0.0468,0.0158,0.077,1231.0,777.0,0.0,PIOR que a base
qwen05b-ft-genia,decl-10-decoder-05b-genia,E31,verdict,avaliação,aninhado,,,sonda_atencao_cabecas,aggseq,0.3958,0.411,0.0152,-0.0484,0.0785,441.0,332.0,0.0,NÃO ACRESCENTA (IC contém zero)
qwen05b-ft-genia,decl-10-decoder-05b-genia,E31,verdict,avaliação,plano,,,sonda_atencao_cabecas,aggseq,0.1204,0.1397,0.0193,-0.0002,0.0382,3536.0,1276.0,0.0,NÃO ACRESCENTA (IC contém zero)
qwen05b-ft-genia,decl-10-decoder-05b-genia,escores,descriptive,avaliação,todos,aurc_acaso,0.2434,,,,,,,,,,,
qwen05b-ft-genia,decl-10-decoder-05b-genia,escores,descriptive,avaliação,todos,aurc_span_size,0.2477,,,,,,,,,,,NÃO melhor que o acaso
qwen05b-ft-genia,decl-10-decoder-05b-genia,escores,descriptive,avaliação,todos,aurc_geometric_fraction,0.2546,,,,,,,,,,,NÃO melhor que o acaso
qwen05b-ft-genia,decl-10-decoder-05b-genia,escores,descriptive,avaliação,todos,aurc_sentence_length,0.2466,,,,,,,,,,,NÃO melhor que o acaso
qwen05b-ft-genia,decl-10-decoder-05b-genia,escores,descriptive,avaliação,todos,aurc_row_entropy_causal,0.2325,,,,,,,,,,,melhor que o acaso
qwen05b-ft-genia,decl-10-decoder-05b-genia,escores,descriptive,avaliação,todos,aurc_row_max_causal,0.2776,,,,,,,,,,,NÃO melhor que o acaso
qwen05b-ft-genia,decl-10-decoder-05b-genia,escores,descriptive,avaliação,todos,aurc_hidden_norm,0.2977,,,,,,,,,,,NÃO melhor que o acaso
qwen05b-ft-genia,decl-10-decoder-05b-genia,escores,descriptive,avaliação,todos,aurc_hidden_dist_centroide,0.2594,,,,,,,,,,,NÃO melhor que o acaso
qwen05b-ft-genia,decl-10-decoder-05b-genia,escores,descriptive,avaliação,todos,aurc_hidden_delta_camadas,0.2907,,,,,,,,,,,NÃO melhor que o acaso
qwen05b-ft-genia,decl-10-decoder-05b-genia,escores,descriptive,avaliação,todos,aurc_sonda_ocultos,0.1433,,,,,,,,,,,melhor que o acaso
qwen05b-ft-genia,decl-10-decoder-05b-genia,escores,descriptive,avaliação,todos,aurc_sonda_atencao_cabecas,0.1652,,,,,,,,,,,melhor que o acaso
qwen05b-ft-genia,decl-10-decoder-05b-genia,escores,descriptive,avaliação,todos,aurc_span_mass,0.2517,,,,,,,,,,,NÃO melhor que o acaso
qwen05b-ft-genia,decl-10-decoder-05b-genia,escores,descriptive,avaliação,todos,aurc_model_confidence,0.1533,,,,,,,,,,,melhor que o acaso
qwen05b-ft-genia,decl-10-decoder-05b-genia,controle,descriptive,teste inteiro,todos,corr_span_size_vs_comprimento,0.0677,,,,,,,,,,,
qwen05b-ft-genia,decl-10-decoder-05b-genia,controle,descriptive,teste inteiro,todos,corr_geometric_fraction_vs_comprimento,-0.3125,,,,,,,,,,,
qwen05b-ft-genia,decl-10-decoder-05b-genia,controle,descriptive,teste inteiro,todos,corr_sentence_length_vs_comprimento,1.0,,,,,,,,,,,
qwen05b-ft-genia,decl-10-decoder-05b-genia,controle,descriptive,teste inteiro,todos,corr_row_entropy_causal_vs_comprimento,0.4278,,,,,,,,,,,
qwen05b-ft-genia,decl-10-decoder-05b-genia,controle,descriptive,teste inteiro,todos,corr_row_max_causal_vs_comprimento,-0.3493,,,,,,,,,,,
qwen05b-ft-genia,decl-10-decoder-05b-genia,controle,descriptive,teste inteiro,todos,corr_hidden_norm_vs_comprimento,-0.1198,,,,,,,,,,,
qwen05b-ft-genia,decl-10-decoder-05b-genia,controle,descriptive,teste inteiro,todos,corr_hidden_dist_centroide_vs_comprimento,-0.0055,,,,,,,,,,,
qwen05b-ft-genia,decl-10-decoder-05b-genia,controle,descriptive,teste inteiro,todos,corr_hidden_delta_camadas_vs_comprimento,-0.1483,,,,,,,,,,,
qwen05b-ft-genia,decl-10-decoder-05b-genia,controle,descriptive,teste inteiro,todos,corr_sonda_ocultos_vs_comprimento,0.0477,,,,,,,,,,,
qwen05b-ft-genia,decl-10-decoder-05b-genia,controle,descriptive,teste inteiro,todos,corr_sonda_atencao_cabecas_vs_comprimento,0.0725,,,,,,,,,,,
qwen05b-ft-genia,decl-10-decoder-05b-genia,controle,descriptive,teste inteiro,todos,corr_span_mass_vs_comprimento,-0.3339,,,,,,,,,,,
qwen05b-ft-genia,decl-10-decoder-05b-genia,controle,descriptive,teste inteiro,todos,corr_model_confidence_vs_comprimento,-0.1616,,,,,,,,,,,
qwen05b-ft-genia,adenda-01,AD1-A-sonda_ocultos,verdict,avaliação,todos,,,sonda_ocultos,base_treinada,0.1959,0.1433,-0.0525,-0.071,-0.0336,3977.0,1291.0,0.0,ACRESCENTA
qwen05b-ft-genia,adenda-01,AD1-A-sonda_ocultos,verdict,avaliação,k=1,,,sonda_ocultos,base_treinada,0.2802,0.2501,-0.0301,-0.128,0.0556,169.0,143.0,0.0,NÃO ACRESCENTA (IC contém zero)
qwen05b-ft-genia,adenda-01,AD1-A-sonda_ocultos,verdict,avaliação,k=2,,,sonda_ocultos,base_treinada,0.1866,0.1413,-0.0453,-0.0834,-0.0102,780.0,547.0,0.0,ACRESCENTA
qwen05b-ft-genia,adenda-01,AD1-A-sonda_ocultos,verdict,avaliação,k=3-4,,,sonda_ocultos,base_treinada,0.1563,0.1236,-0.0327,-0.0572,-0.0067,1797.0,901.0,0.0,ACRESCENTA
qwen05b-ft-genia,adenda-01,AD1-A-sonda_ocultos,verdict,avaliação,k>=5,,,sonda_ocultos,base_treinada,0.2592,0.1708,-0.0884,-0.1229,-0.0536,1231.0,777.0,0.0,ACRESCENTA
qwen05b-ft-genia,adenda-01,AD1-A-sonda_ocultos,verdict,avaliação,aninhado,,,sonda_ocultos,base_treinada,0.4437,0.4066,-0.0371,-0.1043,0.0287,441.0,332.0,0.0,NÃO ACRESCENTA (IC contém zero)
qwen05b-ft-genia,adenda-01,AD1-A-sonda_ocultos,verdict,avaliação,plano,,,sonda_ocultos,base_treinada,0.1657,0.112,-0.0537,-0.0739,-0.0354,3536.0,1276.0,0.0,ACRESCENTA
qwen05b-ft-genia,adenda-01,AD1-A-sonda_atencao_cabecas,verdict,avaliação,todos,,,sonda_atencao_cabecas,base_treinada,0.1959,0.1652,-0.0306,-0.049,-0.0119,3977.0,1291.0,0.0,ACRESCENTA
qwen05b-ft-genia,adenda-01,AD1-A-sonda_atencao_cabecas,verdict,avaliação,k=1,,,sonda_atencao_cabecas,base_treinada,0.2802,0.2766,-0.0036,-0.0763,0.0641,169.0,143.0,0.0,NÃO ACRESCENTA (IC contém zero)
qwen05b-ft-genia,adenda-01,AD1-A-sonda_atencao_cabecas,verdict,avaliação,k=2,,,sonda_atencao_cabecas,base_treinada,0.1866,0.1724,-0.0142,-0.0524,0.0236,780.0,547.0,0.0,NÃO ACRESCENTA (IC contém zero)
qwen05b-ft-genia,adenda-01,AD1-A-sonda_atencao_cabecas,verdict,avaliação,k=3-4,,,sonda_atencao_cabecas,base_treinada,0.1563,0.1295,-0.0268,-0.0503,-0.0033,1797.0,901.0,0.0,ACRESCENTA
qwen05b-ft-genia,adenda-01,AD1-A-sonda_atencao_cabecas,verdict,avaliação,k>=5,,,sonda_atencao_cabecas,base_treinada,0.2592,0.205,-0.0542,-0.0909,-0.0167,1231.0,777.0,0.0,ACRESCENTA
qwen05b-ft-genia,adenda-01,AD1-A-sonda_atencao_cabecas,verdict,avaliação,aninhado,,,sonda_atencao_cabecas,base_treinada,0.4437,0.411,-0.0327,-0.094,0.0253,441.0,332.0,0.0,NÃO ACRESCENTA (IC contém zero)
qwen05b-ft-genia,adenda-01,AD1-A-sonda_atencao_cabecas,verdict,avaliação,plano,,,sonda_atencao_cabecas,base_treinada,0.1657,0.1397,-0.026,-0.0465,-0.0061,3536.0,1276.0,0.0,ACRESCENTA
qwen05b-ft-genia,adenda-01,AD1-A-sonda_ocultos_ajustada,verdict,avaliação,todos,,,sonda_ocultos_ajustada,base_treinada_ajustada,0.1965,0.1231,-0.0734,-0.091,-0.0552,3977.0,1291.0,0.0,ACRESCENTA
qwen05b-ft-genia,adenda-01,AD1-A-sonda_ocultos_ajustada,verdict,avaliação,k=1,,,sonda_ocultos_ajustada,base_treinada_ajustada,0.28,0.1912,-0.0887,-0.1722,-0.0073,169.0,143.0,0.0,ACRESCENTA
qwen05b-ft-genia,adenda-01,AD1-A-sonda_ocultos_ajustada,verdict,avaliação,k=2,,,sonda_ocultos_ajustada,base_treinada_ajustada,0.1883,0.1214,-0.067,-0.1039,-0.0311,780.0,547.0,0.0,ACRESCENTA
qwen05b-ft-genia,adenda-01,AD1-A-sonda_ocultos_ajustada,verdict,avaliação,k=3-4,,,sonda_ocultos_ajustada,base_treinada_ajustada,0.1566,0.1049,-0.0518,-0.0748,-0.0281,1797.0,901.0,0.0,ACRESCENTA
qwen05b-ft-genia,adenda-01,AD1-A-sonda_ocultos_ajustada,verdict,avaliação,k>=5,,,sonda_ocultos_ajustada,base_treinada_ajustada,0.2598,0.1574,-0.1024,-0.1382,-0.0684,1231.0,777.0,0.0,ACRESCENTA
qwen05b-ft-genia,adenda-01,AD1-A-sonda_ocultos_ajustada,verdict,avaliação,aninhado,,,sonda_ocultos_ajustada,base_treinada_ajustada,0.4454,0.3713,-0.0741,-0.1394,-0.0139,441.0,332.0,0.0,ACRESCENTA
qwen05b-ft-genia,adenda-01,AD1-A-sonda_ocultos_ajustada,verdict,avaliação,plano,,,sonda_ocultos_ajustada,base_treinada_ajustada,0.1661,0.0948,-0.0713,-0.0908,-0.0534,3536.0,1276.0,0.0,ACRESCENTA
qwen05b-ft-genia,adenda-01,AD1-A-sonda_atencao_cabecas_ajustada,verdict,avaliação,todos,,,sonda_atencao_cabecas_ajustada,base_treinada_ajustada,0.1965,0.138,-0.0585,-0.0753,-0.0414,3977.0,1291.0,0.0,ACRESCENTA
qwen05b-ft-genia,adenda-01,AD1-A-sonda_atencao_cabecas_ajustada,verdict,avaliação,k=1,,,sonda_atencao_cabecas_ajustada,base_treinada_ajustada,0.28,0.2466,-0.0334,-0.0986,0.0294,169.0,143.0,0.0,NÃO ACRESCENTA (IC contém zero)
qwen05b-ft-genia,adenda-01,AD1-A-sonda_atencao_cabecas_ajustada,verdict,avaliação,k=2,,,sonda_atencao_cabecas_ajustada,base_treinada_ajustada,0.1883,0.1374,-0.0509,-0.0868,-0.014,780.0,547.0,0.0,ACRESCENTA
qwen05b-ft-genia,adenda-01,AD1-A-sonda_atencao_cabecas_ajustada,verdict,avaliação,k=3-4,,,sonda_atencao_cabecas_ajustada,base_treinada_ajustada,0.1566,0.1081,-0.0485,-0.0714,-0.0266,1797.0,901.0,0.0,ACRESCENTA
qwen05b-ft-genia,adenda-01,AD1-A-sonda_atencao_cabecas_ajustada,verdict,avaliação,k>=5,,,sonda_atencao_cabecas_ajustada,base_treinada_ajustada,0.2598,0.1846,-0.0752,-0.1108,-0.0385,1231.0,777.0,0.0,ACRESCENTA
qwen05b-ft-genia,adenda-01,AD1-A-sonda_atencao_cabecas_ajustada,verdict,avaliação,aninhado,,,sonda_atencao_cabecas_ajustada,base_treinada_ajustada,0.4454,0.3562,-0.0892,-0.1418,-0.0379,441.0,332.0,0.0,ACRESCENTA
qwen05b-ft-genia,adenda-01,AD1-A-sonda_atencao_cabecas_ajustada,verdict,avaliação,plano,,,sonda_atencao_cabecas_ajustada,base_treinada_ajustada,0.1661,0.1143,-0.0518,-0.0707,-0.034,3536.0,1276.0,0.0,ACRESCENTA
qwen05b-ft-genia,adenda-01,escores,descriptive,avaliação,todos,aurc_acaso,0.2434,,,,,,,,,,,
qwen05b-ft-genia,adenda-01,escores,descriptive,avaliação,todos,aurc_span_size,0.2477,,,,,,,,,,,NÃO melhor que o acaso
qwen05b-ft-genia,adenda-01,escores,descriptive,avaliação,todos,aurc_geometric_fraction,0.2546,,,,,,,,,,,NÃO melhor que o acaso
qwen05b-ft-genia,adenda-01,escores,descriptive,avaliação,todos,aurc_sentence_length,0.2466,,,,,,,,,,,NÃO melhor que o acaso
qwen05b-ft-genia,adenda-01,escores,descriptive,avaliação,todos,aurc_row_entropy_causal,0.2325,,,,,,,,,,,melhor que o acaso
qwen05b-ft-genia,adenda-01,escores,descriptive,avaliação,todos,aurc_row_max_causal,0.2776,,,,,,,,,,,NÃO melhor que o acaso
qwen05b-ft-genia,adenda-01,escores,descriptive,avaliação,todos,aurc_hidden_norm,0.2977,,,,,,,,,,,NÃO melhor que o acaso
qwen05b-ft-genia,adenda-01,escores,descriptive,avaliação,todos,aurc_hidden_dist_centroide,0.2594,,,,,,,,,,,NÃO melhor que o acaso
qwen05b-ft-genia,adenda-01,escores,descriptive,avaliação,todos,aurc_hidden_delta_camadas,0.2907,,,,,,,,,,,NÃO melhor que o acaso
qwen05b-ft-genia,adenda-01,escores,descriptive,avaliação,todos,aurc_sonda_ocultos,0.1433,,,,,,,,,,,melhor que o acaso
qwen05b-ft-genia,adenda-01,escores,descriptive,avaliação,todos,aurc_sonda_atencao_cabecas,0.1652,,,,,,,,,,,melhor que o acaso
qwen05b-ft-genia,adenda-01,escores,descriptive,avaliação,todos,aurc_span_mass,0.2517,,,,,,,,,,,NÃO melhor que o acaso
qwen05b-ft-genia,adenda-01,escores,descriptive,avaliação,todos,aurc_model_confidence,0.1533,,,,,,,,,,,melhor que o acaso
qwen05b-ft-genia,adenda-01,controle,descriptive,teste inteiro,todos,corr_span_size_vs_comprimento,0.0677,,,,,,,,,,,
qwen05b-ft-genia,adenda-01,controle,descriptive,teste inteiro,todos,corr_geometric_fraction_vs_comprimento,-0.3125,,,,,,,,,,,
qwen05b-ft-genia,adenda-01,controle,descriptive,teste inteiro,todos,corr_sentence_length_vs_comprimento,1.0,,,,,,,,,,,
qwen05b-ft-genia,adenda-01,controle,descriptive,teste inteiro,todos,corr_row_entropy_causal_vs_comprimento,0.4278,,,,,,,,,,,
qwen05b-ft-genia,adenda-01,controle,descriptive,teste inteiro,todos,corr_row_max_causal_vs_comprimento,-0.3493,,,,,,,,,,,
qwen05b-ft-genia,adenda-01,controle,descriptive,teste inteiro,todos,corr_hidden_norm_vs_comprimento,-0.1198,,,,,,,,,,,
qwen05b-ft-genia,adenda-01,controle,descriptive,teste inteiro,todos,corr_hidden_dist_centroide_vs_comprimento,-0.0055,,,,,,,,,,,
qwen05b-ft-genia,adenda-01,controle,descriptive,teste inteiro,todos,corr_hidden_delta_camadas_vs_comprimento,-0.1483,,,,,,,,,,,
qwen05b-ft-genia,adenda-01,controle,descriptive,teste inteiro,todos,corr_sonda_ocultos_vs_comprimento,0.0477,,,,,,,,,,,
qwen05b-ft-genia,adenda-01,controle,descriptive,teste inteiro,todos,corr_sonda_atencao_cabecas_vs_comprimento,0.0725,,,,,,,,,,,
qwen05b-ft-genia,adenda-01,controle,descriptive,teste inteiro,todos,corr_span_mass_vs_comprimento,-0.3339,,,,,,,,,,,
qwen05b-ft-genia,adenda-01,controle,descriptive,teste inteiro,todos,corr_model_confidence_vs_comprimento,-0.1616,,,,,,,,,,,
qwen05b-ft-conll2003,decl-11-decoder-05b-conll,D1,descriptive,teste inteiro,todos,R2_massa_vs_fracao_geometrica,0.8501,,,,,,,,,,,
qwen05b-ft-conll2003,decl-11-decoder-05b-conll,D1,descriptive,teste inteiro,todos,mediana_observado_sobre_esperado,0.5349,,,,,,,,,,,
qwen05b-ft-conll2003,decl-11-decoder-05b-conll,D1,descriptive,teste inteiro,todos,n_entidades,6324.0,,,,,,,,,,,
qwen05b-ft-conll2003,decl-11-decoder-05b-conll,D1,descriptive,teste inteiro,k=1,R2_massa_vs_fracao_geometrica,0.5756,,,,,,,,,,,
qwen05b-ft-conll2003,decl-11-decoder-05b-conll,D1,descriptive,teste inteiro,k=1,mediana_observado_sobre_esperado,0.8095,,,,,,,,,,,
qwen05b-ft-conll2003,decl-11-decoder-05b-conll,D1,descriptive,teste inteiro,k=1,n_entidades,2190.0,,,,,,,,,,,
qwen05b-ft-conll2003,decl-11-decoder-05b-conll,D1,descriptive,teste inteiro,k=2,R2_massa_vs_fracao_geometrica,0.7778,,,,,,,,,,,
qwen05b-ft-conll2003,decl-11-decoder-05b-conll,D1,descriptive,teste inteiro,k=2,mediana_observado_sobre_esperado,0.5118,,,,,,,,,,,
qwen05b-ft-conll2003,decl-11-decoder-05b-conll,D1,descriptive,teste inteiro,k=2,n_entidades,1562.0,,,,,,,,,,,
qwen05b-ft-conll2003,decl-11-decoder-05b-conll,D1,descriptive,teste inteiro,k=3-4,R2_massa_vs_fracao_geometrica,0.8502,,,,,,,,,,,
qwen05b-ft-conll2003,decl-11-decoder-05b-conll,D1,descriptive,teste inteiro,k=3-4,mediana_observado_sobre_esperado,0.4157,,,,,,,,,,,
qwen05b-ft-conll2003,decl-11-decoder-05b-conll,D1,descriptive,teste inteiro,k=3-4,n_entidades,1907.0,,,,,,,,,,,
qwen05b-ft-conll2003,decl-11-decoder-05b-conll,D1,descriptive,teste inteiro,k>=5,R2_massa_vs_fracao_geometrica,0.8713,,,,,,,,,,,
qwen05b-ft-conll2003,decl-11-decoder-05b-conll,D1,descriptive,teste inteiro,k>=5,mediana_observado_sobre_esperado,0.3789,,,,,,,,,,,
qwen05b-ft-conll2003,decl-11-decoder-05b-conll,D1,descriptive,teste inteiro,k>=5,n_entidades,665.0,,,,,,,,,,,
qwen05b-ft-conll2003,decl-11-decoder-05b-conll,D2,descriptive,teste inteiro,todos,R2_massa_vs_fracao_geometrica,0.8501,,,,,,,,,,,
qwen05b-ft-conll2003,decl-11-decoder-05b-conll,D2,descriptive,teste inteiro,todos,mediana_observado_sobre_esperado,0.5349,,,,,,,,,,,
qwen05b-ft-conll2003,decl-11-decoder-05b-conll,D2,descriptive,teste inteiro,todos,n_entidades,6324.0,,,,,,,,,,,
qwen05b-ft-conll2003,decl-11-decoder-05b-conll,D2,descriptive,teste inteiro,k=1,R2_massa_vs_fracao_geometrica,0.5756,,,,,,,,,,,
qwen05b-ft-conll2003,decl-11-decoder-05b-conll,D2,descriptive,teste inteiro,k=1,mediana_observado_sobre_esperado,0.8095,,,,,,,,,,,
qwen05b-ft-conll2003,decl-11-decoder-05b-conll,D2,descriptive,teste inteiro,k=1,n_entidades,2190.0,,,,,,,,,,,
qwen05b-ft-conll2003,decl-11-decoder-05b-conll,D2,descriptive,teste inteiro,k=2,R2_massa_vs_fracao_geometrica,0.7778,,,,,,,,,,,
qwen05b-ft-conll2003,decl-11-decoder-05b-conll,D2,descriptive,teste inteiro,k=2,mediana_observado_sobre_esperado,0.5118,,,,,,,,,,,
qwen05b-ft-conll2003,decl-11-decoder-05b-conll,D2,descriptive,teste inteiro,k=2,n_entidades,1562.0,,,,,,,,,,,
qwen05b-ft-conll2003,decl-11-decoder-05b-conll,D2,descriptive,teste inteiro,k=3-4,R2_massa_vs_fracao_geometrica,0.8502,,,,,,,,,,,
qwen05b-ft-conll2003,decl-11-decoder-05b-conll,D2,descriptive,teste inteiro,k=3-4,mediana_observado_sobre_esperado,0.4157,,,,,,,,,,,
qwen05b-ft-conll2003,decl-11-decoder-05b-conll,D2,descriptive,teste inteiro,k=3-4,n_entidades,1907.0,,,,,,,,,,,
qwen05b-ft-conll2003,decl-11-decoder-05b-conll,D2,descriptive,teste inteiro,k>=5,R2_massa_vs_fracao_geometrica,0.8713,,,,,,,,,,,
qwen05b-ft-conll2003,decl-11-decoder-05b-conll,D2,descriptive,teste inteiro,k>=5,mediana_observado_sobre_esperado,0.3789,,,,,,,,,,,
qwen05b-ft-conll2003,decl-11-decoder-05b-conll,D2,descriptive,teste inteiro,k>=5,n_entidades,665.0,,,,,,,,,,,
qwen05b-ft-conll2003,decl-11-decoder-05b-conll,C2,verdict,avaliação,todos,,,span_mass,geometric_fraction,0.1395,0.1646,0.0251,0.0196,0.0311,4399.0,2381.0,0.0,PIOR que a base
qwen05b-ft-conll2003,decl-11-decoder-05b-conll,C2,verdict,avaliação,k=1,,,span_mass,geometric_fraction,0.1104,0.1776,0.0672,0.0541,0.0803,1531.0,1174.0,0.0,PIOR que a base
qwen05b-ft-conll2003,decl-11-decoder-05b-conll,C2,verdict,avaliação,k=2,,,span_mass,geometric_fraction,0.1575,0.1618,0.0042,-0.0052,0.0139,1073.0,850.0,0.0,NÃO ACRESCENTA (IC contém zero)
qwen05b-ft-conll2003,decl-11-decoder-05b-conll,C2,verdict,avaliação,k=3-4,,,span_mass,geometric_fraction,0.113,0.1134,0.0004,-0.0064,0.008,1310.0,1016.0,0.0,NÃO ACRESCENTA (IC contém zero)
qwen05b-ft-conll2003,decl-11-decoder-05b-conll,C2,verdict,avaliação,k>=5,,,span_mass,geometric_fraction,0.1589,0.1538,-0.0051,-0.0168,0.0066,485.0,427.0,0.0,NÃO ACRESCENTA (IC contém zero)
qwen05b-ft-conll2003,decl-11-decoder-05b-conll,C2,verdict,avaliação,aninhado,,,,,,,,,,63.0,,,NÃO AVALIADO (estrato pequeno ou de perda constante)
qwen05b-ft-conll2003,decl-11-decoder-05b-conll,C2,verdict,avaliação,plano,,,span_mass,geometric_fraction,0.1231,0.1483,0.0252,0.0198,0.0306,4336.0,2373.0,0.0,PIOR que a base
qwen05b-ft-conll2003,decl-11-decoder-05b-conll,C3,verdict,avaliação,todos,,,model_confidence+enrichment,model_confidence,0.0681,0.0681,0.0,0.0,0.0,4399.0,2381.0,0.0,NÃO ACRESCENTA (IC contém zero)
qwen05b-ft-conll2003,decl-11-decoder-05b-conll,C3,verdict,avaliação,k=1,,,model_confidence+enrichment,model_confidence,0.0656,0.0656,0.0,0.0,0.0,1531.0,1174.0,0.0,NÃO ACRESCENTA (IC contém zero)
qwen05b-ft-conll2003,decl-11-decoder-05b-conll,C3,verdict,avaliação,k=2,,,model_confidence+enrichment,model_confidence,0.0878,0.0878,0.0,0.0,0.0,1073.0,850.0,0.0,NÃO ACRESCENTA (IC contém zero)
qwen05b-ft-conll2003,decl-11-decoder-05b-conll,C3,verdict,avaliação,k=3-4,,,model_confidence+enrichment,model_confidence,0.055,0.055,0.0,0.0,0.0,1310.0,1016.0,0.0,NÃO ACRESCENTA (IC contém zero)
qwen05b-ft-conll2003,decl-11-decoder-05b-conll,C3,verdict,avaliação,k>=5,,,model_confidence+enrichment,model_confidence,0.0775,0.0775,0.0,0.0,0.0,485.0,427.0,0.0,NÃO ACRESCENTA (IC contém zero)
qwen05b-ft-conll2003,decl-11-decoder-05b-conll,C3,verdict,avaliação,aninhado,,,,,,,,,,63.0,,,NÃO AVALIADO (estrato pequeno ou de perda constante)
qwen05b-ft-conll2003,decl-11-decoder-05b-conll,C3,verdict,avaliação,plano,,,model_confidence+enrichment,model_confidence,0.058,0.058,0.0,0.0,0.0,4336.0,2373.0,0.0,NÃO ACRESCENTA (IC contém zero)
qwen05b-ft-conll2003,decl-11-decoder-05b-conll,S1,verdict,avaliação,todos,,,span_mass,model_confidence,0.0681,0.1646,0.0965,0.0813,0.1119,4399.0,2381.0,0.0,PIOR que a base
qwen05b-ft-conll2003,decl-11-decoder-05b-conll,S1,verdict,avaliação,k=1,,,span_mass,model_confidence,0.0656,0.1776,0.1121,0.0891,0.1362,1531.0,1174.0,0.0,PIOR que a base
qwen05b-ft-conll2003,decl-11-decoder-05b-conll,S1,verdict,avaliação,k=2,,,span_mass,model_confidence,0.0878,0.1618,0.074,0.0457,0.1018,1073.0,850.0,0.0,PIOR que a base
qwen05b-ft-conll2003,decl-11-decoder-05b-conll,S1,verdict,avaliação,k=3-4,,,span_mass,model_confidence,0.055,0.1134,0.0584,0.0381,0.0805,1310.0,1016.0,0.0,PIOR que a base
qwen05b-ft-conll2003,decl-11-decoder-05b-conll,S1,verdict,avaliação,k>=5,,,span_mass,model_confidence,0.0775,0.1538,0.0763,0.0375,0.1198,485.0,427.0,0.0,PIOR que a base
qwen05b-ft-conll2003,decl-11-decoder-05b-conll,S1,verdict,avaliação,aninhado,,,,,,,,,,63.0,,,NÃO AVALIADO (estrato pequeno ou de perda constante)
qwen05b-ft-conll2003,decl-11-decoder-05b-conll,S1,verdict,avaliação,plano,,,span_mass,model_confidence,0.058,0.1483,0.0903,0.076,0.1049,4336.0,2373.0,0.0,PIOR que a base
qwen05b-ft-conll2003,decl-11-decoder-05b-conll,S3,verdict,avaliação,todos,,,span_mass,aggseq,0.0656,0.1646,0.099,0.0838,0.1137,4399.0,2381.0,0.0,PIOR que a base
qwen05b-ft-conll2003,decl-11-decoder-05b-conll,S3,verdict,avaliação,k=1,,,span_mass,aggseq,0.0567,0.1776,0.1209,0.0992,0.1452,1531.0,1174.0,0.0,PIOR que a base
qwen05b-ft-conll2003,decl-11-decoder-05b-conll,S3,verdict,avaliação,k=2,,,span_mass,aggseq,0.0881,0.1618,0.0737,0.0457,0.1022,1073.0,850.0,0.0,PIOR que a base
qwen05b-ft-conll2003,decl-11-decoder-05b-conll,S3,verdict,avaliação,k=3-4,,,span_mass,aggseq,0.0529,0.1134,0.0605,0.0391,0.0815,1310.0,1016.0,0.0,PIOR que a base
qwen05b-ft-conll2003,decl-11-decoder-05b-conll,S3,verdict,avaliação,k>=5,,,span_mass,aggseq,0.0687,0.1538,0.0851,0.052,0.1237,485.0,427.0,0.0,PIOR que a base
qwen05b-ft-conll2003,decl-11-decoder-05b-conll,S3,verdict,avaliação,aninhado,,,,,,,,,,63.0,,,NÃO AVALIADO (estrato pequeno ou de perda constante)
qwen05b-ft-conll2003,decl-11-decoder-05b-conll,S3,verdict,avaliação,plano,,,span_mass,aggseq,0.0559,0.1483,0.0924,0.0784,0.1061,4336.0,2373.0,0.0,PIOR que a base
qwen05b-ft-conll2003,decl-11-decoder-05b-conll,S5,verdict,avaliação,todos,,,row_entropy_causal,model_confidence,0.0681,0.1364,0.0683,0.0543,0.0836,4399.0,2381.0,0.0,PIOR que a base
qwen05b-ft-conll2003,decl-11-decoder-05b-conll,S5,verdict,avaliação,k=1,,,row_entropy_causal,model_confidence,0.0656,0.1083,0.0427,0.0251,0.0612,1531.0,1174.0,0.0,PIOR que a base
qwen05b-ft-conll2003,decl-11-decoder-05b-conll,S5,verdict,avaliação,k=2,,,row_entropy_causal,model_confidence,0.0878,0.1648,0.077,0.0494,0.1043,1073.0,850.0,0.0,PIOR que a base
qwen05b-ft-conll2003,decl-11-decoder-05b-conll,S5,verdict,avaliação,k=3-4,,,row_entropy_causal,model_confidence,0.055,0.1235,0.0685,0.0469,0.0919,1310.0,1016.0,0.0,PIOR que a base
qwen05b-ft-conll2003,decl-11-decoder-05b-conll,S5,verdict,avaliação,k>=5,,,row_entropy_causal,model_confidence,0.0775,0.2131,0.1355,0.0865,0.1924,485.0,427.0,0.0,PIOR que a base
qwen05b-ft-conll2003,decl-11-decoder-05b-conll,S5,verdict,avaliação,aninhado,,,,,,,,,,63.0,,,NÃO AVALIADO (estrato pequeno ou de perda constante)
qwen05b-ft-conll2003,decl-11-decoder-05b-conll,S5,verdict,avaliação,plano,,,row_entropy_causal,model_confidence,0.058,0.1202,0.0622,0.0494,0.0753,4336.0,2373.0,0.0,PIOR que a base
qwen05b-ft-conll2003,decl-11-decoder-05b-conll,S7,verdict,avaliação,todos,,,row_entropy_causal,aggseq,0.0656,0.1364,0.0708,0.0567,0.0856,4399.0,2381.0,0.0,PIOR que a base
qwen05b-ft-conll2003,decl-11-decoder-05b-conll,S7,verdict,avaliação,k=1,,,row_entropy_causal,aggseq,0.0567,0.1083,0.0516,0.035,0.069,1531.0,1174.0,0.0,PIOR que a base
qwen05b-ft-conll2003,decl-11-decoder-05b-conll,S7,verdict,avaliação,k=2,,,row_entropy_causal,aggseq,0.0881,0.1648,0.0767,0.0502,0.1044,1073.0,850.0,0.0,PIOR que a base
qwen05b-ft-conll2003,decl-11-decoder-05b-conll,S7,verdict,avaliação,k=3-4,,,row_entropy_causal,aggseq,0.0529,0.1235,0.0706,0.0476,0.0938,1310.0,1016.0,0.0,PIOR que a base
qwen05b-ft-conll2003,decl-11-decoder-05b-conll,S7,verdict,avaliação,k>=5,,,row_entropy_causal,aggseq,0.0687,0.2131,0.1443,0.0998,0.1962,485.0,427.0,0.0,PIOR que a base
qwen05b-ft-conll2003,decl-11-decoder-05b-conll,S7,verdict,avaliação,aninhado,,,,,,,,,,63.0,,,NÃO AVALIADO (estrato pequeno ou de perda constante)
qwen05b-ft-conll2003,decl-11-decoder-05b-conll,S7,verdict,avaliação,plano,,,row_entropy_causal,aggseq,0.0559,0.1202,0.0643,0.0519,0.0773,4336.0,2373.0,0.0,PIOR que a base
qwen05b-ft-conll2003,decl-11-decoder-05b-conll,S9,verdict,avaliação,todos,,,row_max_causal,model_confidence,0.0681,0.146,0.0779,0.0622,0.0938,4399.0,2381.0,0.0,PIOR que a base
qwen05b-ft-conll2003,decl-11-decoder-05b-conll,S9,verdict,avaliação,k=1,,,row_max_causal,model_confidence,0.0656,0.1049,0.0394,0.0212,0.0595,1531.0,1174.0,0.0,PIOR que a base
qwen05b-ft-conll2003,decl-11-decoder-05b-conll,S9,verdict,avaliação,k=2,,,row_max_causal,model_confidence,0.0878,0.1767,0.0888,0.0577,0.1193,1073.0,850.0,0.0,PIOR que a base
qwen05b-ft-conll2003,decl-11-decoder-05b-conll,S9,verdict,avaliação,k=3-4,,,row_max_causal,model_confidence,0.055,0.1328,0.0778,0.0546,0.1026,1310.0,1016.0,0.0,PIOR que a base
qwen05b-ft-conll2003,decl-11-decoder-05b-conll,S9,verdict,avaliação,k>=5,,,row_max_causal,model_confidence,0.0775,0.2619,0.1844,0.1259,0.2425,485.0,427.0,0.0,PIOR que a base
qwen05b-ft-conll2003,decl-11-decoder-05b-conll,S9,verdict,avaliação,aninhado,,,,,,,,,,63.0,,,NÃO AVALIADO (estrato pequeno ou de perda constante)
qwen05b-ft-conll2003,decl-11-decoder-05b-conll,S9,verdict,avaliação,plano,,,row_max_causal,model_confidence,0.058,0.127,0.069,0.0554,0.0833,4336.0,2373.0,0.0,PIOR que a base
qwen05b-ft-conll2003,decl-11-decoder-05b-conll,S11,verdict,avaliação,todos,,,row_max_causal,aggseq,0.0656,0.146,0.0804,0.0652,0.0959,4399.0,2381.0,0.0,PIOR que a base
qwen05b-ft-conll2003,decl-11-decoder-05b-conll,S11,verdict,avaliação,k=1,,,row_max_causal,aggseq,0.0567,0.1049,0.0483,0.0333,0.065,1531.0,1174.0,0.0,PIOR que a base
qwen05b-ft-conll2003,decl-11-decoder-05b-conll,S11,verdict,avaliação,k=2,,,row_max_causal,aggseq,0.0881,0.1767,0.0886,0.0598,0.119,1073.0,850.0,0.0,PIOR que a base
qwen05b-ft-conll2003,decl-11-decoder-05b-conll,S11,verdict,avaliação,k=3-4,,,row_max_causal,aggseq,0.0529,0.1328,0.0799,0.0552,0.1066,1310.0,1016.0,0.0,PIOR que a base
qwen05b-ft-conll2003,decl-11-decoder-05b-conll,S11,verdict,avaliação,k>=5,,,row_max_causal,aggseq,0.0687,0.2619,0.1932,0.1405,0.2465,485.0,427.0,0.0,PIOR que a base
qwen05b-ft-conll2003,decl-11-decoder-05b-conll,S11,verdict,avaliação,aninhado,,,,,,,,,,63.0,,,NÃO AVALIADO (estrato pequeno ou de perda constante)
qwen05b-ft-conll2003,decl-11-decoder-05b-conll,S11,verdict,avaliação,plano,,,row_max_causal,aggseq,0.0559,0.127,0.0711,0.0579,0.0851,4336.0,2373.0,0.0,PIOR que a base
qwen05b-ft-conll2003,decl-11-decoder-05b-conll,S13,verdict,avaliação,todos,,,hidden_norm,model_confidence,0.0681,0.113,0.0449,0.0345,0.0559,4399.0,2381.0,0.0,PIOR que a base
qwen05b-ft-conll2003,decl-11-decoder-05b-conll,S13,verdict,avaliação,k=1,,,hidden_norm,model_confidence,0.0656,0.0934,0.0278,0.0143,0.0417,1531.0,1174.0,0.0,PIOR que a base
qwen05b-ft-conll2003,decl-11-decoder-05b-conll,S13,verdict,avaliação,k=2,,,hidden_norm,model_confidence,0.0878,0.1555,0.0677,0.0413,0.0954,1073.0,850.0,0.0,PIOR que a base
qwen05b-ft-conll2003,decl-11-decoder-05b-conll,S13,verdict,avaliação,k=3-4,,,hidden_norm,model_confidence,0.055,0.0808,0.0258,0.0091,0.0424,1310.0,1016.0,0.0,PIOR que a base
qwen05b-ft-conll2003,decl-11-decoder-05b-conll,S13,verdict,avaliação,k>=5,,,hidden_norm,model_confidence,0.0775,0.086,0.0085,-0.015,0.0329,485.0,427.0,0.0,NÃO ACRESCENTA (IC contém zero)
qwen05b-ft-conll2003,decl-11-decoder-05b-conll,S13,verdict,avaliação,aninhado,,,,,,,,,,63.0,,,NÃO AVALIADO (estrato pequeno ou de perda constante)
qwen05b-ft-conll2003,decl-11-decoder-05b-conll,S13,verdict,avaliação,plano,,,hidden_norm,model_confidence,0.058,0.1046,0.0466,0.0369,0.0575,4336.0,2373.0,0.0,PIOR que a base
qwen05b-ft-conll2003,decl-11-decoder-05b-conll,S15,verdict,avaliação,todos,,,hidden_norm,aggseq,0.0656,0.113,0.0474,0.0367,0.0594,4399.0,2381.0,0.0,PIOR que a base
qwen05b-ft-conll2003,decl-11-decoder-05b-conll,S15,verdict,avaliação,k=1,,,hidden_norm,aggseq,0.0567,0.0934,0.0367,0.0234,0.0517,1531.0,1174.0,0.0,PIOR que a base
qwen05b-ft-conll2003,decl-11-decoder-05b-conll,S15,verdict,avaliação,k=2,,,hidden_norm,aggseq,0.0881,0.1555,0.0674,0.0372,0.0974,1073.0,850.0,0.0,PIOR que a base
qwen05b-ft-conll2003,decl-11-decoder-05b-conll,S15,verdict,avaliação,k=3-4,,,hidden_norm,aggseq,0.0529,0.0808,0.0279,0.0072,0.0474,1310.0,1016.0,0.0,PIOR que a base
qwen05b-ft-conll2003,decl-11-decoder-05b-conll,S15,verdict,avaliação,k>=5,,,hidden_norm,aggseq,0.0687,0.086,0.0173,-0.0039,0.0396,485.0,427.0,0.0,NÃO ACRESCENTA (IC contém zero)
qwen05b-ft-conll2003,decl-11-decoder-05b-conll,S15,verdict,avaliação,aninhado,,,,,,,,,,63.0,,,NÃO AVALIADO (estrato pequeno ou de perda constante)
qwen05b-ft-conll2003,decl-11-decoder-05b-conll,S15,verdict,avaliação,plano,,,hidden_norm,aggseq,0.0559,0.1046,0.0487,0.0381,0.0597,4336.0,2373.0,0.0,PIOR que a base
qwen05b-ft-conll2003,decl-11-decoder-05b-conll,S17,verdict,avaliação,todos,,,hidden_dist_centroide,model_confidence,0.0681,0.2275,0.1594,0.1388,0.1816,4399.0,2381.0,0.0,PIOR que a base
qwen05b-ft-conll2003,decl-11-decoder-05b-conll,S17,verdict,avaliação,k=1,,,hidden_dist_centroide,model_confidence,0.0656,0.1139,0.0483,0.0284,0.0694,1531.0,1174.0,0.0,PIOR que a base
qwen05b-ft-conll2003,decl-11-decoder-05b-conll,S17,verdict,avaliação,k=2,,,hidden_dist_centroide,model_confidence,0.0878,0.2292,0.1414,0.1067,0.1783,1073.0,850.0,0.0,PIOR que a base
qwen05b-ft-conll2003,decl-11-decoder-05b-conll,S17,verdict,avaliação,k=3-4,,,hidden_dist_centroide,model_confidence,0.055,0.2267,0.1716,0.136,0.2072,1310.0,1016.0,0.0,PIOR que a base
qwen05b-ft-conll2003,decl-11-decoder-05b-conll,S17,verdict,avaliação,k>=5,,,hidden_dist_centroide,model_confidence,0.0775,0.4152,0.3376,0.2804,0.3925,485.0,427.0,0.0,PIOR que a base
qwen05b-ft-conll2003,decl-11-decoder-05b-conll,S17,verdict,avaliação,aninhado,,,,,,,,,,63.0,,,NÃO AVALIADO (estrato pequeno ou de perda constante)
qwen05b-ft-conll2003,decl-11-decoder-05b-conll,S17,verdict,avaliação,plano,,,hidden_dist_centroide,model_confidence,0.058,0.2128,0.1549,0.135,0.1752,4336.0,2373.0,0.0,PIOR que a base
qwen05b-ft-conll2003,decl-11-decoder-05b-conll,S19,verdict,avaliação,todos,,,hidden_dist_centroide,aggseq,0.0656,0.2275,0.1619,0.142,0.1829,4399.0,2381.0,0.0,PIOR que a base
qwen05b-ft-conll2003,decl-11-decoder-05b-conll,S19,verdict,avaliação,k=1,,,hidden_dist_centroide,aggseq,0.0567,0.1139,0.0572,0.0404,0.0761,1531.0,1174.0,0.0,PIOR que a base
qwen05b-ft-conll2003,decl-11-decoder-05b-conll,S19,verdict,avaliação,k=2,,,hidden_dist_centroide,aggseq,0.0881,0.2292,0.1411,0.1065,0.1792,1073.0,850.0,0.0,PIOR que a base
qwen05b-ft-conll2003,decl-11-decoder-05b-conll,S19,verdict,avaliação,k=3-4,,,hidden_dist_centroide,aggseq,0.0529,0.2267,0.1737,0.1367,0.2094,1310.0,1016.0,0.0,PIOR que a base
qwen05b-ft-conll2003,decl-11-decoder-05b-conll,S19,verdict,avaliação,k>=5,,,hidden_dist_centroide,aggseq,0.0687,0.4152,0.3464,0.2895,0.3993,485.0,427.0,0.0,PIOR que a base
qwen05b-ft-conll2003,decl-11-decoder-05b-conll,S19,verdict,avaliação,aninhado,,,,,,,,,,63.0,,,NÃO AVALIADO (estrato pequeno ou de perda constante)
qwen05b-ft-conll2003,decl-11-decoder-05b-conll,S19,verdict,avaliação,plano,,,hidden_dist_centroide,aggseq,0.0559,0.2128,0.1569,0.1367,0.177,4336.0,2373.0,0.0,PIOR que a base
qwen05b-ft-conll2003,decl-11-decoder-05b-conll,S21,verdict,avaliação,todos,,,hidden_delta_camadas,model_confidence,0.0681,0.1083,0.0402,0.0301,0.0507,4399.0,2381.0,0.0,PIOR que a base
qwen05b-ft-conll2003,decl-11-decoder-05b-conll,S21,verdict,avaliação,k=1,,,hidden_delta_camadas,model_confidence,0.0656,0.0952,0.0296,0.0152,0.045,1531.0,1174.0,0.0,PIOR que a base
qwen05b-ft-conll2003,decl-11-decoder-05b-conll,S21,verdict,avaliação,k=2,,,hidden_delta_camadas,model_confidence,0.0878,0.1459,0.0581,0.0338,0.0824,1073.0,850.0,0.0,PIOR que a base
qwen05b-ft-conll2003,decl-11-decoder-05b-conll,S21,verdict,avaliação,k=3-4,,,hidden_delta_camadas,model_confidence,0.055,0.0782,0.0232,0.0061,0.0401,1310.0,1016.0,0.0,PIOR que a base
qwen05b-ft-conll2003,decl-11-decoder-05b-conll,S21,verdict,avaliação,k>=5,,,hidden_delta_camadas,model_confidence,0.0775,0.0834,0.0059,-0.0181,0.0304,485.0,427.0,0.0,NÃO ACRESCENTA (IC contém zero)
qwen05b-ft-conll2003,decl-11-decoder-05b-conll,S21,verdict,avaliação,aninhado,,,,,,,,,,63.0,,,NÃO AVALIADO (estrato pequeno ou de perda constante)
qwen05b-ft-conll2003,decl-11-decoder-05b-conll,S21,verdict,avaliação,plano,,,hidden_delta_camadas,model_confidence,0.058,0.0993,0.0413,0.0316,0.0518,4336.0,2373.0,0.0,PIOR que a base
qwen05b-ft-conll2003,decl-11-decoder-05b-conll,S23,verdict,avaliação,todos,,,hidden_delta_camadas,aggseq,0.0656,0.1083,0.0427,0.0322,0.0543,4399.0,2381.0,0.0,PIOR que a base
qwen05b-ft-conll2003,decl-11-decoder-05b-conll,S23,verdict,avaliação,k=1,,,hidden_delta_camadas,aggseq,0.0567,0.0952,0.0385,0.0244,0.054,1531.0,1174.0,0.0,PIOR que a base
qwen05b-ft-conll2003,decl-11-decoder-05b-conll,S23,verdict,avaliação,k=2,,,hidden_delta_camadas,aggseq,0.0881,0.1459,0.0578,0.0303,0.0847,1073.0,850.0,0.0,PIOR que a base
qwen05b-ft-conll2003,decl-11-decoder-05b-conll,S23,verdict,avaliação,k=3-4,,,hidden_delta_camadas,aggseq,0.0529,0.0782,0.0253,0.005,0.045,1310.0,1016.0,0.0,PIOR que a base
qwen05b-ft-conll2003,decl-11-decoder-05b-conll,S23,verdict,avaliação,k>=5,,,hidden_delta_camadas,aggseq,0.0687,0.0834,0.0147,-0.0056,0.0359,485.0,427.0,0.0,NÃO ACRESCENTA (IC contém zero)
qwen05b-ft-conll2003,decl-11-decoder-05b-conll,S23,verdict,avaliação,aninhado,,,,,,,,,,63.0,,,NÃO AVALIADO (estrato pequeno ou de perda constante)
qwen05b-ft-conll2003,decl-11-decoder-05b-conll,S23,verdict,avaliação,plano,,,hidden_delta_camadas,aggseq,0.0559,0.0993,0.0434,0.0331,0.054,4336.0,2373.0,0.0,PIOR que a base
qwen05b-ft-conll2003,decl-11-decoder-05b-conll,E25,verdict,avaliação,todos,,,sonda_ocultos,model_confidence,0.0681,0.0523,-0.0158,-0.025,-0.0065,4399.0,2381.0,0.0,ACRESCENTA
qwen05b-ft-conll2003,decl-11-decoder-05b-conll,E25,verdict,avaliação,k=1,,,sonda_ocultos,model_confidence,0.0656,0.0517,-0.0139,-0.031,0.0018,1531.0,1174.0,0.0,NÃO ACRESCENTA (IC contém zero)
qwen05b-ft-conll2003,decl-11-decoder-05b-conll,E25,verdict,avaliação,k=2,,,sonda_ocultos,model_confidence,0.0878,0.0712,-0.0166,-0.0375,0.0041,1073.0,850.0,0.0,NÃO ACRESCENTA (IC contém zero)
qwen05b-ft-conll2003,decl-11-decoder-05b-conll,E25,verdict,avaliação,k=3-4,,,sonda_ocultos,model_confidence,0.055,0.0393,-0.0157,-0.0285,-0.0033,1310.0,1016.0,0.0,ACRESCENTA
qwen05b-ft-conll2003,decl-11-decoder-05b-conll,E25,verdict,avaliação,k>=5,,,sonda_ocultos,model_confidence,0.0775,0.0539,-0.0236,-0.0444,-0.004,485.0,427.0,0.0,ACRESCENTA
qwen05b-ft-conll2003,decl-11-decoder-05b-conll,E25,verdict,avaliação,aninhado,,,,,,,,,,63.0,,,NÃO AVALIADO (estrato pequeno ou de perda constante)
qwen05b-ft-conll2003,decl-11-decoder-05b-conll,E25,verdict,avaliação,plano,,,sonda_ocultos,model_confidence,0.058,0.0392,-0.0188,-0.0259,-0.0117,4336.0,2373.0,0.0,ACRESCENTA
qwen05b-ft-conll2003,decl-11-decoder-05b-conll,E27,verdict,avaliação,todos,,,sonda_ocultos,aggseq,0.0656,0.0523,-0.0133,-0.022,-0.0043,4399.0,2381.0,0.0,ACRESCENTA
qwen05b-ft-conll2003,decl-11-decoder-05b-conll,E27,verdict,avaliação,k=1,,,sonda_ocultos,aggseq,0.0567,0.0517,-0.005,-0.0194,0.0098,1531.0,1174.0,0.0,NÃO ACRESCENTA (IC contém zero)
qwen05b-ft-conll2003,decl-11-decoder-05b-conll,E27,verdict,avaliação,k=2,,,sonda_ocultos,aggseq,0.0881,0.0712,-0.0169,-0.0388,0.0043,1073.0,850.0,0.0,NÃO ACRESCENTA (IC contém zero)
qwen05b-ft-conll2003,decl-11-decoder-05b-conll,E27,verdict,avaliação,k=3-4,,,sonda_ocultos,aggseq,0.0529,0.0393,-0.0136,-0.0276,-0.0004,1310.0,1016.0,0.0,ACRESCENTA
qwen05b-ft-conll2003,decl-11-decoder-05b-conll,E27,verdict,avaliação,k>=5,,,sonda_ocultos,aggseq,0.0687,0.0539,-0.0148,-0.0339,0.0052,485.0,427.0,0.0,NÃO ACRESCENTA (IC contém zero)
qwen05b-ft-conll2003,decl-11-decoder-05b-conll,E27,verdict,avaliação,aninhado,,,,,,,,,,63.0,,,NÃO AVALIADO (estrato pequeno ou de perda constante)
qwen05b-ft-conll2003,decl-11-decoder-05b-conll,E27,verdict,avaliação,plano,,,sonda_ocultos,aggseq,0.0559,0.0392,-0.0168,-0.024,-0.0093,4336.0,2373.0,0.0,ACRESCENTA
qwen05b-ft-conll2003,decl-11-decoder-05b-conll,E29,verdict,avaliação,todos,,,sonda_atencao_cabecas,model_confidence,0.0681,0.0623,-0.0058,-0.0156,0.0047,4399.0,2381.0,0.0,NÃO ACRESCENTA (IC contém zero)
qwen05b-ft-conll2003,decl-11-decoder-05b-conll,E29,verdict,avaliação,k=1,,,sonda_atencao_cabecas,model_confidence,0.0656,0.0729,0.0073,-0.0122,0.0287,1531.0,1174.0,0.0,NÃO ACRESCENTA (IC contém zero)
qwen05b-ft-conll2003,decl-11-decoder-05b-conll,E29,verdict,avaliação,k=2,,,sonda_atencao_cabecas,model_confidence,0.0878,0.0825,-0.0053,-0.0246,0.0145,1073.0,850.0,0.0,NÃO ACRESCENTA (IC contém zero)
qwen05b-ft-conll2003,decl-11-decoder-05b-conll,E29,verdict,avaliação,k=3-4,,,sonda_atencao_cabecas,model_confidence,0.055,0.0416,-0.0134,-0.0265,-0.0009,1310.0,1016.0,0.0,ACRESCENTA
qwen05b-ft-conll2003,decl-11-decoder-05b-conll,E29,verdict,avaliação,k>=5,,,sonda_atencao_cabecas,model_confidence,0.0775,0.0488,-0.0287,-0.0516,-0.0072,485.0,427.0,0.0,ACRESCENTA
qwen05b-ft-conll2003,decl-11-decoder-05b-conll,E29,verdict,avaliação,aninhado,,,,,,,,,,63.0,,,NÃO AVALIADO (estrato pequeno ou de perda constante)
qwen05b-ft-conll2003,decl-11-decoder-05b-conll,E29,verdict,avaliação,plano,,,sonda_atencao_cabecas,model_confidence,0.058,0.0529,-0.0051,-0.0144,0.0051,4336.0,2373.0,0.0,NÃO ACRESCENTA (IC contém zero)
qwen05b-ft-conll2003,decl-11-decoder-05b-conll,E31,verdict,avaliação,todos,,,sonda_atencao_cabecas,aggseq,0.0656,0.0623,-0.0033,-0.0121,0.0074,4399.0,2381.0,0.0,NÃO ACRESCENTA (IC contém zero)
qwen05b-ft-conll2003,decl-11-decoder-05b-conll,E31,verdict,avaliação,k=1,,,sonda_atencao_cabecas,aggseq,0.0567,0.0729,0.0162,-0.0021,0.0363,1531.0,1174.0,0.0,NÃO ACRESCENTA (IC contém zero)
qwen05b-ft-conll2003,decl-11-decoder-05b-conll,E31,verdict,avaliação,k=2,,,sonda_atencao_cabecas,aggseq,0.0881,0.0825,-0.0056,-0.0236,0.0125,1073.0,850.0,0.0,NÃO ACRESCENTA (IC contém zero)
qwen05b-ft-conll2003,decl-11-decoder-05b-conll,E31,verdict,avaliação,k=3-4,,,sonda_atencao_cabecas,aggseq,0.0529,0.0416,-0.0113,-0.0262,0.0031,1310.0,1016.0,0.0,NÃO ACRESCENTA (IC contém zero)
qwen05b-ft-conll2003,decl-11-decoder-05b-conll,E31,verdict,avaliação,k>=5,,,sonda_atencao_cabecas,aggseq,0.0687,0.0488,-0.0199,-0.0393,-0.0027,485.0,427.0,0.0,ACRESCENTA
qwen05b-ft-conll2003,decl-11-decoder-05b-conll,E31,verdict,avaliação,aninhado,,,,,,,,,,63.0,,,NÃO AVALIADO (estrato pequeno ou de perda constante)
qwen05b-ft-conll2003,decl-11-decoder-05b-conll,E31,verdict,avaliação,plano,,,sonda_atencao_cabecas,aggseq,0.0559,0.0529,-0.0031,-0.0119,0.0063,4336.0,2373.0,0.0,NÃO ACRESCENTA (IC contém zero)
qwen05b-ft-conll2003,decl-11-decoder-05b-conll,escores,descriptive,avaliação,todos,aurc_acaso,0.188,,,,,,,,,,,
qwen05b-ft-conll2003,decl-11-decoder-05b-conll,escores,descriptive,avaliação,todos,aurc_span_size,0.1929,,,,,,,,,,,NÃO melhor que o acaso
qwen05b-ft-conll2003,decl-11-decoder-05b-conll,escores,descriptive,avaliação,todos,aurc_geometric_fraction,0.2317,,,,,,,,,,,NÃO melhor que o acaso
qwen05b-ft-conll2003,decl-11-decoder-05b-conll,escores,descriptive,avaliação,todos,aurc_sentence_length,0.1297,,,,,,,,,,,melhor que o acaso
qwen05b-ft-conll2003,decl-11-decoder-05b-conll,escores,descriptive,avaliação,todos,aurc_row_entropy_causal,0.1364,,,,,,,,,,,melhor que o acaso
qwen05b-ft-conll2003,decl-11-decoder-05b-conll,escores,descriptive,avaliação,todos,aurc_row_max_causal,0.2737,,,,,,,,,,,NÃO melhor que o acaso
qwen05b-ft-conll2003,decl-11-decoder-05b-conll,escores,descriptive,avaliação,todos,aurc_hidden_norm,0.3181,,,,,,,,,,,NÃO melhor que o acaso
qwen05b-ft-conll2003,decl-11-decoder-05b-conll,escores,descriptive,avaliação,todos,aurc_hidden_dist_centroide,0.2091,,,,,,,,,,,NÃO melhor que o acaso
qwen05b-ft-conll2003,decl-11-decoder-05b-conll,escores,descriptive,avaliação,todos,aurc_hidden_delta_camadas,0.3246,,,,,,,,,,,NÃO melhor que o acaso
qwen05b-ft-conll2003,decl-11-decoder-05b-conll,escores,descriptive,avaliação,todos,aurc_sonda_ocultos,0.0523,,,,,,,,,,,melhor que o acaso
qwen05b-ft-conll2003,decl-11-decoder-05b-conll,escores,descriptive,avaliação,todos,aurc_sonda_atencao_cabecas,0.0623,,,,,,,,,,,melhor que o acaso
qwen05b-ft-conll2003,decl-11-decoder-05b-conll,escores,descriptive,avaliação,todos,aurc_span_mass,0.2175,,,,,,,,,,,NÃO melhor que o acaso
qwen05b-ft-conll2003,decl-11-decoder-05b-conll,escores,descriptive,avaliação,todos,aurc_model_confidence,0.0681,,,,,,,,,,,melhor que o acaso
qwen05b-ft-conll2003,decl-11-decoder-05b-conll,controle,descriptive,teste inteiro,todos,corr_span_size_vs_comprimento,0.0619,,,,,,,,,,,
qwen05b-ft-conll2003,decl-11-decoder-05b-conll,controle,descriptive,teste inteiro,todos,corr_geometric_fraction_vs_comprimento,-0.4046,,,,,,,,,,,
qwen05b-ft-conll2003,decl-11-decoder-05b-conll,controle,descriptive,teste inteiro,todos,corr_sentence_length_vs_comprimento,1.0,,,,,,,,,,,
qwen05b-ft-conll2003,decl-11-decoder-05b-conll,controle,descriptive,teste inteiro,todos,corr_row_entropy_causal_vs_comprimento,0.5269,,,,,,,,,,,
qwen05b-ft-conll2003,decl-11-decoder-05b-conll,controle,descriptive,teste inteiro,todos,corr_row_max_causal_vs_comprimento,-0.44,,,,,,,,,,,
qwen05b-ft-conll2003,decl-11-decoder-05b-conll,controle,descriptive,teste inteiro,todos,corr_hidden_norm_vs_comprimento,-0.1379,,,,,,,,,,,
qwen05b-ft-conll2003,decl-11-decoder-05b-conll,controle,descriptive,teste inteiro,todos,corr_hidden_dist_centroide_vs_comprimento,-0.1048,,,,,,,,,,,
qwen05b-ft-conll2003,decl-11-decoder-05b-conll,controle,descriptive,teste inteiro,todos,corr_hidden_delta_camadas_vs_comprimento,-0.1661,,,,,,,,,,,
qwen05b-ft-conll2003,decl-11-decoder-05b-conll,controle,descriptive,teste inteiro,todos,corr_sonda_ocultos_vs_comprimento,0.1774,,,,,,,,,,,
qwen05b-ft-conll2003,decl-11-decoder-05b-conll,controle,descriptive,teste inteiro,todos,corr_sonda_atencao_cabecas_vs_comprimento,0.1801,,,,,,,,,,,
qwen05b-ft-conll2003,decl-11-decoder-05b-conll,controle,descriptive,teste inteiro,todos,corr_span_mass_vs_comprimento,-0.4827,,,,,,,,,,,
qwen05b-ft-conll2003,decl-11-decoder-05b-conll,controle,descriptive,teste inteiro,todos,corr_model_confidence_vs_comprimento,0.0948,,,,,,,,,,,
qwen05b-ft-conll2003,adenda-01,AD1-A-sonda_ocultos,verdict,avaliação,todos,,,sonda_ocultos,base_treinada,0.0921,0.0523,-0.0398,-0.051,-0.0288,4399.0,2381.0,0.0,ACRESCENTA
qwen05b-ft-conll2003,adenda-01,AD1-A-sonda_ocultos,verdict,avaliação,k=1,,,sonda_ocultos,base_treinada,0.0863,0.0517,-0.0346,-0.0534,-0.0181,1531.0,1174.0,0.0,ACRESCENTA
qwen05b-ft-conll2003,adenda-01,AD1-A-sonda_ocultos,verdict,avaliação,k=2,,,sonda_ocultos,base_treinada,0.1276,0.0712,-0.0564,-0.0814,-0.0337,1073.0,850.0,0.0,ACRESCENTA
qwen05b-ft-conll2003,adenda-01,AD1-A-sonda_ocultos,verdict,avaliação,k=3-4,,,sonda_ocultos,base_treinada,0.0766,0.0393,-0.0373,-0.0549,-0.0218,1310.0,1016.0,0.0,ACRESCENTA
qwen05b-ft-conll2003,adenda-01,AD1-A-sonda_ocultos,verdict,avaliação,k>=5,,,sonda_ocultos,base_treinada,0.0831,0.0539,-0.0292,-0.0549,-0.0032,485.0,427.0,0.0,ACRESCENTA
qwen05b-ft-conll2003,adenda-01,AD1-A-sonda_ocultos,verdict,avaliação,aninhado,,,,,,,,,,63.0,,,NÃO AVALIADO (estrato pequeno ou de perda constante)
qwen05b-ft-conll2003,adenda-01,AD1-A-sonda_ocultos,verdict,avaliação,plano,,,sonda_ocultos,base_treinada,0.0759,0.0392,-0.0368,-0.0464,-0.0274,4336.0,2373.0,0.0,ACRESCENTA
qwen05b-ft-conll2003,adenda-01,AD1-A-sonda_atencao_cabecas,verdict,avaliação,todos,,,sonda_atencao_cabecas,base_treinada,0.0921,0.0623,-0.0297,-0.0399,-0.0201,4399.0,2381.0,0.0,ACRESCENTA
qwen05b-ft-conll2003,adenda-01,AD1-A-sonda_atencao_cabecas,verdict,avaliação,k=1,,,sonda_atencao_cabecas,base_treinada,0.0863,0.0729,-0.0135,-0.0308,0.004,1531.0,1174.0,0.0,NÃO ACRESCENTA (IC contém zero)
qwen05b-ft-conll2003,adenda-01,AD1-A-sonda_atencao_cabecas,verdict,avaliação,k=2,,,sonda_atencao_cabecas,base_treinada,0.1276,0.0825,-0.0451,-0.0681,-0.0242,1073.0,850.0,0.0,ACRESCENTA
qwen05b-ft-conll2003,adenda-01,AD1-A-sonda_atencao_cabecas,verdict,avaliação,k=3-4,,,sonda_atencao_cabecas,base_treinada,0.0766,0.0416,-0.035,-0.0517,-0.02,1310.0,1016.0,0.0,ACRESCENTA
qwen05b-ft-conll2003,adenda-01,AD1-A-sonda_atencao_cabecas,verdict,avaliação,k>=5,,,sonda_atencao_cabecas,base_treinada,0.0831,0.0488,-0.0342,-0.059,-0.0132,485.0,427.0,0.0,ACRESCENTA
qwen05b-ft-conll2003,adenda-01,AD1-A-sonda_atencao_cabecas,verdict,avaliação,aninhado,,,,,,,,,,63.0,,,NÃO AVALIADO (estrato pequeno ou de perda constante)
qwen05b-ft-conll2003,adenda-01,AD1-A-sonda_atencao_cabecas,verdict,avaliação,plano,,,sonda_atencao_cabecas,base_treinada,0.0759,0.0529,-0.0231,-0.032,-0.0144,4336.0,2373.0,0.0,ACRESCENTA
qwen05b-ft-conll2003,adenda-01,AD1-A-sonda_ocultos_ajustada,verdict,avaliação,todos,,,sonda_ocultos_ajustada,base_treinada_ajustada,0.0926,0.0442,-0.0484,-0.0589,-0.0381,4399.0,2381.0,0.0,ACRESCENTA
qwen05b-ft-conll2003,adenda-01,AD1-A-sonda_ocultos_ajustada,verdict,avaliação,k=1,,,sonda_ocultos_ajustada,base_treinada_ajustada,0.0866,0.0398,-0.0468,-0.0639,-0.0312,1531.0,1174.0,0.0,ACRESCENTA
qwen05b-ft-conll2003,adenda-01,AD1-A-sonda_ocultos_ajustada,verdict,avaliação,k=2,,,sonda_ocultos_ajustada,base_treinada_ajustada,0.128,0.0682,-0.0597,-0.0833,-0.0381,1073.0,850.0,0.0,ACRESCENTA
qwen05b-ft-conll2003,adenda-01,AD1-A-sonda_ocultos_ajustada,verdict,avaliação,k=3-4,,,sonda_ocultos_ajustada,base_treinada_ajustada,0.0775,0.0333,-0.0442,-0.061,-0.0298,1310.0,1016.0,0.0,ACRESCENTA
qwen05b-ft-conll2003,adenda-01,AD1-A-sonda_ocultos_ajustada,verdict,avaliação,k>=5,,,sonda_ocultos_ajustada,base_treinada_ajustada,0.0855,0.0441,-0.0414,-0.0662,-0.0188,485.0,427.0,0.0,ACRESCENTA
qwen05b-ft-conll2003,adenda-01,AD1-A-sonda_ocultos_ajustada,verdict,avaliação,aninhado,,,,,,,,,,63.0,,,NÃO AVALIADO (estrato pequeno ou de perda constante)
qwen05b-ft-conll2003,adenda-01,AD1-A-sonda_ocultos_ajustada,verdict,avaliação,plano,,,sonda_ocultos_ajustada,base_treinada_ajustada,0.0765,0.0325,-0.044,-0.0532,-0.0352,4336.0,2373.0,0.0,ACRESCENTA
qwen05b-ft-conll2003,adenda-01,AD1-A-sonda_atencao_cabecas_ajustada,verdict,avaliação,todos,,,sonda_atencao_cabecas_ajustada,base_treinada_ajustada,0.0926,0.0534,-0.0392,-0.0498,-0.0291,4399.0,2381.0,0.0,ACRESCENTA
qwen05b-ft-conll2003,adenda-01,AD1-A-sonda_atencao_cabecas_ajustada,verdict,avaliação,k=1,,,sonda_atencao_cabecas_ajustada,base_treinada_ajustada,0.0866,0.0613,-0.0253,-0.0418,-0.0098,1531.0,1174.0,0.0,ACRESCENTA
qwen05b-ft-conll2003,adenda-01,AD1-A-sonda_atencao_cabecas_ajustada,verdict,avaliação,k=2,,,sonda_atencao_cabecas_ajustada,base_treinada_ajustada,0.128,0.0676,-0.0604,-0.0829,-0.0409,1073.0,850.0,0.0,ACRESCENTA
qwen05b-ft-conll2003,adenda-01,AD1-A-sonda_atencao_cabecas_ajustada,verdict,avaliação,k=3-4,,,sonda_atencao_cabecas_ajustada,base_treinada_ajustada,0.0775,0.0395,-0.0379,-0.0566,-0.0215,1310.0,1016.0,0.0,ACRESCENTA
qwen05b-ft-conll2003,adenda-01,AD1-A-sonda_atencao_cabecas_ajustada,verdict,avaliação,k>=5,,,sonda_atencao_cabecas_ajustada,base_treinada_ajustada,0.0855,0.0484,-0.037,-0.0632,-0.0136,485.0,427.0,0.0,ACRESCENTA
qwen05b-ft-conll2003,adenda-01,AD1-A-sonda_atencao_cabecas_ajustada,verdict,avaliação,aninhado,,,,,,,,,,63.0,,,NÃO AVALIADO (estrato pequeno ou de perda constante)
qwen05b-ft-conll2003,adenda-01,AD1-A-sonda_atencao_cabecas_ajustada,verdict,avaliação,plano,,,sonda_atencao_cabecas_ajustada,base_treinada_ajustada,0.0765,0.045,-0.0315,-0.0405,-0.0229,4336.0,2373.0,0.0,ACRESCENTA
qwen05b-ft-conll2003,adenda-01,escores,descriptive,avaliação,todos,aurc_acaso,0.188,,,,,,,,,,,
qwen05b-ft-conll2003,adenda-01,escores,descriptive,avaliação,todos,aurc_span_size,0.1929,,,,,,,,,,,NÃO melhor que o acaso
qwen05b-ft-conll2003,adenda-01,escores,descriptive,avaliação,todos,aurc_geometric_fraction,0.2317,,,,,,,,,,,NÃO melhor que o acaso
qwen05b-ft-conll2003,adenda-01,escores,descriptive,avaliação,todos,aurc_sentence_length,0.1297,,,,,,,,,,,melhor que o acaso
qwen05b-ft-conll2003,adenda-01,escores,descriptive,avaliação,todos,aurc_row_entropy_causal,0.1364,,,,,,,,,,,melhor que o acaso
qwen05b-ft-conll2003,adenda-01,escores,descriptive,avaliação,todos,aurc_row_max_causal,0.2737,,,,,,,,,,,NÃO melhor que o acaso
qwen05b-ft-conll2003,adenda-01,escores,descriptive,avaliação,todos,aurc_hidden_norm,0.3181,,,,,,,,,,,NÃO melhor que o acaso
qwen05b-ft-conll2003,adenda-01,escores,descriptive,avaliação,todos,aurc_hidden_dist_centroide,0.2091,,,,,,,,,,,NÃO melhor que o acaso
qwen05b-ft-conll2003,adenda-01,escores,descriptive,avaliação,todos,aurc_hidden_delta_camadas,0.3246,,,,,,,,,,,NÃO melhor que o acaso
qwen05b-ft-conll2003,adenda-01,escores,descriptive,avaliação,todos,aurc_sonda_ocultos,0.0523,,,,,,,,,,,melhor que o acaso
qwen05b-ft-conll2003,adenda-01,escores,descriptive,avaliação,todos,aurc_sonda_atencao_cabecas,0.0623,,,,,,,,,,,melhor que o acaso
qwen05b-ft-conll2003,adenda-01,escores,descriptive,avaliação,todos,aurc_span_mass,0.2175,,,,,,,,,,,NÃO melhor que o acaso
qwen05b-ft-conll2003,adenda-01,escores,descriptive,avaliação,todos,aurc_model_confidence,0.0681,,,,,,,,,,,melhor que o acaso
qwen05b-ft-conll2003,adenda-01,controle,descriptive,teste inteiro,todos,corr_span_size_vs_comprimento,0.0619,,,,,,,,,,,
qwen05b-ft-conll2003,adenda-01,controle,descriptive,teste inteiro,todos,corr_geometric_fraction_vs_comprimento,-0.4046,,,,,,,,,,,
qwen05b-ft-conll2003,adenda-01,controle,descriptive,teste inteiro,todos,corr_sentence_length_vs_comprimento,1.0,,,,,,,,,,,
qwen05b-ft-conll2003,adenda-01,controle,descriptive,teste inteiro,todos,corr_row_entropy_causal_vs_comprimento,0.5269,,,,,,,,,,,
qwen05b-ft-conll2003,adenda-01,controle,descriptive,teste inteiro,todos,corr_row_max_causal_vs_comprimento,-0.44,,,,,,,,,,,
qwen05b-ft-conll2003,adenda-01,controle,descriptive,teste inteiro,todos,corr_hidden_norm_vs_comprimento,-0.1379,,,,,,,,,,,
qwen05b-ft-conll2003,adenda-01,controle,descriptive,teste inteiro,todos,corr_hidden_dist_centroide_vs_comprimento,-0.1048,,,,,,,,,,,
qwen05b-ft-conll2003,adenda-01,controle,descriptive,teste inteiro,todos,corr_hidden_delta_camadas_vs_comprimento,-0.1661,,,,,,,,,,,
qwen05b-ft-conll2003,adenda-01,controle,descriptive,teste inteiro,todos,corr_sonda_ocultos_vs_comprimento,0.1774,,,,,,,,,,,
qwen05b-ft-conll2003,adenda-01,controle,descriptive,teste inteiro,todos,corr_sonda_atencao_cabecas_vs_comprimento,0.1801,,,,,,,,,,,
qwen05b-ft-conll2003,adenda-01,controle,descriptive,teste inteiro,todos,corr_span_mass_vs_comprimento,-0.4827,,,,,,,,,,,
qwen05b-ft-conll2003,adenda-01,controle,descriptive,teste inteiro,todos,corr_model_confidence_vs_comprimento,0.0948,,,,,,,,,,,
qwen15b-ft-genia,decl-12-decoder-15b-genia,D1,descriptive,teste inteiro,todos,R2_massa_vs_fracao_geometrica,0.8327,,,,,,,,,,,
qwen15b-ft-genia,decl-12-decoder-15b-genia,D1,descriptive,teste inteiro,todos,mediana_observado_sobre_esperado,0.5483,,,,,,,,,,,
qwen15b-ft-genia,decl-12-decoder-15b-genia,D1,descriptive,teste inteiro,todos,n_entidades,5579.0,,,,,,,,,,,
qwen15b-ft-genia,decl-12-decoder-15b-genia,D1,descriptive,teste inteiro,k=1,R2_massa_vs_fracao_geometrica,0.5956,,,,,,,,,,,
qwen15b-ft-genia,decl-12-decoder-15b-genia,D1,descriptive,teste inteiro,k=1,mediana_observado_sobre_esperado,0.779,,,,,,,,,,,
qwen15b-ft-genia,decl-12-decoder-15b-genia,D1,descriptive,teste inteiro,k=1,n_entidades,244.0,,,,,,,,,,,
qwen15b-ft-genia,decl-12-decoder-15b-genia,D1,descriptive,teste inteiro,k=2,R2_massa_vs_fracao_geometrica,0.7173,,,,,,,,,,,
qwen15b-ft-genia,decl-12-decoder-15b-genia,D1,descriptive,teste inteiro,k=2,mediana_observado_sobre_esperado,0.622,,,,,,,,,,,
qwen15b-ft-genia,decl-12-decoder-15b-genia,D1,descriptive,teste inteiro,k=2,n_entidades,1144.0,,,,,,,,,,,
qwen15b-ft-genia,decl-12-decoder-15b-genia,D1,descriptive,teste inteiro,k=3-4,R2_massa_vs_fracao_geometrica,0.7698,,,,,,,,,,,
qwen15b-ft-genia,decl-12-decoder-15b-genia,D1,descriptive,teste inteiro,k=3-4,mediana_observado_sobre_esperado,0.5383,,,,,,,,,,,
qwen15b-ft-genia,decl-12-decoder-15b-genia,D1,descriptive,teste inteiro,k=3-4,n_entidades,2521.0,,,,,,,,,,,
qwen15b-ft-genia,decl-12-decoder-15b-genia,D1,descriptive,teste inteiro,k>=5,R2_massa_vs_fracao_geometrica,0.7851,,,,,,,,,,,
qwen15b-ft-genia,decl-12-decoder-15b-genia,D1,descriptive,teste inteiro,k>=5,mediana_observado_sobre_esperado,0.4972,,,,,,,,,,,
qwen15b-ft-genia,decl-12-decoder-15b-genia,D1,descriptive,teste inteiro,k>=5,n_entidades,1670.0,,,,,,,,,,,
qwen15b-ft-genia,decl-12-decoder-15b-genia,D2,descriptive,teste inteiro,todos,R2_massa_vs_fracao_geometrica,0.8327,,,,,,,,,,,
qwen15b-ft-genia,decl-12-decoder-15b-genia,D2,descriptive,teste inteiro,todos,mediana_observado_sobre_esperado,0.5483,,,,,,,,,,,
qwen15b-ft-genia,decl-12-decoder-15b-genia,D2,descriptive,teste inteiro,todos,n_entidades,5579.0,,,,,,,,,,,
qwen15b-ft-genia,decl-12-decoder-15b-genia,D2,descriptive,teste inteiro,k=1,R2_massa_vs_fracao_geometrica,0.5956,,,,,,,,,,,
qwen15b-ft-genia,decl-12-decoder-15b-genia,D2,descriptive,teste inteiro,k=1,mediana_observado_sobre_esperado,0.779,,,,,,,,,,,
qwen15b-ft-genia,decl-12-decoder-15b-genia,D2,descriptive,teste inteiro,k=1,n_entidades,244.0,,,,,,,,,,,
qwen15b-ft-genia,decl-12-decoder-15b-genia,D2,descriptive,teste inteiro,k=2,R2_massa_vs_fracao_geometrica,0.7173,,,,,,,,,,,
qwen15b-ft-genia,decl-12-decoder-15b-genia,D2,descriptive,teste inteiro,k=2,mediana_observado_sobre_esperado,0.622,,,,,,,,,,,
qwen15b-ft-genia,decl-12-decoder-15b-genia,D2,descriptive,teste inteiro,k=2,n_entidades,1144.0,,,,,,,,,,,
qwen15b-ft-genia,decl-12-decoder-15b-genia,D2,descriptive,teste inteiro,k=3-4,R2_massa_vs_fracao_geometrica,0.7698,,,,,,,,,,,
qwen15b-ft-genia,decl-12-decoder-15b-genia,D2,descriptive,teste inteiro,k=3-4,mediana_observado_sobre_esperado,0.5383,,,,,,,,,,,
qwen15b-ft-genia,decl-12-decoder-15b-genia,D2,descriptive,teste inteiro,k=3-4,n_entidades,2521.0,,,,,,,,,,,
qwen15b-ft-genia,decl-12-decoder-15b-genia,D2,descriptive,teste inteiro,k>=5,R2_massa_vs_fracao_geometrica,0.7851,,,,,,,,,,,
qwen15b-ft-genia,decl-12-decoder-15b-genia,D2,descriptive,teste inteiro,k>=5,mediana_observado_sobre_esperado,0.4972,,,,,,,,,,,
qwen15b-ft-genia,decl-12-decoder-15b-genia,D2,descriptive,teste inteiro,k>=5,n_entidades,1670.0,,,,,,,,,,,
qwen15b-ft-genia,decl-12-decoder-15b-genia,C2,verdict,avaliação,todos,,,span_mass,geometric_fraction,0.2334,0.2444,0.011,0.0038,0.0178,3945.0,1290.0,0.0,PIOR que a base
qwen15b-ft-genia,decl-12-decoder-15b-genia,C2,verdict,avaliação,k=1,,,span_mass,geometric_fraction,0.3283,0.423,0.0948,0.0357,0.1481,170.0,137.0,0.0,PIOR que a base
qwen15b-ft-genia,decl-12-decoder-15b-genia,C2,verdict,avaliação,k=2,,,span_mass,geometric_fraction,0.236,0.2361,0.0001,-0.014,0.0144,817.0,546.0,0.0,NÃO ACRESCENTA (IC contém zero)
qwen15b-ft-genia,decl-12-decoder-15b-genia,C2,verdict,avaliação,k=3-4,,,span_mass,geometric_fraction,0.1724,0.1812,0.0088,-0.0004,0.0182,1735.0,897.0,0.0,NÃO ACRESCENTA (IC contém zero)
qwen15b-ft-genia,decl-12-decoder-15b-genia,C2,verdict,avaliação,k>=5,,,span_mass,geometric_fraction,0.2551,0.2492,-0.0059,-0.0187,0.0068,1223.0,759.0,0.0,NÃO ACRESCENTA (IC contém zero)
qwen15b-ft-genia,decl-12-decoder-15b-genia,C2,verdict,avaliação,aninhado,,,span_mass,geometric_fraction,0.485,0.5004,0.0153,-0.0139,0.0408,440.0,317.0,0.0,NÃO ACRESCENTA (IC contém zero)
qwen15b-ft-genia,decl-12-decoder-15b-genia,C2,verdict,avaliação,plano,,,span_mass,geometric_fraction,0.1959,0.2037,0.0078,0.0015,0.0142,3505.0,1276.0,0.0,PIOR que a base
qwen15b-ft-genia,decl-12-decoder-15b-genia,C3,verdict,avaliação,todos,,,model_confidence+enrichment,model_confidence,0.1662,0.1652,-0.001,-0.009,0.007,3945.0,1290.0,0.0,NÃO ACRESCENTA (IC contém zero)
qwen15b-ft-genia,decl-12-decoder-15b-genia,C3,verdict,avaliação,k=1,,,model_confidence+enrichment,model_confidence,0.3262,0.2653,-0.0609,-0.1051,-0.0149,170.0,137.0,0.0,ACRESCENTA
qwen15b-ft-genia,decl-12-decoder-15b-genia,C3,verdict,avaliação,k=2,,,model_confidence+enrichment,model_confidence,0.1988,0.1986,-0.0002,-0.0167,0.0173,817.0,546.0,0.0,NÃO ACRESCENTA (IC contém zero)
qwen15b-ft-genia,decl-12-decoder-15b-genia,C3,verdict,avaliação,k=3-4,,,model_confidence+enrichment,model_confidence,0.1384,0.133,-0.0054,-0.0176,0.0072,1735.0,897.0,0.0,NÃO ACRESCENTA (IC contém zero)
qwen15b-ft-genia,decl-12-decoder-15b-genia,C3,verdict,avaliação,k>=5,,,model_confidence+enrichment,model_confidence,0.1669,0.1767,0.0098,-0.0025,0.0221,1223.0,759.0,0.0,NÃO ACRESCENTA (IC contém zero)
qwen15b-ft-genia,decl-12-decoder-15b-genia,C3,verdict,avaliação,aninhado,,,model_confidence+enrichment,model_confidence,0.4704,0.4454,-0.025,-0.0522,0.0062,440.0,317.0,0.0,NÃO ACRESCENTA (IC contém zero)
qwen15b-ft-genia,decl-12-decoder-15b-genia,C3,verdict,avaliação,plano,,,model_confidence+enrichment,model_confidence,0.1353,0.1362,0.0009,-0.0064,0.0081,3505.0,1276.0,0.0,NÃO ACRESCENTA (IC contém zero)
qwen15b-ft-genia,decl-12-decoder-15b-genia,S1,verdict,avaliação,todos,,,span_mass,model_confidence,0.1662,0.2444,0.0782,0.0593,0.0979,3945.0,1290.0,0.0,PIOR que a base
qwen15b-ft-genia,decl-12-decoder-15b-genia,S1,verdict,avaliação,k=1,,,span_mass,model_confidence,0.3262,0.423,0.0968,0.0157,0.167,170.0,137.0,0.0,PIOR que a base
qwen15b-ft-genia,decl-12-decoder-15b-genia,S1,verdict,avaliação,k=2,,,span_mass,model_confidence,0.1988,0.2361,0.0373,-0.0011,0.0769,817.0,546.0,0.0,NÃO ACRESCENTA (IC contém zero)
qwen15b-ft-genia,decl-12-decoder-15b-genia,S1,verdict,avaliação,k=3-4,,,span_mass,model_confidence,0.1384,0.1812,0.0428,0.0198,0.0666,1735.0,897.0,0.0,PIOR que a base
qwen15b-ft-genia,decl-12-decoder-15b-genia,S1,verdict,avaliação,k>=5,,,span_mass,model_confidence,0.1669,0.2492,0.0823,0.0524,0.1123,1223.0,759.0,0.0,PIOR que a base
qwen15b-ft-genia,decl-12-decoder-15b-genia,S1,verdict,avaliação,aninhado,,,span_mass,model_confidence,0.4704,0.5004,0.03,-0.0405,0.0996,440.0,317.0,0.0,NÃO ACRESCENTA (IC contém zero)
qwen15b-ft-genia,decl-12-decoder-15b-genia,S1,verdict,avaliação,plano,,,span_mass,model_confidence,0.1353,0.2037,0.0684,0.0505,0.0877,3505.0,1276.0,0.0,PIOR que a base
qwen15b-ft-genia,decl-12-decoder-15b-genia,S3,verdict,avaliação,todos,,,span_mass,aggseq,0.1549,0.2444,0.0895,0.069,0.1098,3945.0,1290.0,0.0,PIOR que a base
qwen15b-ft-genia,decl-12-decoder-15b-genia,S3,verdict,avaliação,k=1,,,span_mass,aggseq,0.301,0.423,0.122,0.0112,0.2412,170.0,137.0,0.0,PIOR que a base
qwen15b-ft-genia,decl-12-decoder-15b-genia,S3,verdict,avaliação,k=2,,,span_mass,aggseq,0.1626,0.2361,0.0735,0.0367,0.1111,817.0,546.0,0.0,PIOR que a base
qwen15b-ft-genia,decl-12-decoder-15b-genia,S3,verdict,avaliação,k=3-4,,,span_mass,aggseq,0.1337,0.1812,0.0475,0.0238,0.0715,1735.0,897.0,0.0,PIOR que a base
qwen15b-ft-genia,decl-12-decoder-15b-genia,S3,verdict,avaliação,k>=5,,,span_mass,aggseq,0.1658,0.2492,0.0834,0.0504,0.1166,1223.0,759.0,0.0,PIOR que a base
qwen15b-ft-genia,decl-12-decoder-15b-genia,S3,verdict,avaliação,aninhado,,,span_mass,aggseq,0.4377,0.5004,0.0626,-0.0089,0.1325,440.0,317.0,0.0,NÃO ACRESCENTA (IC contém zero)
qwen15b-ft-genia,decl-12-decoder-15b-genia,S3,verdict,avaliação,plano,,,span_mass,aggseq,0.1263,0.2037,0.0774,0.0574,0.0983,3505.0,1276.0,0.0,PIOR que a base
qwen15b-ft-genia,decl-12-decoder-15b-genia,S5,verdict,avaliação,todos,,,row_entropy_causal,model_confidence,0.1662,0.2368,0.0706,0.0519,0.0898,3945.0,1290.0,0.0,PIOR que a base
qwen15b-ft-genia,decl-12-decoder-15b-genia,S5,verdict,avaliação,k=1,,,row_entropy_causal,model_confidence,0.3262,0.3714,0.0451,-0.0409,0.1347,170.0,137.0,0.0,NÃO ACRESCENTA (IC contém zero)
qwen15b-ft-genia,decl-12-decoder-15b-genia,S5,verdict,avaliação,k=2,,,row_entropy_causal,model_confidence,0.1988,0.2674,0.0686,0.029,0.1103,817.0,546.0,0.0,PIOR que a base
qwen15b-ft-genia,decl-12-decoder-15b-genia,S5,verdict,avaliação,k=3-4,,,row_entropy_causal,model_confidence,0.1384,0.1877,0.0493,0.0253,0.0748,1735.0,897.0,0.0,PIOR que a base
qwen15b-ft-genia,decl-12-decoder-15b-genia,S5,verdict,avaliação,k>=5,,,row_entropy_causal,model_confidence,0.1669,0.27,0.1031,0.0686,0.1354,1223.0,759.0,0.0,PIOR que a base
qwen15b-ft-genia,decl-12-decoder-15b-genia,S5,verdict,avaliação,aninhado,,,row_entropy_causal,model_confidence,0.4704,0.5065,0.0361,-0.0307,0.104,440.0,317.0,0.0,NÃO ACRESCENTA (IC contém zero)
qwen15b-ft-genia,decl-12-decoder-15b-genia,S5,verdict,avaliação,plano,,,row_entropy_causal,model_confidence,0.1353,0.2017,0.0664,0.0489,0.0839,3505.0,1276.0,0.0,PIOR que a base
qwen15b-ft-genia,decl-12-decoder-15b-genia,S7,verdict,avaliação,todos,,,row_entropy_causal,aggseq,0.1549,0.2368,0.0819,0.0623,0.1014,3945.0,1290.0,0.0,PIOR que a base
qwen15b-ft-genia,decl-12-decoder-15b-genia,S7,verdict,avaliação,k=1,,,row_entropy_causal,aggseq,0.301,0.3714,0.0703,-0.0162,0.1767,170.0,137.0,0.0,NÃO ACRESCENTA (IC contém zero)
qwen15b-ft-genia,decl-12-decoder-15b-genia,S7,verdict,avaliação,k=2,,,row_entropy_causal,aggseq,0.1626,0.2674,0.1048,0.0663,0.1464,817.0,546.0,0.0,PIOR que a base
qwen15b-ft-genia,decl-12-decoder-15b-genia,S7,verdict,avaliação,k=3-4,,,row_entropy_causal,aggseq,0.1337,0.1877,0.054,0.0311,0.0783,1735.0,897.0,0.0,PIOR que a base
qwen15b-ft-genia,decl-12-decoder-15b-genia,S7,verdict,avaliação,k>=5,,,row_entropy_causal,aggseq,0.1658,0.27,0.1042,0.0683,0.139,1223.0,759.0,0.0,PIOR que a base
qwen15b-ft-genia,decl-12-decoder-15b-genia,S7,verdict,avaliação,aninhado,,,row_entropy_causal,aggseq,0.4377,0.5065,0.0688,0.0021,0.1337,440.0,317.0,0.0,PIOR que a base
qwen15b-ft-genia,decl-12-decoder-15b-genia,S7,verdict,avaliação,plano,,,row_entropy_causal,aggseq,0.1263,0.2017,0.0754,0.0561,0.0953,3505.0,1276.0,0.0,PIOR que a base
qwen15b-ft-genia,decl-12-decoder-15b-genia,S9,verdict,avaliação,todos,,,row_max_causal,model_confidence,0.1662,0.242,0.0759,0.0577,0.0947,3945.0,1290.0,0.0,PIOR que a base
qwen15b-ft-genia,decl-12-decoder-15b-genia,S9,verdict,avaliação,k=1,,,row_max_causal,model_confidence,0.3262,0.3822,0.0559,-0.0359,0.148,170.0,137.0,0.0,NÃO ACRESCENTA (IC contém zero)
qwen15b-ft-genia,decl-12-decoder-15b-genia,S9,verdict,avaliação,k=2,,,row_max_causal,model_confidence,0.1988,0.2787,0.0799,0.0419,0.1214,817.0,546.0,0.0,PIOR que a base
qwen15b-ft-genia,decl-12-decoder-15b-genia,S9,verdict,avaliação,k=3-4,,,row_max_causal,model_confidence,0.1384,0.1944,0.056,0.0309,0.0839,1735.0,897.0,0.0,PIOR que a base
qwen15b-ft-genia,decl-12-decoder-15b-genia,S9,verdict,avaliação,k>=5,,,row_max_causal,model_confidence,0.1669,0.2679,0.101,0.0672,0.134,1223.0,759.0,0.0,PIOR que a base
qwen15b-ft-genia,decl-12-decoder-15b-genia,S9,verdict,avaliação,aninhado,,,row_max_causal,model_confidence,0.4704,0.5064,0.036,-0.0375,0.1079,440.0,317.0,0.0,NÃO ACRESCENTA (IC contém zero)
qwen15b-ft-genia,decl-12-decoder-15b-genia,S9,verdict,avaliação,plano,,,row_max_causal,model_confidence,0.1353,0.2063,0.071,0.0534,0.0886,3505.0,1276.0,0.0,PIOR que a base
qwen15b-ft-genia,decl-12-decoder-15b-genia,S11,verdict,avaliação,todos,,,row_max_causal,aggseq,0.1549,0.242,0.0871,0.0678,0.1059,3945.0,1290.0,0.0,PIOR que a base
qwen15b-ft-genia,decl-12-decoder-15b-genia,S11,verdict,avaliação,k=1,,,row_max_causal,aggseq,0.301,0.3822,0.0811,0.0017,0.1811,170.0,137.0,0.0,PIOR que a base
qwen15b-ft-genia,decl-12-decoder-15b-genia,S11,verdict,avaliação,k=2,,,row_max_causal,aggseq,0.1626,0.2787,0.1161,0.0785,0.1565,817.0,546.0,0.0,PIOR que a base
qwen15b-ft-genia,decl-12-decoder-15b-genia,S11,verdict,avaliação,k=3-4,,,row_max_causal,aggseq,0.1337,0.1944,0.0606,0.0357,0.0859,1735.0,897.0,0.0,PIOR que a base
qwen15b-ft-genia,decl-12-decoder-15b-genia,S11,verdict,avaliação,k>=5,,,row_max_causal,aggseq,0.1658,0.2679,0.1021,0.0661,0.1379,1223.0,759.0,0.0,PIOR que a base
qwen15b-ft-genia,decl-12-decoder-15b-genia,S11,verdict,avaliação,aninhado,,,row_max_causal,aggseq,0.4377,0.5064,0.0687,-0.0023,0.1371,440.0,317.0,0.0,NÃO ACRESCENTA (IC contém zero)
qwen15b-ft-genia,decl-12-decoder-15b-genia,S11,verdict,avaliação,plano,,,row_max_causal,aggseq,0.1263,0.2063,0.08,0.0611,0.0997,3505.0,1276.0,0.0,PIOR que a base
qwen15b-ft-genia,decl-12-decoder-15b-genia,S13,verdict,avaliação,todos,,,hidden_norm,model_confidence,0.1662,0.1916,0.0254,0.0091,0.043,3945.0,1290.0,0.0,PIOR que a base
qwen15b-ft-genia,decl-12-decoder-15b-genia,S13,verdict,avaliação,k=1,,,hidden_norm,model_confidence,0.3262,0.3299,0.0037,-0.0656,0.0783,170.0,137.0,0.0,NÃO ACRESCENTA (IC contém zero)
qwen15b-ft-genia,decl-12-decoder-15b-genia,S13,verdict,avaliação,k=2,,,hidden_norm,model_confidence,0.1988,0.1922,-0.0066,-0.0414,0.0283,817.0,546.0,0.0,NÃO ACRESCENTA (IC contém zero)
qwen15b-ft-genia,decl-12-decoder-15b-genia,S13,verdict,avaliação,k=3-4,,,hidden_norm,model_confidence,0.1384,0.1413,0.0029,-0.0171,0.0236,1735.0,897.0,0.0,NÃO ACRESCENTA (IC contém zero)
qwen15b-ft-genia,decl-12-decoder-15b-genia,S13,verdict,avaliação,k>=5,,,hidden_norm,model_confidence,0.1669,0.2524,0.0855,0.0537,0.1186,1223.0,759.0,0.0,PIOR que a base
qwen15b-ft-genia,decl-12-decoder-15b-genia,S13,verdict,avaliação,aninhado,,,hidden_norm,model_confidence,0.4704,0.3801,-0.0903,-0.1547,-0.0286,440.0,317.0,0.0,ACRESCENTA
qwen15b-ft-genia,decl-12-decoder-15b-genia,S13,verdict,avaliação,plano,,,hidden_norm,model_confidence,0.1353,0.1672,0.0319,0.0162,0.0486,3505.0,1276.0,0.0,PIOR que a base
qwen15b-ft-genia,decl-12-decoder-15b-genia,S15,verdict,avaliação,todos,,,hidden_norm,aggseq,0.1549,0.1916,0.0367,0.018,0.0549,3945.0,1290.0,0.0,PIOR que a base
qwen15b-ft-genia,decl-12-decoder-15b-genia,S15,verdict,avaliação,k=1,,,hidden_norm,aggseq,0.301,0.3299,0.0289,-0.0693,0.1428,170.0,137.0,0.0,NÃO ACRESCENTA (IC contém zero)
qwen15b-ft-genia,decl-12-decoder-15b-genia,S15,verdict,avaliação,k=2,,,hidden_norm,aggseq,0.1626,0.1922,0.0296,-0.0033,0.0633,817.0,546.0,0.0,NÃO ACRESCENTA (IC contém zero)
qwen15b-ft-genia,decl-12-decoder-15b-genia,S15,verdict,avaliação,k=3-4,,,hidden_norm,aggseq,0.1337,0.1413,0.0076,-0.0151,0.0302,1735.0,897.0,0.0,NÃO ACRESCENTA (IC contém zero)
qwen15b-ft-genia,decl-12-decoder-15b-genia,S15,verdict,avaliação,k>=5,,,hidden_norm,aggseq,0.1658,0.2524,0.0866,0.0518,0.1249,1223.0,759.0,0.0,PIOR que a base
qwen15b-ft-genia,decl-12-decoder-15b-genia,S15,verdict,avaliação,aninhado,,,hidden_norm,aggseq,0.4377,0.3801,-0.0577,-0.1233,0.007,440.0,317.0,0.0,NÃO ACRESCENTA (IC contém zero)
qwen15b-ft-genia,decl-12-decoder-15b-genia,S15,verdict,avaliação,plano,,,hidden_norm,aggseq,0.1263,0.1672,0.0409,0.0233,0.0596,3505.0,1276.0,0.0,PIOR que a base
qwen15b-ft-genia,decl-12-decoder-15b-genia,S17,verdict,avaliação,todos,,,hidden_dist_centroide,model_confidence,0.1662,0.2608,0.0946,0.0766,0.1122,3945.0,1290.0,0.0,PIOR que a base
qwen15b-ft-genia,decl-12-decoder-15b-genia,S17,verdict,avaliação,k=1,,,hidden_dist_centroide,model_confidence,0.3262,0.4655,0.1393,0.0517,0.2183,170.0,137.0,0.0,PIOR que a base
qwen15b-ft-genia,decl-12-decoder-15b-genia,S17,verdict,avaliação,k=2,,,hidden_dist_centroide,model_confidence,0.1988,0.2764,0.0777,0.0365,0.1177,817.0,546.0,0.0,PIOR que a base
qwen15b-ft-genia,decl-12-decoder-15b-genia,S17,verdict,avaliação,k=3-4,,,hidden_dist_centroide,model_confidence,0.1384,0.197,0.0585,0.0355,0.0813,1735.0,897.0,0.0,PIOR que a base
qwen15b-ft-genia,decl-12-decoder-15b-genia,S17,verdict,avaliação,k>=5,,,hidden_dist_centroide,model_confidence,0.1669,0.283,0.1161,0.0824,0.1482,1223.0,759.0,0.0,PIOR que a base
qwen15b-ft-genia,decl-12-decoder-15b-genia,S17,verdict,avaliação,aninhado,,,hidden_dist_centroide,model_confidence,0.4704,0.4797,0.0094,-0.054,0.0717,440.0,317.0,0.0,NÃO ACRESCENTA (IC contém zero)
qwen15b-ft-genia,decl-12-decoder-15b-genia,S17,verdict,avaliação,plano,,,hidden_dist_centroide,model_confidence,0.1353,0.2284,0.0931,0.0741,0.112,3505.0,1276.0,0.0,PIOR que a base
qwen15b-ft-genia,decl-12-decoder-15b-genia,S19,verdict,avaliação,todos,,,hidden_dist_centroide,aggseq,0.1549,0.2608,0.1059,0.0849,0.1262,3945.0,1290.0,0.0,PIOR que a base
qwen15b-ft-genia,decl-12-decoder-15b-genia,S19,verdict,avaliação,k=1,,,hidden_dist_centroide,aggseq,0.301,0.4655,0.1645,0.0503,0.2916,170.0,137.0,0.0,PIOR que a base
qwen15b-ft-genia,decl-12-decoder-15b-genia,S19,verdict,avaliação,k=2,,,hidden_dist_centroide,aggseq,0.1626,0.2764,0.1139,0.0718,0.1548,817.0,546.0,0.0,PIOR que a base
qwen15b-ft-genia,decl-12-decoder-15b-genia,S19,verdict,avaliação,k=3-4,,,hidden_dist_centroide,aggseq,0.1337,0.197,0.0632,0.0352,0.0918,1735.0,897.0,0.0,PIOR que a base
qwen15b-ft-genia,decl-12-decoder-15b-genia,S19,verdict,avaliação,k>=5,,,hidden_dist_centroide,aggseq,0.1658,0.283,0.1171,0.0833,0.151,1223.0,759.0,0.0,PIOR que a base
qwen15b-ft-genia,decl-12-decoder-15b-genia,S19,verdict,avaliação,aninhado,,,hidden_dist_centroide,aggseq,0.4377,0.4797,0.042,-0.0234,0.1059,440.0,317.0,0.0,NÃO ACRESCENTA (IC contém zero)
qwen15b-ft-genia,decl-12-decoder-15b-genia,S19,verdict,avaliação,plano,,,hidden_dist_centroide,aggseq,0.1263,0.2284,0.1021,0.0806,0.1234,3505.0,1276.0,0.0,PIOR que a base
qwen15b-ft-genia,decl-12-decoder-15b-genia,S21,verdict,avaliação,todos,,,hidden_delta_camadas,model_confidence,0.1662,0.2425,0.0763,0.0581,0.0949,3945.0,1290.0,0.0,PIOR que a base
qwen15b-ft-genia,decl-12-decoder-15b-genia,S21,verdict,avaliação,k=1,,,hidden_delta_camadas,model_confidence,0.3262,0.4283,0.102,0.0011,0.1945,170.0,137.0,0.0,PIOR que a base
qwen15b-ft-genia,decl-12-decoder-15b-genia,S21,verdict,avaliação,k=2,,,hidden_delta_camadas,model_confidence,0.1988,0.2833,0.0845,0.0434,0.1265,817.0,546.0,0.0,PIOR que a base
qwen15b-ft-genia,decl-12-decoder-15b-genia,S21,verdict,avaliação,k=3-4,,,hidden_delta_camadas,model_confidence,0.1384,0.1905,0.0521,0.0287,0.077,1735.0,897.0,0.0,PIOR que a base
qwen15b-ft-genia,decl-12-decoder-15b-genia,S21,verdict,avaliação,k>=5,,,hidden_delta_camadas,model_confidence,0.1669,0.2731,0.1062,0.0743,0.139,1223.0,759.0,0.0,PIOR que a base
qwen15b-ft-genia,decl-12-decoder-15b-genia,S21,verdict,avaliação,aninhado,,,hidden_delta_camadas,model_confidence,0.4704,0.5082,0.0379,-0.0254,0.1046,440.0,317.0,0.0,NÃO ACRESCENTA (IC contém zero)
qwen15b-ft-genia,decl-12-decoder-15b-genia,S21,verdict,avaliação,plano,,,hidden_delta_camadas,model_confidence,0.1353,0.2124,0.0771,0.0591,0.0956,3505.0,1276.0,0.0,PIOR que a base
qwen15b-ft-genia,decl-12-decoder-15b-genia,S23,verdict,avaliação,todos,,,hidden_delta_camadas,aggseq,0.1549,0.2425,0.0876,0.0678,0.1082,3945.0,1290.0,0.0,PIOR que a base
qwen15b-ft-genia,decl-12-decoder-15b-genia,S23,verdict,avaliação,k=1,,,hidden_delta_camadas,aggseq,0.301,0.4283,0.1272,0.0287,0.237,170.0,137.0,0.0,PIOR que a base
qwen15b-ft-genia,decl-12-decoder-15b-genia,S23,verdict,avaliação,k=2,,,hidden_delta_camadas,aggseq,0.1626,0.2833,0.1207,0.0811,0.1615,817.0,546.0,0.0,PIOR que a base
qwen15b-ft-genia,decl-12-decoder-15b-genia,S23,verdict,avaliação,k=3-4,,,hidden_delta_camadas,aggseq,0.1337,0.1905,0.0568,0.0305,0.0825,1735.0,897.0,0.0,PIOR que a base
qwen15b-ft-genia,decl-12-decoder-15b-genia,S23,verdict,avaliação,k>=5,,,hidden_delta_camadas,aggseq,0.1658,0.2731,0.1073,0.072,0.1422,1223.0,759.0,0.0,PIOR que a base
qwen15b-ft-genia,decl-12-decoder-15b-genia,S23,verdict,avaliação,aninhado,,,hidden_delta_camadas,aggseq,0.4377,0.5082,0.0705,0.0094,0.1385,440.0,317.0,0.0,PIOR que a base
qwen15b-ft-genia,decl-12-decoder-15b-genia,S23,verdict,avaliação,plano,,,hidden_delta_camadas,aggseq,0.1263,0.2124,0.0861,0.0663,0.1064,3505.0,1276.0,0.0,PIOR que a base
qwen15b-ft-genia,decl-12-decoder-15b-genia,E25,verdict,avaliação,todos,,,sonda_ocultos,model_confidence,0.1662,0.1497,-0.0165,-0.0318,-0.0009,3945.0,1290.0,0.0,ACRESCENTA
qwen15b-ft-genia,decl-12-decoder-15b-genia,E25,verdict,avaliação,k=1,,,sonda_ocultos,model_confidence,0.3262,0.2256,-0.1007,-0.1904,-0.0036,170.0,137.0,0.0,ACRESCENTA
qwen15b-ft-genia,decl-12-decoder-15b-genia,E25,verdict,avaliação,k=2,,,sonda_ocultos,model_confidence,0.1988,0.1731,-0.0257,-0.0609,0.0104,817.0,546.0,0.0,NÃO ACRESCENTA (IC contém zero)
qwen15b-ft-genia,decl-12-decoder-15b-genia,E25,verdict,avaliação,k=3-4,,,sonda_ocultos,model_confidence,0.1384,0.1108,-0.0277,-0.0488,-0.0072,1735.0,897.0,0.0,ACRESCENTA
qwen15b-ft-genia,decl-12-decoder-15b-genia,E25,verdict,avaliação,k>=5,,,sonda_ocultos,model_confidence,0.1669,0.1979,0.031,0.0035,0.0585,1223.0,759.0,0.0,PIOR que a base
qwen15b-ft-genia,decl-12-decoder-15b-genia,E25,verdict,avaliação,aninhado,,,sonda_ocultos,model_confidence,0.4704,0.4251,-0.0453,-0.112,0.0184,440.0,317.0,0.0,NÃO ACRESCENTA (IC contém zero)
qwen15b-ft-genia,decl-12-decoder-15b-genia,E25,verdict,avaliação,plano,,,sonda_ocultos,model_confidence,0.1353,0.1207,-0.0146,-0.0288,-0.0009,3505.0,1276.0,0.0,ACRESCENTA
qwen15b-ft-genia,decl-12-decoder-15b-genia,E27,verdict,avaliação,todos,,,sonda_ocultos,aggseq,0.1549,0.1497,-0.0052,-0.023,0.0126,3945.0,1290.0,0.0,NÃO ACRESCENTA (IC contém zero)
qwen15b-ft-genia,decl-12-decoder-15b-genia,E27,verdict,avaliação,k=1,,,sonda_ocultos,aggseq,0.301,0.2256,-0.0755,-0.1653,0.0265,170.0,137.0,0.0,NÃO ACRESCENTA (IC contém zero)
qwen15b-ft-genia,decl-12-decoder-15b-genia,E27,verdict,avaliação,k=2,,,sonda_ocultos,aggseq,0.1626,0.1731,0.0105,-0.0268,0.0485,817.0,546.0,0.0,NÃO ACRESCENTA (IC contém zero)
qwen15b-ft-genia,decl-12-decoder-15b-genia,E27,verdict,avaliação,k=3-4,,,sonda_ocultos,aggseq,0.1337,0.1108,-0.023,-0.0442,-0.0034,1735.0,897.0,0.0,ACRESCENTA
qwen15b-ft-genia,decl-12-decoder-15b-genia,E27,verdict,avaliação,k>=5,,,sonda_ocultos,aggseq,0.1658,0.1979,0.0321,0.0015,0.0641,1223.0,759.0,0.0,PIOR que a base
qwen15b-ft-genia,decl-12-decoder-15b-genia,E27,verdict,avaliação,aninhado,,,sonda_ocultos,aggseq,0.4377,0.4251,-0.0126,-0.0725,0.0485,440.0,317.0,0.0,NÃO ACRESCENTA (IC contém zero)
qwen15b-ft-genia,decl-12-decoder-15b-genia,E27,verdict,avaliação,plano,,,sonda_ocultos,aggseq,0.1263,0.1207,-0.0056,-0.0215,0.0112,3505.0,1276.0,0.0,NÃO ACRESCENTA (IC contém zero)
qwen15b-ft-genia,decl-12-decoder-15b-genia,E29,verdict,avaliação,todos,,,sonda_atencao_cabecas,model_confidence,0.1662,0.1638,-0.0023,-0.0172,0.0133,3945.0,1290.0,0.0,NÃO ACRESCENTA (IC contém zero)
qwen15b-ft-genia,decl-12-decoder-15b-genia,E29,verdict,avaliação,k=1,,,sonda_atencao_cabecas,model_confidence,0.3262,0.3111,-0.0151,-0.106,0.0735,170.0,137.0,0.0,NÃO ACRESCENTA (IC contém zero)
qwen15b-ft-genia,decl-12-decoder-15b-genia,E29,verdict,avaliação,k=2,,,sonda_atencao_cabecas,model_confidence,0.1988,0.1845,-0.0142,-0.0459,0.0165,817.0,546.0,0.0,NÃO ACRESCENTA (IC contém zero)
qwen15b-ft-genia,decl-12-decoder-15b-genia,E29,verdict,avaliação,k=3-4,,,sonda_atencao_cabecas,model_confidence,0.1384,0.116,-0.0224,-0.0417,-0.0027,1735.0,897.0,0.0,ACRESCENTA
qwen15b-ft-genia,decl-12-decoder-15b-genia,E29,verdict,avaliação,k>=5,,,sonda_atencao_cabecas,model_confidence,0.1669,0.2002,0.0333,0.0041,0.0609,1223.0,759.0,0.0,PIOR que a base
qwen15b-ft-genia,decl-12-decoder-15b-genia,E29,verdict,avaliação,aninhado,,,sonda_atencao_cabecas,model_confidence,0.4704,0.3923,-0.078,-0.1308,-0.0213,440.0,317.0,0.0,ACRESCENTA
qwen15b-ft-genia,decl-12-decoder-15b-genia,E29,verdict,avaliação,plano,,,sonda_atencao_cabecas,model_confidence,0.1353,0.1402,0.0049,-0.0101,0.019,3505.0,1276.0,0.0,NÃO ACRESCENTA (IC contém zero)
qwen15b-ft-genia,decl-12-decoder-15b-genia,E31,verdict,avaliação,todos,,,sonda_atencao_cabecas,aggseq,0.1549,0.1638,0.0089,-0.0086,0.0256,3945.0,1290.0,0.0,NÃO ACRESCENTA (IC contém zero)
qwen15b-ft-genia,decl-12-decoder-15b-genia,E31,verdict,avaliação,k=1,,,sonda_atencao_cabecas,aggseq,0.301,0.3111,0.0101,-0.0723,0.1046,170.0,137.0,0.0,NÃO ACRESCENTA (IC contém zero)
qwen15b-ft-genia,decl-12-decoder-15b-genia,E31,verdict,avaliação,k=2,,,sonda_atencao_cabecas,aggseq,0.1626,0.1845,0.022,-0.0108,0.0525,817.0,546.0,0.0,NÃO ACRESCENTA (IC contém zero)
qwen15b-ft-genia,decl-12-decoder-15b-genia,E31,verdict,avaliação,k=3-4,,,sonda_atencao_cabecas,aggseq,0.1337,0.116,-0.0177,-0.0393,0.0029,1735.0,897.0,0.0,NÃO ACRESCENTA (IC contém zero)
qwen15b-ft-genia,decl-12-decoder-15b-genia,E31,verdict,avaliação,k>=5,,,sonda_atencao_cabecas,aggseq,0.1658,0.2002,0.0343,0.0042,0.0653,1223.0,759.0,0.0,PIOR que a base
qwen15b-ft-genia,decl-12-decoder-15b-genia,E31,verdict,avaliação,aninhado,,,sonda_atencao_cabecas,aggseq,0.4377,0.3923,-0.0454,-0.1019,0.0185,440.0,317.0,0.0,NÃO ACRESCENTA (IC contém zero)
qwen15b-ft-genia,decl-12-decoder-15b-genia,E31,verdict,avaliação,plano,,,sonda_atencao_cabecas,aggseq,0.1263,0.1402,0.0139,-0.0013,0.0297,3505.0,1276.0,0.0,NÃO ACRESCENTA (IC contém zero)
qwen15b-ft-genia,decl-12-decoder-15b-genia,escores,descriptive,avaliação,todos,aurc_acaso,0.2497,,,,,,,,,,,
qwen15b-ft-genia,decl-12-decoder-15b-genia,escores,descriptive,avaliação,todos,aurc_span_size,0.2567,,,,,,,,,,,NÃO melhor que o acaso
qwen15b-ft-genia,decl-12-decoder-15b-genia,escores,descriptive,avaliação,todos,aurc_geometric_fraction,0.2647,,,,,,,,,,,NÃO melhor que o acaso
qwen15b-ft-genia,decl-12-decoder-15b-genia,escores,descriptive,avaliação,todos,aurc_sentence_length,0.2403,,,,,,,,,,,melhor que o acaso
qwen15b-ft-genia,decl-12-decoder-15b-genia,escores,descriptive,avaliação,todos,aurc_row_entropy_causal,0.2368,,,,,,,,,,,melhor que o acaso
qwen15b-ft-genia,decl-12-decoder-15b-genia,escores,descriptive,avaliação,todos,aurc_row_max_causal,0.2707,,,,,,,,,,,NÃO melhor que o acaso
qwen15b-ft-genia,decl-12-decoder-15b-genia,escores,descriptive,avaliação,todos,aurc_hidden_norm,0.3442,,,,,,,,,,,NÃO melhor que o acaso
qwen15b-ft-genia,decl-12-decoder-15b-genia,escores,descriptive,avaliação,todos,aurc_hidden_dist_centroide,0.2608,,,,,,,,,,,NÃO melhor que o acaso
qwen15b-ft-genia,decl-12-decoder-15b-genia,escores,descriptive,avaliação,todos,aurc_hidden_delta_camadas,0.2765,,,,,,,,,,,NÃO melhor que o acaso
qwen15b-ft-genia,decl-12-decoder-15b-genia,escores,descriptive,avaliação,todos,aurc_sonda_ocultos,0.1497,,,,,,,,,,,melhor que o acaso
qwen15b-ft-genia,decl-12-decoder-15b-genia,escores,descriptive,avaliação,todos,aurc_sonda_atencao_cabecas,0.1638,,,,,,,,,,,melhor que o acaso
qwen15b-ft-genia,decl-12-decoder-15b-genia,escores,descriptive,avaliação,todos,aurc_span_mass,0.2629,,,,,,,,,,,NÃO melhor que o acaso
qwen15b-ft-genia,decl-12-decoder-15b-genia,escores,descriptive,avaliação,todos,aurc_model_confidence,0.1662,,,,,,,,,,,melhor que o acaso
qwen15b-ft-genia,decl-12-decoder-15b-genia,controle,descriptive,teste inteiro,todos,corr_span_size_vs_comprimento,0.0699,,,,,,,,,,,
qwen15b-ft-genia,decl-12-decoder-15b-genia,controle,descriptive,teste inteiro,todos,corr_geometric_fraction_vs_comprimento,-0.3153,,,,,,,,,,,
qwen15b-ft-genia,decl-12-decoder-15b-genia,controle,descriptive,teste inteiro,todos,corr_sentence_length_vs_comprimento,1.0,,,,,,,,,,,
qwen15b-ft-genia,decl-12-decoder-15b-genia,controle,descriptive,teste inteiro,todos,corr_row_entropy_causal_vs_comprimento,0.4337,,,,,,,,,,,
qwen15b-ft-genia,decl-12-decoder-15b-genia,controle,descriptive,teste inteiro,todos,corr_row_max_causal_vs_comprimento,-0.3683,,,,,,,,,,,
qwen15b-ft-genia,decl-12-decoder-15b-genia,controle,descriptive,teste inteiro,todos,corr_hidden_norm_vs_comprimento,-0.1793,,,,,,,,,,,
qwen15b-ft-genia,decl-12-decoder-15b-genia,controle,descriptive,teste inteiro,todos,corr_hidden_dist_centroide_vs_comprimento,0.0382,,,,,,,,,,,
qwen15b-ft-genia,decl-12-decoder-15b-genia,controle,descriptive,teste inteiro,todos,corr_hidden_delta_camadas_vs_comprimento,-0.2707,,,,,,,,,,,
qwen15b-ft-genia,decl-12-decoder-15b-genia,controle,descriptive,teste inteiro,todos,corr_sonda_ocultos_vs_comprimento,0.0506,,,,,,,,,,,
qwen15b-ft-genia,decl-12-decoder-15b-genia,controle,descriptive,teste inteiro,todos,corr_sonda_atencao_cabecas_vs_comprimento,0.0236,,,,,,,,,,,
qwen15b-ft-genia,decl-12-decoder-15b-genia,controle,descriptive,teste inteiro,todos,corr_span_mass_vs_comprimento,-0.331,,,,,,,,,,,
qwen15b-ft-genia,decl-12-decoder-15b-genia,controle,descriptive,teste inteiro,todos,corr_model_confidence_vs_comprimento,-0.145,,,,,,,,,,,
qwen15b-ft-genia,adenda-01,AD1-A-sonda_ocultos,verdict,avaliação,todos,,,sonda_ocultos,base_treinada,0.1866,0.1497,-0.0369,-0.0537,-0.02,3945.0,1290.0,0.0,ACRESCENTA
qwen15b-ft-genia,adenda-01,AD1-A-sonda_ocultos,verdict,avaliação,k=1,,,sonda_ocultos,base_treinada,0.2798,0.2256,-0.0543,-0.1383,0.0307,170.0,137.0,0.0,NÃO ACRESCENTA (IC contém zero)
qwen15b-ft-genia,adenda-01,AD1-A-sonda_ocultos,verdict,avaliação,k=2,,,sonda_ocultos,base_treinada,0.1993,0.1731,-0.0262,-0.064,0.0109,817.0,546.0,0.0,NÃO ACRESCENTA (IC contém zero)
qwen15b-ft-genia,adenda-01,AD1-A-sonda_ocultos,verdict,avaliação,k=3-4,,,sonda_ocultos,base_treinada,0.1462,0.1108,-0.0355,-0.0551,-0.0156,1735.0,897.0,0.0,ACRESCENTA
qwen15b-ft-genia,adenda-01,AD1-A-sonda_ocultos,verdict,avaliação,k>=5,,,sonda_ocultos,base_treinada,0.2286,0.1979,-0.0307,-0.0635,0.0018,1223.0,759.0,0.0,NÃO ACRESCENTA (IC contém zero)
qwen15b-ft-genia,adenda-01,AD1-A-sonda_ocultos,verdict,avaliação,aninhado,,,sonda_ocultos,base_treinada,0.4402,0.4251,-0.0151,-0.0817,0.0453,440.0,317.0,0.0,NÃO ACRESCENTA (IC contém zero)
qwen15b-ft-genia,adenda-01,AD1-A-sonda_ocultos,verdict,avaliação,plano,,,sonda_ocultos,base_treinada,0.1585,0.1207,-0.0378,-0.054,-0.0224,3505.0,1276.0,0.0,ACRESCENTA
qwen15b-ft-genia,adenda-01,AD1-A-sonda_atencao_cabecas,verdict,avaliação,todos,,,sonda_atencao_cabecas,base_treinada,0.1866,0.1638,-0.0228,-0.0396,-0.0064,3945.0,1290.0,0.0,ACRESCENTA
qwen15b-ft-genia,adenda-01,AD1-A-sonda_atencao_cabecas,verdict,avaliação,k=1,,,sonda_atencao_cabecas,base_treinada,0.2798,0.3111,0.0313,-0.0553,0.1179,170.0,137.0,0.0,NÃO ACRESCENTA (IC contém zero)
qwen15b-ft-genia,adenda-01,AD1-A-sonda_atencao_cabecas,verdict,avaliação,k=2,,,sonda_atencao_cabecas,base_treinada,0.1993,0.1845,-0.0147,-0.0469,0.0156,817.0,546.0,0.0,NÃO ACRESCENTA (IC contém zero)
qwen15b-ft-genia,adenda-01,AD1-A-sonda_atencao_cabecas,verdict,avaliação,k=3-4,,,sonda_atencao_cabecas,base_treinada,0.1462,0.116,-0.0302,-0.0492,-0.0112,1735.0,897.0,0.0,ACRESCENTA
qwen15b-ft-genia,adenda-01,AD1-A-sonda_atencao_cabecas,verdict,avaliação,k>=5,,,sonda_atencao_cabecas,base_treinada,0.2286,0.2002,-0.0284,-0.0622,0.0047,1223.0,759.0,0.0,NÃO ACRESCENTA (IC contém zero)
qwen15b-ft-genia,adenda-01,AD1-A-sonda_atencao_cabecas,verdict,avaliação,aninhado,,,sonda_atencao_cabecas,base_treinada,0.4402,0.3923,-0.0478,-0.1016,0.0084,440.0,317.0,0.0,NÃO ACRESCENTA (IC contém zero)
qwen15b-ft-genia,adenda-01,AD1-A-sonda_atencao_cabecas,verdict,avaliação,plano,,,sonda_atencao_cabecas,base_treinada,0.1585,0.1402,-0.0182,-0.0352,-0.0014,3505.0,1276.0,0.0,ACRESCENTA
qwen15b-ft-genia,adenda-01,AD1-A-sonda_ocultos_ajustada,verdict,avaliação,todos,,,sonda_ocultos_ajustada,base_treinada_ajustada,0.1861,0.1276,-0.0584,-0.0743,-0.0437,3945.0,1290.0,0.0,ACRESCENTA
qwen15b-ft-genia,adenda-01,AD1-A-sonda_ocultos_ajustada,verdict,avaliação,k=1,,,sonda_ocultos_ajustada,base_treinada_ajustada,0.2795,0.2346,-0.0449,-0.1307,0.0374,170.0,137.0,0.0,NÃO ACRESCENTA (IC contém zero)
qwen15b-ft-genia,adenda-01,AD1-A-sonda_ocultos_ajustada,verdict,avaliação,k=2,,,sonda_ocultos_ajustada,base_treinada_ajustada,0.1987,0.1409,-0.0578,-0.0928,-0.0256,817.0,546.0,0.0,ACRESCENTA
qwen15b-ft-genia,adenda-01,AD1-A-sonda_ocultos_ajustada,verdict,avaliação,k=3-4,,,sonda_ocultos_ajustada,base_treinada_ajustada,0.1458,0.0887,-0.0571,-0.075,-0.0399,1735.0,897.0,0.0,ACRESCENTA
qwen15b-ft-genia,adenda-01,AD1-A-sonda_ocultos_ajustada,verdict,avaliação,k>=5,,,sonda_ocultos_ajustada,base_treinada_ajustada,0.2284,0.1823,-0.0461,-0.0756,-0.0143,1223.0,759.0,0.0,ACRESCENTA
qwen15b-ft-genia,adenda-01,AD1-A-sonda_ocultos_ajustada,verdict,avaliação,aninhado,,,sonda_ocultos_ajustada,base_treinada_ajustada,0.4392,0.3535,-0.0857,-0.144,-0.0285,440.0,317.0,0.0,ACRESCENTA
qwen15b-ft-genia,adenda-01,AD1-A-sonda_ocultos_ajustada,verdict,avaliação,plano,,,sonda_ocultos_ajustada,base_treinada_ajustada,0.1579,0.1046,-0.0533,-0.0684,-0.0385,3505.0,1276.0,0.0,ACRESCENTA
qwen15b-ft-genia,adenda-01,AD1-A-sonda_atencao_cabecas_ajustada,verdict,avaliação,todos,,,sonda_atencao_cabecas_ajustada,base_treinada_ajustada,0.1861,0.127,-0.059,-0.075,-0.0449,3945.0,1290.0,0.0,ACRESCENTA
qwen15b-ft-genia,adenda-01,AD1-A-sonda_atencao_cabecas_ajustada,verdict,avaliação,k=1,,,sonda_atencao_cabecas_ajustada,base_treinada_ajustada,0.2795,0.2554,-0.0241,-0.1145,0.052,170.0,137.0,0.0,NÃO ACRESCENTA (IC contém zero)
qwen15b-ft-genia,adenda-01,AD1-A-sonda_atencao_cabecas_ajustada,verdict,avaliação,k=2,,,sonda_atencao_cabecas_ajustada,base_treinada_ajustada,0.1987,0.143,-0.0557,-0.087,-0.0268,817.0,546.0,0.0,ACRESCENTA
qwen15b-ft-genia,adenda-01,AD1-A-sonda_atencao_cabecas_ajustada,verdict,avaliação,k=3-4,,,sonda_atencao_cabecas_ajustada,base_treinada_ajustada,0.1458,0.0892,-0.0566,-0.0742,-0.04,1735.0,897.0,0.0,ACRESCENTA
qwen15b-ft-genia,adenda-01,AD1-A-sonda_atencao_cabecas_ajustada,verdict,avaliação,k>=5,,,sonda_atencao_cabecas_ajustada,base_treinada_ajustada,0.2284,0.1783,-0.0501,-0.083,-0.0174,1223.0,759.0,0.0,ACRESCENTA
qwen15b-ft-genia,adenda-01,AD1-A-sonda_atencao_cabecas_ajustada,verdict,avaliação,aninhado,,,sonda_atencao_cabecas_ajustada,base_treinada_ajustada,0.4392,0.3322,-0.1069,-0.1545,-0.0561,440.0,317.0,0.0,ACRESCENTA
qwen15b-ft-genia,adenda-01,AD1-A-sonda_atencao_cabecas_ajustada,verdict,avaliação,plano,,,sonda_atencao_cabecas_ajustada,base_treinada_ajustada,0.1579,0.1052,-0.0528,-0.068,-0.0379,3505.0,1276.0,0.0,ACRESCENTA
qwen15b-ft-genia,adenda-01,escores,descriptive,avaliação,todos,aurc_acaso,0.2497,,,,,,,,,,,
qwen15b-ft-genia,adenda-01,escores,descriptive,avaliação,todos,aurc_span_size,0.2567,,,,,,,,,,,NÃO melhor que o acaso
qwen15b-ft-genia,adenda-01,escores,descriptive,avaliação,todos,aurc_geometric_fraction,0.2647,,,,,,,,,,,NÃO melhor que o acaso
qwen15b-ft-genia,adenda-01,escores,descriptive,avaliação,todos,aurc_sentence_length,0.2403,,,,,,,,,,,melhor que o acaso
qwen15b-ft-genia,adenda-01,escores,descriptive,avaliação,todos,aurc_row_entropy_causal,0.2368,,,,,,,,,,,melhor que o acaso
qwen15b-ft-genia,adenda-01,escores,descriptive,avaliação,todos,aurc_row_max_causal,0.2707,,,,,,,,,,,NÃO melhor que o acaso
qwen15b-ft-genia,adenda-01,escores,descriptive,avaliação,todos,aurc_hidden_norm,0.3442,,,,,,,,,,,NÃO melhor que o acaso
qwen15b-ft-genia,adenda-01,escores,descriptive,avaliação,todos,aurc_hidden_dist_centroide,0.2608,,,,,,,,,,,NÃO melhor que o acaso
qwen15b-ft-genia,adenda-01,escores,descriptive,avaliação,todos,aurc_hidden_delta_camadas,0.2765,,,,,,,,,,,NÃO melhor que o acaso
qwen15b-ft-genia,adenda-01,escores,descriptive,avaliação,todos,aurc_sonda_ocultos,0.1497,,,,,,,,,,,melhor que o acaso
qwen15b-ft-genia,adenda-01,escores,descriptive,avaliação,todos,aurc_sonda_atencao_cabecas,0.1638,,,,,,,,,,,melhor que o acaso
qwen15b-ft-genia,adenda-01,escores,descriptive,avaliação,todos,aurc_span_mass,0.2629,,,,,,,,,,,NÃO melhor que o acaso
qwen15b-ft-genia,adenda-01,escores,descriptive,avaliação,todos,aurc_model_confidence,0.1662,,,,,,,,,,,melhor que o acaso
qwen15b-ft-genia,adenda-01,controle,descriptive,teste inteiro,todos,corr_span_size_vs_comprimento,0.0699,,,,,,,,,,,
qwen15b-ft-genia,adenda-01,controle,descriptive,teste inteiro,todos,corr_geometric_fraction_vs_comprimento,-0.3153,,,,,,,,,,,
qwen15b-ft-genia,adenda-01,controle,descriptive,teste inteiro,todos,corr_sentence_length_vs_comprimento,1.0,,,,,,,,,,,
qwen15b-ft-genia,adenda-01,controle,descriptive,teste inteiro,todos,corr_row_entropy_causal_vs_comprimento,0.4337,,,,,,,,,,,
qwen15b-ft-genia,adenda-01,controle,descriptive,teste inteiro,todos,corr_row_max_causal_vs_comprimento,-0.3683,,,,,,,,,,,
qwen15b-ft-genia,adenda-01,controle,descriptive,teste inteiro,todos,corr_hidden_norm_vs_comprimento,-0.1793,,,,,,,,,,,
qwen15b-ft-genia,adenda-01,controle,descriptive,teste inteiro,todos,corr_hidden_dist_centroide_vs_comprimento,0.0382,,,,,,,,,,,
qwen15b-ft-genia,adenda-01,controle,descriptive,teste inteiro,todos,corr_hidden_delta_camadas_vs_comprimento,-0.2707,,,,,,,,,,,
qwen15b-ft-genia,adenda-01,controle,descriptive,teste inteiro,todos,corr_sonda_ocultos_vs_comprimento,0.0506,,,,,,,,,,,
qwen15b-ft-genia,adenda-01,controle,descriptive,teste inteiro,todos,corr_sonda_atencao_cabecas_vs_comprimento,0.0236,,,,,,,,,,,
qwen15b-ft-genia,adenda-01,controle,descriptive,teste inteiro,todos,corr_span_mass_vs_comprimento,-0.331,,,,,,,,,,,
qwen15b-ft-genia,adenda-01,controle,descriptive,teste inteiro,todos,corr_model_confidence_vs_comprimento,-0.145,,,,,,,,,,,
qwen15b-ft-conll2003,decl-13-decoder-15b-conll,D1,descriptive,teste inteiro,todos,R2_massa_vs_fracao_geometrica,0.8818,,,,,,,,,,,
qwen15b-ft-conll2003,decl-13-decoder-15b-conll,D1,descriptive,teste inteiro,todos,mediana_observado_sobre_esperado,0.436,,,,,,,,,,,
qwen15b-ft-conll2003,decl-13-decoder-15b-conll,D1,descriptive,teste inteiro,todos,n_entidades,6329.0,,,,,,,,,,,
qwen15b-ft-conll2003,decl-13-decoder-15b-conll,D1,descriptive,teste inteiro,k=1,R2_massa_vs_fracao_geometrica,0.6387,,,,,,,,,,,
qwen15b-ft-conll2003,decl-13-decoder-15b-conll,D1,descriptive,teste inteiro,k=1,mediana_observado_sobre_esperado,0.5922,,,,,,,,,,,
qwen15b-ft-conll2003,decl-13-decoder-15b-conll,D1,descriptive,teste inteiro,k=1,n_entidades,2151.0,,,,,,,,,,,
qwen15b-ft-conll2003,decl-13-decoder-15b-conll,D1,descriptive,teste inteiro,k=2,R2_massa_vs_fracao_geometrica,0.8072,,,,,,,,,,,
qwen15b-ft-conll2003,decl-13-decoder-15b-conll,D1,descriptive,teste inteiro,k=2,mediana_observado_sobre_esperado,0.4018,,,,,,,,,,,
qwen15b-ft-conll2003,decl-13-decoder-15b-conll,D1,descriptive,teste inteiro,k=2,n_entidades,1564.0,,,,,,,,,,,
qwen15b-ft-conll2003,decl-13-decoder-15b-conll,D1,descriptive,teste inteiro,k=3-4,R2_massa_vs_fracao_geometrica,0.8469,,,,,,,,,,,
qwen15b-ft-conll2003,decl-13-decoder-15b-conll,D1,descriptive,teste inteiro,k=3-4,mediana_observado_sobre_esperado,0.3358,,,,,,,,,,,
qwen15b-ft-conll2003,decl-13-decoder-15b-conll,D1,descriptive,teste inteiro,k=3-4,n_entidades,1938.0,,,,,,,,,,,
qwen15b-ft-conll2003,decl-13-decoder-15b-conll,D1,descriptive,teste inteiro,k>=5,R2_massa_vs_fracao_geometrica,0.8551,,,,,,,,,,,
qwen15b-ft-conll2003,decl-13-decoder-15b-conll,D1,descriptive,teste inteiro,k>=5,mediana_observado_sobre_esperado,0.3146,,,,,,,,,,,
qwen15b-ft-conll2003,decl-13-decoder-15b-conll,D1,descriptive,teste inteiro,k>=5,n_entidades,676.0,,,,,,,,,,,
qwen15b-ft-conll2003,decl-13-decoder-15b-conll,D2,descriptive,teste inteiro,todos,R2_massa_vs_fracao_geometrica,0.8818,,,,,,,,,,,
qwen15b-ft-conll2003,decl-13-decoder-15b-conll,D2,descriptive,teste inteiro,todos,mediana_observado_sobre_esperado,0.436,,,,,,,,,,,
qwen15b-ft-conll2003,decl-13-decoder-15b-conll,D2,descriptive,teste inteiro,todos,n_entidades,6329.0,,,,,,,,,,,
qwen15b-ft-conll2003,decl-13-decoder-15b-conll,D2,descriptive,teste inteiro,k=1,R2_massa_vs_fracao_geometrica,0.6387,,,,,,,,,,,
qwen15b-ft-conll2003,decl-13-decoder-15b-conll,D2,descriptive,teste inteiro,k=1,mediana_observado_sobre_esperado,0.5922,,,,,,,,,,,
qwen15b-ft-conll2003,decl-13-decoder-15b-conll,D2,descriptive,teste inteiro,k=1,n_entidades,2151.0,,,,,,,,,,,
qwen15b-ft-conll2003,decl-13-decoder-15b-conll,D2,descriptive,teste inteiro,k=2,R2_massa_vs_fracao_geometrica,0.8072,,,,,,,,,,,
qwen15b-ft-conll2003,decl-13-decoder-15b-conll,D2,descriptive,teste inteiro,k=2,mediana_observado_sobre_esperado,0.4018,,,,,,,,,,,
qwen15b-ft-conll2003,decl-13-decoder-15b-conll,D2,descriptive,teste inteiro,k=2,n_entidades,1564.0,,,,,,,,,,,
qwen15b-ft-conll2003,decl-13-decoder-15b-conll,D2,descriptive,teste inteiro,k=3-4,R2_massa_vs_fracao_geometrica,0.8469,,,,,,,,,,,
qwen15b-ft-conll2003,decl-13-decoder-15b-conll,D2,descriptive,teste inteiro,k=3-4,mediana_observado_sobre_esperado,0.3358,,,,,,,,,,,
qwen15b-ft-conll2003,decl-13-decoder-15b-conll,D2,descriptive,teste inteiro,k=3-4,n_entidades,1938.0,,,,,,,,,,,
qwen15b-ft-conll2003,decl-13-decoder-15b-conll,D2,descriptive,teste inteiro,k>=5,R2_massa_vs_fracao_geometrica,0.8551,,,,,,,,,,,
qwen15b-ft-conll2003,decl-13-decoder-15b-conll,D2,descriptive,teste inteiro,k>=5,mediana_observado_sobre_esperado,0.3146,,,,,,,,,,,
qwen15b-ft-conll2003,decl-13-decoder-15b-conll,D2,descriptive,teste inteiro,k>=5,n_entidades,676.0,,,,,,,,,,,
qwen15b-ft-conll2003,decl-13-decoder-15b-conll,C2,verdict,avaliação,todos,,,span_mass,geometric_fraction,0.131,0.1492,0.0182,0.0132,0.0239,4437.0,2395.0,0.0,PIOR que a base
qwen15b-ft-conll2003,decl-13-decoder-15b-conll,C2,verdict,avaliação,k=1,,,span_mass,geometric_fraction,0.1011,0.1462,0.0451,0.0354,0.0568,1529.0,1169.0,0.0,PIOR que a base
qwen15b-ft-conll2003,decl-13-decoder-15b-conll,C2,verdict,avaliação,k=2,,,span_mass,geometric_fraction,0.1572,0.1566,-0.0006,-0.0112,0.0098,1116.0,893.0,0.0,NÃO ACRESCENTA (IC contém zero)
qwen15b-ft-conll2003,decl-13-decoder-15b-conll,C2,verdict,avaliação,k=3-4,,,span_mass,geometric_fraction,0.0991,0.0977,-0.0014,-0.0081,0.0063,1332.0,1032.0,0.0,NÃO ACRESCENTA (IC contém zero)
qwen15b-ft-conll2003,decl-13-decoder-15b-conll,C2,verdict,avaliação,k>=5,,,span_mass,geometric_fraction,0.1174,0.1271,0.0097,-0.0032,0.0277,460.0,415.0,0.0,NÃO ACRESCENTA (IC contém zero)
qwen15b-ft-conll2003,decl-13-decoder-15b-conll,C2,verdict,avaliação,aninhado,,,,,,,,,,47.0,,,NÃO AVALIADO (estrato pequeno ou de perda constante)
qwen15b-ft-conll2003,decl-13-decoder-15b-conll,C2,verdict,avaliação,plano,,,span_mass,geometric_fraction,0.1149,0.1334,0.0185,0.0136,0.0237,4390.0,2391.0,0.0,PIOR que a base
qwen15b-ft-conll2003,decl-13-decoder-15b-conll,C3,verdict,avaliação,todos,,,model_confidence+enrichment,model_confidence,0.0584,0.0584,0.0,0.0,0.0,4437.0,2395.0,0.0,NÃO ACRESCENTA (IC contém zero)
qwen15b-ft-conll2003,decl-13-decoder-15b-conll,C3,verdict,avaliação,k=1,,,model_confidence+enrichment,model_confidence,0.0645,0.0645,0.0,0.0,0.0,1529.0,1169.0,0.0,NÃO ACRESCENTA (IC contém zero)
qwen15b-ft-conll2003,decl-13-decoder-15b-conll,C3,verdict,avaliação,k=2,,,model_confidence+enrichment,model_confidence,0.0696,0.0696,0.0,0.0,0.0,1116.0,893.0,0.0,NÃO ACRESCENTA (IC contém zero)
qwen15b-ft-conll2003,decl-13-decoder-15b-conll,C3,verdict,avaliação,k=3-4,,,model_confidence+enrichment,model_confidence,0.0472,0.0472,0.0,0.0,0.0,1332.0,1032.0,0.0,NÃO ACRESCENTA (IC contém zero)
qwen15b-ft-conll2003,decl-13-decoder-15b-conll,C3,verdict,avaliação,k>=5,,,model_confidence+enrichment,model_confidence,0.0586,0.0586,0.0,0.0,0.0,460.0,415.0,0.0,NÃO ACRESCENTA (IC contém zero)
qwen15b-ft-conll2003,decl-13-decoder-15b-conll,C3,verdict,avaliação,aninhado,,,,,,,,,,47.0,,,NÃO AVALIADO (estrato pequeno ou de perda constante)
qwen15b-ft-conll2003,decl-13-decoder-15b-conll,C3,verdict,avaliação,plano,,,model_confidence+enrichment,model_confidence,0.0523,0.0523,0.0,0.0,0.0,4390.0,2391.0,0.0,NÃO ACRESCENTA (IC contém zero)
qwen15b-ft-conll2003,decl-13-decoder-15b-conll,S1,verdict,avaliação,todos,,,span_mass,model_confidence,0.0584,0.1492,0.0908,0.0758,0.1061,4437.0,2395.0,0.0,PIOR que a base
qwen15b-ft-conll2003,decl-13-decoder-15b-conll,S1,verdict,avaliação,k=1,,,span_mass,model_confidence,0.0645,0.1462,0.0817,0.0576,0.1069,1529.0,1169.0,0.0,PIOR que a base
qwen15b-ft-conll2003,decl-13-decoder-15b-conll,S1,verdict,avaliação,k=2,,,span_mass,model_confidence,0.0696,0.1566,0.087,0.0585,0.1169,1116.0,893.0,0.0,PIOR que a base
qwen15b-ft-conll2003,decl-13-decoder-15b-conll,S1,verdict,avaliação,k=3-4,,,span_mass,model_confidence,0.0472,0.0977,0.0505,0.0294,0.0754,1332.0,1032.0,0.0,PIOR que a base
qwen15b-ft-conll2003,decl-13-decoder-15b-conll,S1,verdict,avaliação,k>=5,,,span_mass,model_confidence,0.0586,0.1271,0.0685,0.0328,0.1164,460.0,415.0,0.0,PIOR que a base
qwen15b-ft-conll2003,decl-13-decoder-15b-conll,S1,verdict,avaliação,aninhado,,,,,,,,,,47.0,,,NÃO AVALIADO (estrato pequeno ou de perda constante)
qwen15b-ft-conll2003,decl-13-decoder-15b-conll,S1,verdict,avaliação,plano,,,span_mass,model_confidence,0.0523,0.1334,0.0812,0.0684,0.0956,4390.0,2391.0,0.0,PIOR que a base
qwen15b-ft-conll2003,decl-13-decoder-15b-conll,S3,verdict,avaliação,todos,,,span_mass,aggseq,0.0534,0.1492,0.0958,0.081,0.11,4437.0,2395.0,0.0,PIOR que a base
qwen15b-ft-conll2003,decl-13-decoder-15b-conll,S3,verdict,avaliação,k=1,,,span_mass,aggseq,0.0439,0.1462,0.1023,0.0821,0.1236,1529.0,1169.0,0.0,PIOR que a base
qwen15b-ft-conll2003,decl-13-decoder-15b-conll,S3,verdict,avaliação,k=2,,,span_mass,aggseq,0.0534,0.1566,0.1032,0.0733,0.1351,1116.0,893.0,0.0,PIOR que a base
qwen15b-ft-conll2003,decl-13-decoder-15b-conll,S3,verdict,avaliação,k=3-4,,,span_mass,aggseq,0.0683,0.0977,0.0294,0.0006,0.0569,1332.0,1032.0,0.0,PIOR que a base
qwen15b-ft-conll2003,decl-13-decoder-15b-conll,S3,verdict,avaliação,k>=5,,,span_mass,aggseq,0.0435,0.1271,0.0836,0.0461,0.1335,460.0,415.0,0.0,PIOR que a base
qwen15b-ft-conll2003,decl-13-decoder-15b-conll,S3,verdict,avaliação,aninhado,,,,,,,,,,47.0,,,NÃO AVALIADO (estrato pequeno ou de perda constante)
qwen15b-ft-conll2003,decl-13-decoder-15b-conll,S3,verdict,avaliação,plano,,,span_mass,aggseq,0.048,0.1334,0.0854,0.0716,0.0994,4390.0,2391.0,0.0,PIOR que a base
qwen15b-ft-conll2003,decl-13-decoder-15b-conll,S5,verdict,avaliação,todos,,,row_entropy_causal,model_confidence,0.0584,0.127,0.0686,0.0547,0.0828,4437.0,2395.0,0.0,PIOR que a base
qwen15b-ft-conll2003,decl-13-decoder-15b-conll,S5,verdict,avaliação,k=1,,,row_entropy_causal,model_confidence,0.0645,0.1006,0.0361,0.0153,0.0574,1529.0,1169.0,0.0,PIOR que a base
qwen15b-ft-conll2003,decl-13-decoder-15b-conll,S5,verdict,avaliação,k=2,,,row_entropy_causal,model_confidence,0.0696,0.1699,0.1003,0.0689,0.1325,1116.0,893.0,0.0,PIOR que a base
qwen15b-ft-conll2003,decl-13-decoder-15b-conll,S5,verdict,avaliação,k=3-4,,,row_entropy_causal,model_confidence,0.0472,0.1089,0.0616,0.0412,0.0867,1332.0,1032.0,0.0,PIOR que a base
qwen15b-ft-conll2003,decl-13-decoder-15b-conll,S5,verdict,avaliação,k>=5,,,row_entropy_causal,model_confidence,0.0586,0.2039,0.1454,0.0949,0.2054,460.0,415.0,0.0,PIOR que a base
qwen15b-ft-conll2003,decl-13-decoder-15b-conll,S5,verdict,avaliação,aninhado,,,,,,,,,,47.0,,,NÃO AVALIADO (estrato pequeno ou de perda constante)
qwen15b-ft-conll2003,decl-13-decoder-15b-conll,S5,verdict,avaliação,plano,,,row_entropy_causal,model_confidence,0.0523,0.1101,0.0578,0.0449,0.0716,4390.0,2391.0,0.0,PIOR que a base
qwen15b-ft-conll2003,decl-13-decoder-15b-conll,S7,verdict,avaliação,todos,,,row_entropy_causal,aggseq,0.0534,0.127,0.0736,0.0593,0.0874,4437.0,2395.0,0.0,PIOR que a base
qwen15b-ft-conll2003,decl-13-decoder-15b-conll,S7,verdict,avaliação,k=1,,,row_entropy_causal,aggseq,0.0439,0.1006,0.0567,0.0394,0.0746,1529.0,1169.0,0.0,PIOR que a base
qwen15b-ft-conll2003,decl-13-decoder-15b-conll,S7,verdict,avaliação,k=2,,,row_entropy_causal,aggseq,0.0534,0.1699,0.1166,0.0848,0.1488,1116.0,893.0,0.0,PIOR que a base
qwen15b-ft-conll2003,decl-13-decoder-15b-conll,S7,verdict,avaliação,k=3-4,,,row_entropy_causal,aggseq,0.0683,0.1089,0.0405,0.0116,0.068,1332.0,1032.0,0.0,PIOR que a base
qwen15b-ft-conll2003,decl-13-decoder-15b-conll,S7,verdict,avaliação,k>=5,,,row_entropy_causal,aggseq,0.0435,0.2039,0.1604,0.1091,0.2217,460.0,415.0,0.0,PIOR que a base
qwen15b-ft-conll2003,decl-13-decoder-15b-conll,S7,verdict,avaliação,aninhado,,,,,,,,,,47.0,,,NÃO AVALIADO (estrato pequeno ou de perda constante)
qwen15b-ft-conll2003,decl-13-decoder-15b-conll,S7,verdict,avaliação,plano,,,row_entropy_causal,aggseq,0.048,0.1101,0.0621,0.049,0.0753,4390.0,2391.0,0.0,PIOR que a base
qwen15b-ft-conll2003,decl-13-decoder-15b-conll,S9,verdict,avaliação,todos,,,row_max_causal,model_confidence,0.0584,0.1347,0.0762,0.0609,0.0923,4437.0,2395.0,0.0,PIOR que a base
qwen15b-ft-conll2003,decl-13-decoder-15b-conll,S9,verdict,avaliação,k=1,,,row_max_causal,model_confidence,0.0645,0.1033,0.0388,0.0158,0.0635,1529.0,1169.0,0.0,PIOR que a base
qwen15b-ft-conll2003,decl-13-decoder-15b-conll,S9,verdict,avaliação,k=2,,,row_max_causal,model_confidence,0.0696,0.1705,0.1009,0.0706,0.1334,1116.0,893.0,0.0,PIOR que a base
qwen15b-ft-conll2003,decl-13-decoder-15b-conll,S9,verdict,avaliação,k=3-4,,,row_max_causal,model_confidence,0.0472,0.1179,0.0707,0.0476,0.0973,1332.0,1032.0,0.0,PIOR que a base
qwen15b-ft-conll2003,decl-13-decoder-15b-conll,S9,verdict,avaliação,k>=5,,,row_max_causal,model_confidence,0.0586,0.2495,0.1909,0.1327,0.2561,460.0,415.0,0.0,PIOR que a base
qwen15b-ft-conll2003,decl-13-decoder-15b-conll,S9,verdict,avaliação,aninhado,,,,,,,,,,47.0,,,NÃO AVALIADO (estrato pequeno ou de perda constante)
qwen15b-ft-conll2003,decl-13-decoder-15b-conll,S9,verdict,avaliação,plano,,,row_max_causal,model_confidence,0.0523,0.1179,0.0656,0.0512,0.081,4390.0,2391.0,0.0,PIOR que a base
qwen15b-ft-conll2003,decl-13-decoder-15b-conll,S11,verdict,avaliação,todos,,,row_max_causal,aggseq,0.0534,0.1347,0.0813,0.0664,0.0959,4437.0,2395.0,0.0,PIOR que a base
qwen15b-ft-conll2003,decl-13-decoder-15b-conll,S11,verdict,avaliação,k=1,,,row_max_causal,aggseq,0.0439,0.1033,0.0594,0.0411,0.0794,1529.0,1169.0,0.0,PIOR que a base
qwen15b-ft-conll2003,decl-13-decoder-15b-conll,S11,verdict,avaliação,k=2,,,row_max_causal,aggseq,0.0534,0.1705,0.1171,0.0866,0.1489,1116.0,893.0,0.0,PIOR que a base
qwen15b-ft-conll2003,decl-13-decoder-15b-conll,S11,verdict,avaliação,k=3-4,,,row_max_causal,aggseq,0.0683,0.1179,0.0496,0.0187,0.0791,1332.0,1032.0,0.0,PIOR que a base
qwen15b-ft-conll2003,decl-13-decoder-15b-conll,S11,verdict,avaliação,k>=5,,,row_max_causal,aggseq,0.0435,0.2495,0.206,0.1468,0.2693,460.0,415.0,0.0,PIOR que a base
qwen15b-ft-conll2003,decl-13-decoder-15b-conll,S11,verdict,avaliação,aninhado,,,,,,,,,,47.0,,,NÃO AVALIADO (estrato pequeno ou de perda constante)
qwen15b-ft-conll2003,decl-13-decoder-15b-conll,S11,verdict,avaliação,plano,,,row_max_causal,aggseq,0.048,0.1179,0.0699,0.0556,0.0844,4390.0,2391.0,0.0,PIOR que a base
qwen15b-ft-conll2003,decl-13-decoder-15b-conll,S13,verdict,avaliação,todos,,,hidden_norm,model_confidence,0.0584,0.1091,0.0506,0.0391,0.062,4437.0,2395.0,0.0,PIOR que a base
qwen15b-ft-conll2003,decl-13-decoder-15b-conll,S13,verdict,avaliação,k=1,,,hidden_norm,model_confidence,0.0645,0.1116,0.0471,0.0217,0.0732,1529.0,1169.0,0.0,PIOR que a base
qwen15b-ft-conll2003,decl-13-decoder-15b-conll,S13,verdict,avaliação,k=2,,,hidden_norm,model_confidence,0.0696,0.1557,0.0861,0.0591,0.1129,1116.0,893.0,0.0,PIOR que a base
qwen15b-ft-conll2003,decl-13-decoder-15b-conll,S13,verdict,avaliação,k=3-4,,,hidden_norm,model_confidence,0.0472,0.073,0.0257,0.0117,0.0401,1332.0,1032.0,0.0,PIOR que a base
qwen15b-ft-conll2003,decl-13-decoder-15b-conll,S13,verdict,avaliação,k>=5,,,hidden_norm,model_confidence,0.0586,0.0668,0.0083,-0.0068,0.0234,460.0,415.0,0.0,NÃO ACRESCENTA (IC contém zero)
qwen15b-ft-conll2003,decl-13-decoder-15b-conll,S13,verdict,avaliação,aninhado,,,,,,,,,,47.0,,,NÃO AVALIADO (estrato pequeno ou de perda constante)
qwen15b-ft-conll2003,decl-13-decoder-15b-conll,S13,verdict,avaliação,plano,,,hidden_norm,model_confidence,0.0523,0.1011,0.0488,0.0372,0.0607,4390.0,2391.0,0.0,PIOR que a base
qwen15b-ft-conll2003,decl-13-decoder-15b-conll,S15,verdict,avaliação,todos,,,hidden_norm,aggseq,0.0534,0.1091,0.0556,0.0452,0.0661,4437.0,2395.0,0.0,PIOR que a base
qwen15b-ft-conll2003,decl-13-decoder-15b-conll,S15,verdict,avaliação,k=1,,,hidden_norm,aggseq,0.0439,0.1116,0.0677,0.0471,0.0891,1529.0,1169.0,0.0,PIOR que a base
qwen15b-ft-conll2003,decl-13-decoder-15b-conll,S15,verdict,avaliação,k=2,,,hidden_norm,aggseq,0.0534,0.1557,0.1023,0.0743,0.1291,1116.0,893.0,0.0,PIOR que a base
qwen15b-ft-conll2003,decl-13-decoder-15b-conll,S15,verdict,avaliação,k=3-4,,,hidden_norm,aggseq,0.0683,0.073,0.0046,-0.017,0.0242,1332.0,1032.0,0.0,NÃO ACRESCENTA (IC contém zero)
qwen15b-ft-conll2003,decl-13-decoder-15b-conll,S15,verdict,avaliação,k>=5,,,hidden_norm,aggseq,0.0435,0.0668,0.0234,0.0111,0.037,460.0,415.0,0.0,PIOR que a base
qwen15b-ft-conll2003,decl-13-decoder-15b-conll,S15,verdict,avaliação,aninhado,,,,,,,,,,47.0,,,NÃO AVALIADO (estrato pequeno ou de perda constante)
qwen15b-ft-conll2003,decl-13-decoder-15b-conll,S15,verdict,avaliação,plano,,,hidden_norm,aggseq,0.048,0.1011,0.0531,0.0421,0.0629,4390.0,2391.0,0.0,PIOR que a base
qwen15b-ft-conll2003,decl-13-decoder-15b-conll,S17,verdict,avaliação,todos,,,hidden_dist_centroide,model_confidence,0.0584,0.2022,0.1438,0.1263,0.1611,4437.0,2395.0,0.0,PIOR que a base
qwen15b-ft-conll2003,decl-13-decoder-15b-conll,S17,verdict,avaliação,k=1,,,hidden_dist_centroide,model_confidence,0.0645,0.3224,0.2579,0.222,0.2946,1529.0,1169.0,0.0,PIOR que a base
qwen15b-ft-conll2003,decl-13-decoder-15b-conll,S17,verdict,avaliação,k=2,,,hidden_dist_centroide,model_confidence,0.0696,0.2,0.1304,0.1036,0.1577,1116.0,893.0,0.0,PIOR que a base
qwen15b-ft-conll2003,decl-13-decoder-15b-conll,S17,verdict,avaliação,k=3-4,,,hidden_dist_centroide,model_confidence,0.0472,0.1102,0.063,0.0448,0.0828,1332.0,1032.0,0.0,PIOR que a base
qwen15b-ft-conll2003,decl-13-decoder-15b-conll,S17,verdict,avaliação,k>=5,,,hidden_dist_centroide,model_confidence,0.0586,0.0848,0.0262,0.0024,0.0548,460.0,415.0,0.0,PIOR que a base
qwen15b-ft-conll2003,decl-13-decoder-15b-conll,S17,verdict,avaliação,aninhado,,,,,,,,,,47.0,,,NÃO AVALIADO (estrato pequeno ou de perda constante)
qwen15b-ft-conll2003,decl-13-decoder-15b-conll,S17,verdict,avaliação,plano,,,hidden_dist_centroide,model_confidence,0.0523,0.193,0.1407,0.1241,0.1585,4390.0,2391.0,0.0,PIOR que a base
qwen15b-ft-conll2003,decl-13-decoder-15b-conll,S19,verdict,avaliação,todos,,,hidden_dist_centroide,aggseq,0.0534,0.2022,0.1488,0.1316,0.1659,4437.0,2395.0,0.0,PIOR que a base
qwen15b-ft-conll2003,decl-13-decoder-15b-conll,S19,verdict,avaliação,k=1,,,hidden_dist_centroide,aggseq,0.0439,0.3224,0.2785,0.2473,0.3128,1529.0,1169.0,0.0,PIOR que a base
qwen15b-ft-conll2003,decl-13-decoder-15b-conll,S19,verdict,avaliação,k=2,,,hidden_dist_centroide,aggseq,0.0534,0.2,0.1466,0.1158,0.1762,1116.0,893.0,0.0,PIOR que a base
qwen15b-ft-conll2003,decl-13-decoder-15b-conll,S19,verdict,avaliação,k=3-4,,,hidden_dist_centroide,aggseq,0.0683,0.1102,0.0419,0.0141,0.0665,1332.0,1032.0,0.0,PIOR que a base
qwen15b-ft-conll2003,decl-13-decoder-15b-conll,S19,verdict,avaliação,k>=5,,,hidden_dist_centroide,aggseq,0.0435,0.0848,0.0413,0.0188,0.0704,460.0,415.0,0.0,PIOR que a base
qwen15b-ft-conll2003,decl-13-decoder-15b-conll,S19,verdict,avaliação,aninhado,,,,,,,,,,47.0,,,NÃO AVALIADO (estrato pequeno ou de perda constante)
qwen15b-ft-conll2003,decl-13-decoder-15b-conll,S19,verdict,avaliação,plano,,,hidden_dist_centroide,aggseq,0.048,0.193,0.145,0.1279,0.1625,4390.0,2391.0,0.0,PIOR que a base
qwen15b-ft-conll2003,decl-13-decoder-15b-conll,S21,verdict,avaliação,todos,,,hidden_delta_camadas,model_confidence,0.0584,0.0847,0.0263,0.0157,0.0366,4437.0,2395.0,0.0,PIOR que a base
qwen15b-ft-conll2003,decl-13-decoder-15b-conll,S21,verdict,avaliação,k=1,,,hidden_delta_camadas,model_confidence,0.0645,0.0818,0.0173,-0.0059,0.042,1529.0,1169.0,0.0,NÃO ACRESCENTA (IC contém zero)
qwen15b-ft-conll2003,decl-13-decoder-15b-conll,S21,verdict,avaliação,k=2,,,hidden_delta_camadas,model_confidence,0.0696,0.1357,0.0661,0.0384,0.0922,1116.0,893.0,0.0,PIOR que a base
qwen15b-ft-conll2003,decl-13-decoder-15b-conll,S21,verdict,avaliação,k=3-4,,,hidden_delta_camadas,model_confidence,0.0472,0.0629,0.0157,0.0026,0.0304,1332.0,1032.0,0.0,PIOR que a base
qwen15b-ft-conll2003,decl-13-decoder-15b-conll,S21,verdict,avaliação,k>=5,,,hidden_delta_camadas,model_confidence,0.0586,0.0506,-0.0079,-0.0222,0.0057,460.0,415.0,0.0,NÃO ACRESCENTA (IC contém zero)
qwen15b-ft-conll2003,decl-13-decoder-15b-conll,S21,verdict,avaliação,aninhado,,,,,,,,,,47.0,,,NÃO AVALIADO (estrato pequeno ou de perda constante)
qwen15b-ft-conll2003,decl-13-decoder-15b-conll,S21,verdict,avaliação,plano,,,hidden_delta_camadas,model_confidence,0.0523,0.0766,0.0243,0.014,0.0348,4390.0,2391.0,0.0,PIOR que a base
qwen15b-ft-conll2003,decl-13-decoder-15b-conll,S23,verdict,avaliação,todos,,,hidden_delta_camadas,aggseq,0.0534,0.0847,0.0313,0.0213,0.0408,4437.0,2395.0,0.0,PIOR que a base
qwen15b-ft-conll2003,decl-13-decoder-15b-conll,S23,verdict,avaliação,k=1,,,hidden_delta_camadas,aggseq,0.0439,0.0818,0.0379,0.0204,0.0561,1529.0,1169.0,0.0,PIOR que a base
qwen15b-ft-conll2003,decl-13-decoder-15b-conll,S23,verdict,avaliação,k=2,,,hidden_delta_camadas,aggseq,0.0534,0.1357,0.0823,0.0542,0.1094,1116.0,893.0,0.0,PIOR que a base
qwen15b-ft-conll2003,decl-13-decoder-15b-conll,S23,verdict,avaliação,k=3-4,,,hidden_delta_camadas,aggseq,0.0683,0.0629,-0.0054,-0.0278,0.014,1332.0,1032.0,0.0,NÃO ACRESCENTA (IC contém zero)
qwen15b-ft-conll2003,decl-13-decoder-15b-conll,S23,verdict,avaliação,k>=5,,,hidden_delta_camadas,aggseq,0.0435,0.0506,0.0072,-0.0042,0.0183,460.0,415.0,0.0,NÃO ACRESCENTA (IC contém zero)
qwen15b-ft-conll2003,decl-13-decoder-15b-conll,S23,verdict,avaliação,aninhado,,,,,,,,,,47.0,,,NÃO AVALIADO (estrato pequeno ou de perda constante)
qwen15b-ft-conll2003,decl-13-decoder-15b-conll,S23,verdict,avaliação,plano,,,hidden_delta_camadas,aggseq,0.048,0.0766,0.0286,0.0185,0.0378,4390.0,2391.0,0.0,PIOR que a base
qwen15b-ft-conll2003,decl-13-decoder-15b-conll,E25,verdict,avaliação,todos,,,sonda_ocultos,model_confidence,0.0584,0.0489,-0.0096,-0.0193,-0.0005,4437.0,2395.0,0.0,ACRESCENTA
qwen15b-ft-conll2003,decl-13-decoder-15b-conll,E25,verdict,avaliação,k=1,,,sonda_ocultos,model_confidence,0.0645,0.0402,-0.0243,-0.0462,-0.0033,1529.0,1169.0,0.0,ACRESCENTA
qwen15b-ft-conll2003,decl-13-decoder-15b-conll,E25,verdict,avaliação,k=2,,,sonda_ocultos,model_confidence,0.0696,0.0638,-0.0058,-0.021,0.0103,1116.0,893.0,0.0,NÃO ACRESCENTA (IC contém zero)
qwen15b-ft-conll2003,decl-13-decoder-15b-conll,E25,verdict,avaliação,k=3-4,,,sonda_ocultos,model_confidence,0.0472,0.0469,-0.0003,-0.0131,0.0135,1332.0,1032.0,0.0,NÃO ACRESCENTA (IC contém zero)
qwen15b-ft-conll2003,decl-13-decoder-15b-conll,E25,verdict,avaliação,k>=5,,,sonda_ocultos,model_confidence,0.0586,0.0432,-0.0154,-0.0294,0.0012,460.0,415.0,0.0,NÃO ACRESCENTA (IC contém zero)
qwen15b-ft-conll2003,decl-13-decoder-15b-conll,E25,verdict,avaliação,aninhado,,,,,,,,,,47.0,,,NÃO AVALIADO (estrato pequeno ou de perda constante)
qwen15b-ft-conll2003,decl-13-decoder-15b-conll,E25,verdict,avaliação,plano,,,sonda_ocultos,model_confidence,0.0523,0.0409,-0.0114,-0.0205,-0.0022,4390.0,2391.0,0.0,ACRESCENTA
qwen15b-ft-conll2003,decl-13-decoder-15b-conll,E27,verdict,avaliação,todos,,,sonda_ocultos,aggseq,0.0534,0.0489,-0.0045,-0.0144,0.0047,4437.0,2395.0,0.0,NÃO ACRESCENTA (IC contém zero)
qwen15b-ft-conll2003,decl-13-decoder-15b-conll,E27,verdict,avaliação,k=1,,,sonda_ocultos,aggseq,0.0439,0.0402,-0.0037,-0.0166,0.009,1529.0,1169.0,0.0,NÃO ACRESCENTA (IC contém zero)
qwen15b-ft-conll2003,decl-13-decoder-15b-conll,E27,verdict,avaliação,k=2,,,sonda_ocultos,aggseq,0.0534,0.0638,0.0104,-0.0079,0.0287,1116.0,893.0,0.0,NÃO ACRESCENTA (IC contém zero)
qwen15b-ft-conll2003,decl-13-decoder-15b-conll,E27,verdict,avaliação,k=3-4,,,sonda_ocultos,aggseq,0.0683,0.0469,-0.0214,-0.0459,0.0002,1332.0,1032.0,0.0,NÃO ACRESCENTA (IC contém zero)
qwen15b-ft-conll2003,decl-13-decoder-15b-conll,E27,verdict,avaliação,k>=5,,,sonda_ocultos,aggseq,0.0435,0.0432,-0.0003,-0.014,0.0153,460.0,415.0,0.0,NÃO ACRESCENTA (IC contém zero)
qwen15b-ft-conll2003,decl-13-decoder-15b-conll,E27,verdict,avaliação,aninhado,,,,,,,,,,47.0,,,NÃO AVALIADO (estrato pequeno ou de perda constante)
qwen15b-ft-conll2003,decl-13-decoder-15b-conll,E27,verdict,avaliação,plano,,,sonda_ocultos,aggseq,0.048,0.0409,-0.0071,-0.0164,0.0018,4390.0,2391.0,0.0,NÃO ACRESCENTA (IC contém zero)
qwen15b-ft-conll2003,decl-13-decoder-15b-conll,E29,verdict,avaliação,todos,,,sonda_atencao_cabecas,model_confidence,0.0584,0.0468,-0.0117,-0.0214,-0.0024,4437.0,2395.0,0.0,ACRESCENTA
qwen15b-ft-conll2003,decl-13-decoder-15b-conll,E29,verdict,avaliação,k=1,,,sonda_atencao_cabecas,model_confidence,0.0645,0.0415,-0.023,-0.0437,-0.0043,1529.0,1169.0,0.0,ACRESCENTA
qwen15b-ft-conll2003,decl-13-decoder-15b-conll,E29,verdict,avaliação,k=2,,,sonda_atencao_cabecas,model_confidence,0.0696,0.0771,0.0075,-0.0123,0.0271,1116.0,893.0,0.0,NÃO ACRESCENTA (IC contém zero)
qwen15b-ft-conll2003,decl-13-decoder-15b-conll,E29,verdict,avaliação,k=3-4,,,sonda_atencao_cabecas,model_confidence,0.0472,0.0378,-0.0095,-0.0229,0.0053,1332.0,1032.0,0.0,NÃO ACRESCENTA (IC contém zero)
qwen15b-ft-conll2003,decl-13-decoder-15b-conll,E29,verdict,avaliação,k>=5,,,sonda_atencao_cabecas,model_confidence,0.0586,0.0419,-0.0167,-0.0309,-0.0007,460.0,415.0,0.0,ACRESCENTA
qwen15b-ft-conll2003,decl-13-decoder-15b-conll,E29,verdict,avaliação,aninhado,,,,,,,,,,47.0,,,NÃO AVALIADO (estrato pequeno ou de perda constante)
qwen15b-ft-conll2003,decl-13-decoder-15b-conll,E29,verdict,avaliação,plano,,,sonda_atencao_cabecas,model_confidence,0.0523,0.039,-0.0133,-0.0227,-0.0045,4390.0,2391.0,0.0,ACRESCENTA
qwen15b-ft-conll2003,decl-13-decoder-15b-conll,E31,verdict,avaliação,todos,,,sonda_atencao_cabecas,aggseq,0.0534,0.0468,-0.0066,-0.0156,0.0022,4437.0,2395.0,0.0,NÃO ACRESCENTA (IC contém zero)
qwen15b-ft-conll2003,decl-13-decoder-15b-conll,E31,verdict,avaliação,k=1,,,sonda_atencao_cabecas,aggseq,0.0439,0.0415,-0.0024,-0.0136,0.0079,1529.0,1169.0,0.0,NÃO ACRESCENTA (IC contém zero)
qwen15b-ft-conll2003,decl-13-decoder-15b-conll,E31,verdict,avaliação,k=2,,,sonda_atencao_cabecas,aggseq,0.0534,0.0771,0.0237,0.0027,0.0452,1116.0,893.0,0.0,PIOR que a base
qwen15b-ft-conll2003,decl-13-decoder-15b-conll,E31,verdict,avaliação,k=3-4,,,sonda_atencao_cabecas,aggseq,0.0683,0.0378,-0.0306,-0.0549,-0.0111,1332.0,1032.0,0.0,ACRESCENTA
qwen15b-ft-conll2003,decl-13-decoder-15b-conll,E31,verdict,avaliação,k>=5,,,sonda_atencao_cabecas,aggseq,0.0435,0.0419,-0.0016,-0.016,0.0129,460.0,415.0,0.0,NÃO ACRESCENTA (IC contém zero)
qwen15b-ft-conll2003,decl-13-decoder-15b-conll,E31,verdict,avaliação,aninhado,,,,,,,,,,47.0,,,NÃO AVALIADO (estrato pequeno ou de perda constante)
qwen15b-ft-conll2003,decl-13-decoder-15b-conll,E31,verdict,avaliação,plano,,,sonda_atencao_cabecas,aggseq,0.048,0.039,-0.009,-0.0179,-0.001,4390.0,2391.0,0.0,ACRESCENTA
qwen15b-ft-conll2003,decl-13-decoder-15b-conll,escores,descriptive,avaliação,todos,aurc_acaso,0.1808,,,,,,,,,,,
qwen15b-ft-conll2003,decl-13-decoder-15b-conll,escores,descriptive,avaliação,todos,aurc_span_size,0.1904,,,,,,,,,,,NÃO melhor que o acaso
qwen15b-ft-conll2003,decl-13-decoder-15b-conll,escores,descriptive,avaliação,todos,aurc_geometric_fraction,0.2466,,,,,,,,,,,NÃO melhor que o acaso
qwen15b-ft-conll2003,decl-13-decoder-15b-conll,escores,descriptive,avaliação,todos,aurc_sentence_length,0.1247,,,,,,,,,,,melhor que o acaso
qwen15b-ft-conll2003,decl-13-decoder-15b-conll,escores,descriptive,avaliação,todos,aurc_row_entropy_causal,0.127,,,,,,,,,,,melhor que o acaso
qwen15b-ft-conll2003,decl-13-decoder-15b-conll,escores,descriptive,avaliação,todos,aurc_row_max_causal,0.265,,,,,,,,,,,NÃO melhor que o acaso
qwen15b-ft-conll2003,decl-13-decoder-15b-conll,escores,descriptive,avaliação,todos,aurc_hidden_norm,0.3052,,,,,,,,,,,NÃO melhor que o acaso
qwen15b-ft-conll2003,decl-13-decoder-15b-conll,escores,descriptive,avaliação,todos,aurc_hidden_dist_centroide,0.2022,,,,,,,,,,,NÃO melhor que o acaso
qwen15b-ft-conll2003,decl-13-decoder-15b-conll,escores,descriptive,avaliação,todos,aurc_hidden_delta_camadas,0.3591,,,,,,,,,,,NÃO melhor que o acaso
qwen15b-ft-conll2003,decl-13-decoder-15b-conll,escores,descriptive,avaliação,todos,aurc_sonda_ocultos,0.0489,,,,,,,,,,,melhor que o acaso
qwen15b-ft-conll2003,decl-13-decoder-15b-conll,escores,descriptive,avaliação,todos,aurc_sonda_atencao_cabecas,0.0468,,,,,,,,,,,melhor que o acaso
qwen15b-ft-conll2003,decl-13-decoder-15b-conll,escores,descriptive,avaliação,todos,aurc_span_mass,0.2407,,,,,,,,,,,NÃO melhor que o acaso
qwen15b-ft-conll2003,decl-13-decoder-15b-conll,escores,descriptive,avaliação,todos,aurc_model_confidence,0.0584,,,,,,,,,,,melhor que o acaso
qwen15b-ft-conll2003,decl-13-decoder-15b-conll,controle,descriptive,teste inteiro,todos,corr_span_size_vs_comprimento,0.0481,,,,,,,,,,,
qwen15b-ft-conll2003,decl-13-decoder-15b-conll,controle,descriptive,teste inteiro,todos,corr_geometric_fraction_vs_comprimento,-0.4089,,,,,,,,,,,
qwen15b-ft-conll2003,decl-13-decoder-15b-conll,controle,descriptive,teste inteiro,todos,corr_sentence_length_vs_comprimento,1.0,,,,,,,,,,,
qwen15b-ft-conll2003,decl-13-decoder-15b-conll,controle,descriptive,teste inteiro,todos,corr_row_entropy_causal_vs_comprimento,0.5207,,,,,,,,,,,
qwen15b-ft-conll2003,decl-13-decoder-15b-conll,controle,descriptive,teste inteiro,todos,corr_row_max_causal_vs_comprimento,-0.4326,,,,,,,,,,,
qwen15b-ft-conll2003,decl-13-decoder-15b-conll,controle,descriptive,teste inteiro,todos,corr_hidden_norm_vs_comprimento,-0.1221,,,,,,,,,,,
qwen15b-ft-conll2003,decl-13-decoder-15b-conll,controle,descriptive,teste inteiro,todos,corr_hidden_dist_centroide_vs_comprimento,-0.0168,,,,,,,,,,,
qwen15b-ft-conll2003,decl-13-decoder-15b-conll,controle,descriptive,teste inteiro,todos,corr_hidden_delta_camadas_vs_comprimento,-0.3064,,,,,,,,,,,
qwen15b-ft-conll2003,decl-13-decoder-15b-conll,controle,descriptive,teste inteiro,todos,corr_sonda_ocultos_vs_comprimento,0.1787,,,,,,,,,,,
qwen15b-ft-conll2003,decl-13-decoder-15b-conll,controle,descriptive,teste inteiro,todos,corr_sonda_atencao_cabecas_vs_comprimento,0.1852,,,,,,,,,,,
qwen15b-ft-conll2003,decl-13-decoder-15b-conll,controle,descriptive,teste inteiro,todos,corr_span_mass_vs_comprimento,-0.4409,,,,,,,,,,,
qwen15b-ft-conll2003,decl-13-decoder-15b-conll,controle,descriptive,teste inteiro,todos,corr_model_confidence_vs_comprimento,0.1137,,,,,,,,,,,
qwen15b-ft-conll2003,adenda-01,AD1-A-sonda_ocultos,verdict,avaliação,todos,,,sonda_ocultos,base_treinada,0.0892,0.0489,-0.0403,-0.0525,-0.0281,4437.0,2395.0,0.0,ACRESCENTA
qwen15b-ft-conll2003,adenda-01,AD1-A-sonda_ocultos,verdict,avaliação,k=1,,,sonda_ocultos,base_treinada,0.0765,0.0402,-0.0363,-0.053,-0.0215,1529.0,1169.0,0.0,ACRESCENTA
qwen15b-ft-conll2003,adenda-01,AD1-A-sonda_ocultos,verdict,avaliação,k=2,,,sonda_ocultos,base_treinada,0.1259,0.0638,-0.0622,-0.0901,-0.0368,1116.0,893.0,0.0,ACRESCENTA
qwen15b-ft-conll2003,adenda-01,AD1-A-sonda_ocultos,verdict,avaliação,k=3-4,,,sonda_ocultos,base_treinada,0.0764,0.0469,-0.0295,-0.0542,-0.0074,1332.0,1032.0,0.0,ACRESCENTA
qwen15b-ft-conll2003,adenda-01,AD1-A-sonda_ocultos,verdict,avaliação,k>=5,,,sonda_ocultos,base_treinada,0.0672,0.0432,-0.024,-0.0506,-0.0001,460.0,415.0,0.0,ACRESCENTA
qwen15b-ft-conll2003,adenda-01,AD1-A-sonda_ocultos,verdict,avaliação,aninhado,,,,,,,,,,47.0,,,NÃO AVALIADO (estrato pequeno ou de perda constante)
qwen15b-ft-conll2003,adenda-01,AD1-A-sonda_ocultos,verdict,avaliação,plano,,,sonda_ocultos,base_treinada,0.0739,0.0409,-0.033,-0.0448,-0.0228,4390.0,2391.0,0.0,ACRESCENTA
qwen15b-ft-conll2003,adenda-01,AD1-A-sonda_atencao_cabecas,verdict,avaliação,todos,,,sonda_atencao_cabecas,base_treinada,0.0892,0.0468,-0.0424,-0.0532,-0.0321,4437.0,2395.0,0.0,ACRESCENTA
qwen15b-ft-conll2003,adenda-01,AD1-A-sonda_atencao_cabecas,verdict,avaliação,k=1,,,sonda_atencao_cabecas,base_treinada,0.0765,0.0415,-0.035,-0.0496,-0.0222,1529.0,1169.0,0.0,ACRESCENTA
qwen15b-ft-conll2003,adenda-01,AD1-A-sonda_atencao_cabecas,verdict,avaliação,k=2,,,sonda_atencao_cabecas,base_treinada,0.1259,0.0771,-0.0488,-0.0749,-0.0281,1116.0,893.0,0.0,ACRESCENTA
qwen15b-ft-conll2003,adenda-01,AD1-A-sonda_atencao_cabecas,verdict,avaliação,k=3-4,,,sonda_atencao_cabecas,base_treinada,0.0764,0.0378,-0.0387,-0.0587,-0.0212,1332.0,1032.0,0.0,ACRESCENTA
qwen15b-ft-conll2003,adenda-01,AD1-A-sonda_atencao_cabecas,verdict,avaliação,k>=5,,,sonda_atencao_cabecas,base_treinada,0.0672,0.0419,-0.0253,-0.052,-0.0027,460.0,415.0,0.0,ACRESCENTA
qwen15b-ft-conll2003,adenda-01,AD1-A-sonda_atencao_cabecas,verdict,avaliação,aninhado,,,,,,,,,,47.0,,,NÃO AVALIADO (estrato pequeno ou de perda constante)
qwen15b-ft-conll2003,adenda-01,AD1-A-sonda_atencao_cabecas,verdict,avaliação,plano,,,sonda_atencao_cabecas,base_treinada,0.0739,0.039,-0.0349,-0.0442,-0.0265,4390.0,2391.0,0.0,ACRESCENTA
qwen15b-ft-conll2003,adenda-01,AD1-A-sonda_ocultos_ajustada,verdict,avaliação,todos,,,sonda_ocultos_ajustada,base_treinada_ajustada,0.0892,0.0374,-0.0518,-0.0636,-0.0402,4437.0,2395.0,0.0,ACRESCENTA
qwen15b-ft-conll2003,adenda-01,AD1-A-sonda_ocultos_ajustada,verdict,avaliação,k=1,,,sonda_ocultos_ajustada,base_treinada_ajustada,0.0765,0.0311,-0.0455,-0.0617,-0.0316,1529.0,1169.0,0.0,ACRESCENTA
qwen15b-ft-conll2003,adenda-01,AD1-A-sonda_ocultos_ajustada,verdict,avaliação,k=2,,,sonda_ocultos_ajustada,base_treinada_ajustada,0.1259,0.0512,-0.0748,-0.1036,-0.0494,1116.0,893.0,0.0,ACRESCENTA
qwen15b-ft-conll2003,adenda-01,AD1-A-sonda_ocultos_ajustada,verdict,avaliação,k=3-4,,,sonda_ocultos_ajustada,base_treinada_ajustada,0.0764,0.0365,-0.0399,-0.0616,-0.0208,1332.0,1032.0,0.0,ACRESCENTA
qwen15b-ft-conll2003,adenda-01,AD1-A-sonda_ocultos_ajustada,verdict,avaliação,k>=5,,,sonda_ocultos_ajustada,base_treinada_ajustada,0.0672,0.0383,-0.0289,-0.0555,-0.0076,460.0,415.0,0.0,ACRESCENTA
qwen15b-ft-conll2003,adenda-01,AD1-A-sonda_ocultos_ajustada,verdict,avaliação,aninhado,,,,,,,,,,47.0,,,NÃO AVALIADO (estrato pequeno ou de perda constante)
qwen15b-ft-conll2003,adenda-01,AD1-A-sonda_ocultos_ajustada,verdict,avaliação,plano,,,sonda_ocultos_ajustada,base_treinada_ajustada,0.0738,0.0316,-0.0423,-0.0535,-0.0324,4390.0,2391.0,0.0,ACRESCENTA
qwen15b-ft-conll2003,adenda-01,AD1-A-sonda_atencao_cabecas_ajustada,verdict,avaliação,todos,,,sonda_atencao_cabecas_ajustada,base_treinada_ajustada,0.0892,0.0433,-0.0458,-0.0572,-0.0343,4437.0,2395.0,0.0,ACRESCENTA
qwen15b-ft-conll2003,adenda-01,AD1-A-sonda_atencao_cabecas_ajustada,verdict,avaliação,k=1,,,sonda_atencao_cabecas_ajustada,base_treinada_ajustada,0.0765,0.0373,-0.0392,-0.054,-0.0262,1529.0,1169.0,0.0,ACRESCENTA
qwen15b-ft-conll2003,adenda-01,AD1-A-sonda_atencao_cabecas_ajustada,verdict,avaliação,k=2,,,sonda_atencao_cabecas_ajustada,base_treinada_ajustada,0.1259,0.0728,-0.0531,-0.0809,-0.0297,1116.0,893.0,0.0,ACRESCENTA
qwen15b-ft-conll2003,adenda-01,AD1-A-sonda_atencao_cabecas_ajustada,verdict,avaliação,k=3-4,,,sonda_atencao_cabecas_ajustada,base_treinada_ajustada,0.0764,0.0373,-0.0391,-0.062,-0.0195,1332.0,1032.0,0.0,ACRESCENTA
qwen15b-ft-conll2003,adenda-01,AD1-A-sonda_atencao_cabecas_ajustada,verdict,avaliação,k>=5,,,sonda_atencao_cabecas_ajustada,base_treinada_ajustada,0.0672,0.0373,-0.0298,-0.0567,-0.0093,460.0,415.0,0.0,ACRESCENTA
qwen15b-ft-conll2003,adenda-01,AD1-A-sonda_atencao_cabecas_ajustada,verdict,avaliação,aninhado,,,,,,,,,,47.0,,,NÃO AVALIADO (estrato pequeno ou de perda constante)
qwen15b-ft-conll2003,adenda-01,AD1-A-sonda_atencao_cabecas_ajustada,verdict,avaliação,plano,,,sonda_atencao_cabecas_ajustada,base_treinada_ajustada,0.0738,0.0368,-0.0371,-0.0473,-0.0276,4390.0,2391.0,0.0,ACRESCENTA
qwen15b-ft-conll2003,adenda-01,escores,descriptive,avaliação,todos,aurc_acaso,0.1808,,,,,,,,,,,
qwen15b-ft-conll2003,adenda-01,escores,descriptive,avaliação,todos,aurc_span_size,0.1904,,,,,,,,,,,NÃO melhor que o acaso
qwen15b-ft-conll2003,adenda-01,escores,descriptive,avaliação,todos,aurc_geometric_fraction,0.2466,,,,,,,,,,,NÃO melhor que o acaso
qwen15b-ft-conll2003,adenda-01,escores,descriptive,avaliação,todos,aurc_sentence_length,0.1247,,,,,,,,,,,melhor que o acaso
qwen15b-ft-conll2003,adenda-01,escores,descriptive,avaliação,todos,aurc_row_entropy_causal,0.127,,,,,,,,,,,melhor que o acaso
qwen15b-ft-conll2003,adenda-01,escores,descriptive,avaliação,todos,aurc_row_max_causal,0.265,,,,,,,,,,,NÃO melhor que o acaso
qwen15b-ft-conll2003,adenda-01,escores,descriptive,avaliação,todos,aurc_hidden_norm,0.3052,,,,,,,,,,,NÃO melhor que o acaso
qwen15b-ft-conll2003,adenda-01,escores,descriptive,avaliação,todos,aurc_hidden_dist_centroide,0.2022,,,,,,,,,,,NÃO melhor que o acaso
qwen15b-ft-conll2003,adenda-01,escores,descriptive,avaliação,todos,aurc_hidden_delta_camadas,0.3591,,,,,,,,,,,NÃO melhor que o acaso
qwen15b-ft-conll2003,adenda-01,escores,descriptive,avaliação,todos,aurc_sonda_ocultos,0.0489,,,,,,,,,,,melhor que o acaso
qwen15b-ft-conll2003,adenda-01,escores,descriptive,avaliação,todos,aurc_sonda_atencao_cabecas,0.0468,,,,,,,,,,,melhor que o acaso
qwen15b-ft-conll2003,adenda-01,escores,descriptive,avaliação,todos,aurc_span_mass,0.2407,,,,,,,,,,,NÃO melhor que o acaso
qwen15b-ft-conll2003,adenda-01,escores,descriptive,avaliação,todos,aurc_model_confidence,0.0584,,,,,,,,,,,melhor que o acaso
qwen15b-ft-conll2003,adenda-01,controle,descriptive,teste inteiro,todos,corr_span_size_vs_comprimento,0.0481,,,,,,,,,,,
qwen15b-ft-conll2003,adenda-01,controle,descriptive,teste inteiro,todos,corr_geometric_fraction_vs_comprimento,-0.4089,,,,,,,,,,,
qwen15b-ft-conll2003,adenda-01,controle,descriptive,teste inteiro,todos,corr_sentence_length_vs_comprimento,1.0,,,,,,,,,,,
qwen15b-ft-conll2003,adenda-01,controle,descriptive,teste inteiro,todos,corr_row_entropy_causal_vs_comprimento,0.5207,,,,,,,,,,,
qwen15b-ft-conll2003,adenda-01,controle,descriptive,teste inteiro,todos,corr_row_max_causal_vs_comprimento,-0.4326,,,,,,,,,,,
qwen15b-ft-conll2003,adenda-01,controle,descriptive,teste inteiro,todos,corr_hidden_norm_vs_comprimento,-0.1221,,,,,,,,,,,
qwen15b-ft-conll2003,adenda-01,controle,descriptive,teste inteiro,todos,corr_hidden_dist_centroide_vs_comprimento,-0.0168,,,,,,,,,,,
qwen15b-ft-conll2003,adenda-01,controle,descriptive,teste inteiro,todos,corr_hidden_delta_camadas_vs_comprimento,-0.3064,,,,,,,,,,,
qwen15b-ft-conll2003,adenda-01,controle,descriptive,teste inteiro,todos,corr_sonda_ocultos_vs_comprimento,0.1787,,,,,,,,,,,
qwen15b-ft-conll2003,adenda-01,controle,descriptive,teste inteiro,todos,corr_sonda_atencao_cabecas_vs_comprimento,0.1852,,,,,,,,,,,
qwen15b-ft-conll2003,adenda-01,controle,descriptive,teste inteiro,todos,corr_span_mass_vs_comprimento,-0.4409,,,,,,,,,,,
qwen15b-ft-conll2003,adenda-01,controle,descriptive,teste inteiro,todos,corr_model_confidence_vs_comprimento,0.1137,,,,,,,,,,,
