ponto,origem,corpus,comparacao,tipo,supervisor,grade,meta,meta_absoluta,vao_fechado,alcancavel,review_load,coverage,precision,recall,f1,n_delivered,contra,review_load_contra,delta,ci_low,ci_high,n_entidades,n_sentencas,n_reamostragens,n_degeneradas,veredito
qwen05b-ft-genia,decl-10-decoder-05b-genia,genia,T1,descriptive,(sem supervisor),—,—,,0.0,sim,0.0,1.0,0.7566,0.5465,0.6346,3977.0,,,,,,,,,,
qwen05b-ft-genia,decl-10-decoder-05b-genia,genia,T1,descriptive,span_size,absoluta,0.70,,0.0,sim,0.0,1.0,0.7566,0.5465,0.6346,3977.0,,,,,,,,,,
qwen05b-ft-genia,decl-10-decoder-05b-genia,genia,T1,descriptive,span_size,absoluta,0.80,,,não,inalcançável,,,,,0.0,,,,,,,,,,
qwen05b-ft-genia,decl-10-decoder-05b-genia,genia,T1,descriptive,span_size,absoluta,0.90,,,não,inalcançável,,,,,0.0,,,,,,,,,,
qwen05b-ft-genia,decl-10-decoder-05b-genia,genia,T1,descriptive,span_size,absoluta,0.95,,,não,inalcançável,,,,,0.0,,,,,,,,,,
qwen05b-ft-genia,decl-10-decoder-05b-genia,genia,T1,descriptive,span_size,vao,0.25,0.8067,,não,inalcançável,,,,,0.0,,,,,,,,,,
qwen05b-ft-genia,decl-10-decoder-05b-genia,genia,T1,descriptive,span_size,vao,0.50,0.8711,,não,inalcançável,,,,,0.0,,,,,,,,,,
qwen05b-ft-genia,decl-10-decoder-05b-genia,genia,T1,descriptive,span_size,vao,0.75,0.9356,,não,inalcançável,,,,,0.0,,,,,,,,,,
qwen05b-ft-genia,decl-10-decoder-05b-genia,genia,T1,descriptive,span_size,vao,0.90,0.9742,,não,inalcançável,,,,,0.0,,,,,,,,,,
qwen05b-ft-genia,decl-10-decoder-05b-genia,genia,T1,descriptive,geometric_fraction,absoluta,0.70,,0.0,sim,0.0,1.0,0.7566,0.5465,0.6346,3977.0,,,,,,,,,,
qwen05b-ft-genia,decl-10-decoder-05b-genia,genia,T1,descriptive,geometric_fraction,absoluta,0.80,,0.1866,sim,0.9505,0.0495,0.802,0.0287,0.0554,197.0,,,,,,,,,,
qwen05b-ft-genia,decl-10-decoder-05b-genia,genia,T1,descriptive,geometric_fraction,absoluta,0.90,,0.5892,sim,0.995,0.005,0.9,0.0033,0.0065,20.0,,,,,,,,,,
qwen05b-ft-genia,decl-10-decoder-05b-genia,genia,T1,descriptive,geometric_fraction,absoluta,0.95,,1.0,sim,0.996,0.004,1.0,0.0029,0.0058,16.0,,,,,,,,,,
qwen05b-ft-genia,decl-10-decoder-05b-genia,genia,T1,descriptive,geometric_fraction,vao,0.25,0.8067,0.2164,sim,0.9512,0.0488,0.8093,0.0285,0.0551,194.0,,,,,,,,,,
qwen05b-ft-genia,decl-10-decoder-05b-genia,genia,T1,descriptive,geometric_fraction,vao,0.50,0.8711,0.5892,sim,0.995,0.005,0.9,0.0033,0.0065,20.0,,,,,,,,,,
qwen05b-ft-genia,decl-10-decoder-05b-genia,genia,T1,descriptive,geometric_fraction,vao,0.75,0.9356,0.7718,sim,0.9955,0.0045,0.9444,0.0031,0.0062,18.0,,,,,,,,,,
qwen05b-ft-genia,decl-10-decoder-05b-genia,genia,T1,descriptive,geometric_fraction,vao,0.90,0.9742,1.0,sim,0.996,0.004,1.0,0.0029,0.0058,16.0,,,,,,,,,,
qwen05b-ft-genia,decl-10-decoder-05b-genia,genia,T1,descriptive,sentence_length,absoluta,0.70,,0.0,sim,0.0,1.0,0.7566,0.5465,0.6346,3977.0,,,,,,,,,,
qwen05b-ft-genia,decl-10-decoder-05b-genia,genia,T1,descriptive,sentence_length,absoluta,0.80,,,não,inalcançável,,,,,0.0,,,,,,,,,,
qwen05b-ft-genia,decl-10-decoder-05b-genia,genia,T1,descriptive,sentence_length,absoluta,0.90,,,não,inalcançável,,,,,0.0,,,,,,,,,,
qwen05b-ft-genia,decl-10-decoder-05b-genia,genia,T1,descriptive,sentence_length,absoluta,0.95,,,não,inalcançável,,,,,0.0,,,,,,,,,,
qwen05b-ft-genia,decl-10-decoder-05b-genia,genia,T1,descriptive,sentence_length,vao,0.25,0.8067,,não,inalcançável,,,,,0.0,,,,,,,,,,
qwen05b-ft-genia,decl-10-decoder-05b-genia,genia,T1,descriptive,sentence_length,vao,0.50,0.8711,,não,inalcançável,,,,,0.0,,,,,,,,,,
qwen05b-ft-genia,decl-10-decoder-05b-genia,genia,T1,descriptive,sentence_length,vao,0.75,0.9356,,não,inalcançável,,,,,0.0,,,,,,,,,,
qwen05b-ft-genia,decl-10-decoder-05b-genia,genia,T1,descriptive,sentence_length,vao,0.90,0.9742,,não,inalcançável,,,,,0.0,,,,,,,,,,
qwen05b-ft-genia,decl-10-decoder-05b-genia,genia,T1,descriptive,row_entropy_causal,absoluta,0.70,,0.0,sim,0.0,1.0,0.7566,0.5465,0.6346,3977.0,,,,,,,,,,
qwen05b-ft-genia,decl-10-decoder-05b-genia,genia,T1,descriptive,row_entropy_causal,absoluta,0.80,,1.0,sim,0.9997,0.0003,1.0,0.0002,0.0004,1.0,,,,,,,,,,
qwen05b-ft-genia,decl-10-decoder-05b-genia,genia,T1,descriptive,row_entropy_causal,absoluta,0.90,,1.0,sim,0.9997,0.0003,1.0,0.0002,0.0004,1.0,,,,,,,,,,
qwen05b-ft-genia,decl-10-decoder-05b-genia,genia,T1,descriptive,row_entropy_causal,absoluta,0.95,,1.0,sim,0.9997,0.0003,1.0,0.0002,0.0004,1.0,,,,,,,,,,
qwen05b-ft-genia,decl-10-decoder-05b-genia,genia,T1,descriptive,row_entropy_causal,vao,0.25,0.8067,1.0,sim,0.9997,0.0003,1.0,0.0002,0.0004,1.0,,,,,,,,,,
qwen05b-ft-genia,decl-10-decoder-05b-genia,genia,T1,descriptive,row_entropy_causal,vao,0.50,0.8711,1.0,sim,0.9997,0.0003,1.0,0.0002,0.0004,1.0,,,,,,,,,,
qwen05b-ft-genia,decl-10-decoder-05b-genia,genia,T1,descriptive,row_entropy_causal,vao,0.75,0.9356,1.0,sim,0.9997,0.0003,1.0,0.0002,0.0004,1.0,,,,,,,,,,
qwen05b-ft-genia,decl-10-decoder-05b-genia,genia,T1,descriptive,row_entropy_causal,vao,0.90,0.9742,1.0,sim,0.9997,0.0003,1.0,0.0002,0.0004,1.0,,,,,,,,,,
qwen05b-ft-genia,decl-10-decoder-05b-genia,genia,T1,descriptive,row_max_causal,absoluta,0.70,,0.0,sim,0.0,1.0,0.7566,0.5465,0.6346,3977.0,,,,,,,,,,
qwen05b-ft-genia,decl-10-decoder-05b-genia,genia,T1,descriptive,row_max_causal,absoluta,0.80,,0.1783,sim,0.9937,0.0063,0.8,0.0036,0.0072,25.0,,,,,,,,,,
qwen05b-ft-genia,decl-10-decoder-05b-genia,genia,T1,descriptive,row_max_causal,absoluta,0.90,,1.0,sim,0.9992,0.0008,1.0,0.0005,0.0011,3.0,,,,,,,,,,
qwen05b-ft-genia,decl-10-decoder-05b-genia,genia,T1,descriptive,row_max_causal,absoluta,0.95,,1.0,sim,0.9992,0.0008,1.0,0.0005,0.0011,3.0,,,,,,,,,,
qwen05b-ft-genia,decl-10-decoder-05b-genia,genia,T1,descriptive,row_max_causal,vao,0.25,0.8067,0.2174,sim,0.9947,0.0053,0.8095,0.0031,0.0062,21.0,,,,,,,,,,
qwen05b-ft-genia,decl-10-decoder-05b-genia,genia,T1,descriptive,row_max_causal,vao,0.50,0.8711,1.0,sim,0.9992,0.0008,1.0,0.0005,0.0011,3.0,,,,,,,,,,
qwen05b-ft-genia,decl-10-decoder-05b-genia,genia,T1,descriptive,row_max_causal,vao,0.75,0.9356,1.0,sim,0.9992,0.0008,1.0,0.0005,0.0011,3.0,,,,,,,,,,
qwen05b-ft-genia,decl-10-decoder-05b-genia,genia,T1,descriptive,row_max_causal,vao,0.90,0.9742,1.0,sim,0.9992,0.0008,1.0,0.0005,0.0011,3.0,,,,,,,,,,
qwen05b-ft-genia,decl-10-decoder-05b-genia,genia,T1,descriptive,hidden_norm,absoluta,0.70,,0.0,sim,0.0,1.0,0.7566,0.5465,0.6346,3977.0,,,,,,,,,,
qwen05b-ft-genia,decl-10-decoder-05b-genia,genia,T1,descriptive,hidden_norm,absoluta,0.80,,0.3153,sim,0.9985,0.0015,0.8333,0.0009,0.0018,6.0,,,,,,,,,,
qwen05b-ft-genia,decl-10-decoder-05b-genia,genia,T1,descriptive,hidden_norm,absoluta,0.90,,,não,inalcançável,,,,,0.0,,,,,,,,,,
qwen05b-ft-genia,decl-10-decoder-05b-genia,genia,T1,descriptive,hidden_norm,absoluta,0.95,,,não,inalcançável,,,,,0.0,,,,,,,,,,
qwen05b-ft-genia,decl-10-decoder-05b-genia,genia,T1,descriptive,hidden_norm,vao,0.25,0.8067,0.3153,sim,0.9985,0.0015,0.8333,0.0009,0.0018,6.0,,,,,,,,,,
qwen05b-ft-genia,decl-10-decoder-05b-genia,genia,T1,descriptive,hidden_norm,vao,0.50,0.8711,,não,inalcançável,,,,,0.0,,,,,,,,,,
qwen05b-ft-genia,decl-10-decoder-05b-genia,genia,T1,descriptive,hidden_norm,vao,0.75,0.9356,,não,inalcançável,,,,,0.0,,,,,,,,,,
qwen05b-ft-genia,decl-10-decoder-05b-genia,genia,T1,descriptive,hidden_norm,vao,0.90,0.9742,,não,inalcançável,,,,,0.0,,,,,,,,,,
qwen05b-ft-genia,decl-10-decoder-05b-genia,genia,T1,descriptive,hidden_dist_centroide,absoluta,0.70,,0.0,sim,0.0,1.0,0.7566,0.5465,0.6346,3977.0,,,,,,,,,,
qwen05b-ft-genia,decl-10-decoder-05b-genia,genia,T1,descriptive,hidden_dist_centroide,absoluta,0.80,,,não,inalcançável,,,,,0.0,,,,,,,,,,
qwen05b-ft-genia,decl-10-decoder-05b-genia,genia,T1,descriptive,hidden_dist_centroide,absoluta,0.90,,,não,inalcançável,,,,,0.0,,,,,,,,,,
qwen05b-ft-genia,decl-10-decoder-05b-genia,genia,T1,descriptive,hidden_dist_centroide,absoluta,0.95,,,não,inalcançável,,,,,0.0,,,,,,,,,,
qwen05b-ft-genia,decl-10-decoder-05b-genia,genia,T1,descriptive,hidden_dist_centroide,vao,0.25,0.8067,,não,inalcançável,,,,,0.0,,,,,,,,,,
qwen05b-ft-genia,decl-10-decoder-05b-genia,genia,T1,descriptive,hidden_dist_centroide,vao,0.50,0.8711,,não,inalcançável,,,,,0.0,,,,,,,,,,
qwen05b-ft-genia,decl-10-decoder-05b-genia,genia,T1,descriptive,hidden_dist_centroide,vao,0.75,0.9356,,não,inalcançável,,,,,0.0,,,,,,,,,,
qwen05b-ft-genia,decl-10-decoder-05b-genia,genia,T1,descriptive,hidden_dist_centroide,vao,0.90,0.9742,,não,inalcançável,,,,,0.0,,,,,,,,,,
qwen05b-ft-genia,decl-10-decoder-05b-genia,genia,T1,descriptive,hidden_delta_camadas,absoluta,0.70,,0.0,sim,0.0,1.0,0.7566,0.5465,0.6346,3977.0,,,,,,,,,,
qwen05b-ft-genia,decl-10-decoder-05b-genia,genia,T1,descriptive,hidden_delta_camadas,absoluta,0.80,,1.0,sim,0.9997,0.0003,1.0,0.0002,0.0004,1.0,,,,,,,,,,
qwen05b-ft-genia,decl-10-decoder-05b-genia,genia,T1,descriptive,hidden_delta_camadas,absoluta,0.90,,1.0,sim,0.9997,0.0003,1.0,0.0002,0.0004,1.0,,,,,,,,,,
qwen05b-ft-genia,decl-10-decoder-05b-genia,genia,T1,descriptive,hidden_delta_camadas,absoluta,0.95,,1.0,sim,0.9997,0.0003,1.0,0.0002,0.0004,1.0,,,,,,,,,,
qwen05b-ft-genia,decl-10-decoder-05b-genia,genia,T1,descriptive,hidden_delta_camadas,vao,0.25,0.8067,1.0,sim,0.9997,0.0003,1.0,0.0002,0.0004,1.0,,,,,,,,,,
qwen05b-ft-genia,decl-10-decoder-05b-genia,genia,T1,descriptive,hidden_delta_camadas,vao,0.50,0.8711,1.0,sim,0.9997,0.0003,1.0,0.0002,0.0004,1.0,,,,,,,,,,
qwen05b-ft-genia,decl-10-decoder-05b-genia,genia,T1,descriptive,hidden_delta_camadas,vao,0.75,0.9356,1.0,sim,0.9997,0.0003,1.0,0.0002,0.0004,1.0,,,,,,,,,,
qwen05b-ft-genia,decl-10-decoder-05b-genia,genia,T1,descriptive,hidden_delta_camadas,vao,0.90,0.9742,1.0,sim,0.9997,0.0003,1.0,0.0002,0.0004,1.0,,,,,,,,,,
qwen05b-ft-genia,decl-10-decoder-05b-genia,genia,T1,descriptive,sonda_ocultos,absoluta,0.70,,0.0,sim,0.0,1.0,0.7566,0.5465,0.6346,3977.0,,,,,,,,,,
qwen05b-ft-genia,decl-10-decoder-05b-genia,genia,T1,descriptive,sonda_ocultos,absoluta,0.80,,0.1785,sim,0.1021,0.8979,0.8001,0.5189,0.6295,3571.0,,,,,,,,,,
qwen05b-ft-genia,decl-10-decoder-05b-genia,genia,T1,descriptive,sonda_ocultos,absoluta,0.90,,0.5905,sim,0.7729,0.2271,0.9003,0.1477,0.2537,903.0,,,,,,,,,,
qwen05b-ft-genia,decl-10-decoder-05b-genia,genia,T1,descriptive,sonda_ocultos,absoluta,0.95,,,não,inalcançável,,,,,0.0,,,,,,,,,,
qwen05b-ft-genia,decl-10-decoder-05b-genia,genia,T1,descriptive,sonda_ocultos,vao,0.25,0.8067,0.2058,sim,0.1285,0.8715,0.8067,0.5078,0.6233,3466.0,,,,,,,,,,
qwen05b-ft-genia,decl-10-decoder-05b-genia,genia,T1,descriptive,sonda_ocultos,vao,0.50,0.8711,0.4707,sim,0.516,0.484,0.8712,0.3046,0.4514,1925.0,,,,,,,,,,
qwen05b-ft-genia,decl-10-decoder-05b-genia,genia,T1,descriptive,sonda_ocultos,vao,0.75,0.9356,,não,inalcançável,,,,,0.0,,,,,,,,,,
qwen05b-ft-genia,decl-10-decoder-05b-genia,genia,T1,descriptive,sonda_ocultos,vao,0.90,0.9742,,não,inalcançável,,,,,0.0,,,,,,,,,,
qwen05b-ft-genia,decl-10-decoder-05b-genia,genia,T1,descriptive,sonda_atencao_cabecas,absoluta,0.70,,0.0,sim,0.0,1.0,0.7566,0.5465,0.6346,3977.0,,,,,,,,,,
qwen05b-ft-genia,decl-10-decoder-05b-genia,genia,T1,descriptive,sonda_atencao_cabecas,absoluta,0.80,,0.1783,sim,0.1426,0.8574,0.8,0.4955,0.6119,3410.0,,,,,,,,,,
qwen05b-ft-genia,decl-10-decoder-05b-genia,genia,T1,descriptive,sonda_atencao_cabecas,absoluta,0.90,,,não,inalcançável,,,,,0.0,,,,,,,,,,
qwen05b-ft-genia,decl-10-decoder-05b-genia,genia,T1,descriptive,sonda_atencao_cabecas,absoluta,0.95,,,não,inalcançável,,,,,0.0,,,,,,,,,,
qwen05b-ft-genia,decl-10-decoder-05b-genia,genia,T1,descriptive,sonda_atencao_cabecas,vao,0.25,0.8067,0.2064,sim,0.176,0.824,0.8068,0.4802,0.6021,3277.0,,,,,,,,,,
qwen05b-ft-genia,decl-10-decoder-05b-genia,genia,T1,descriptive,sonda_atencao_cabecas,vao,0.50,0.8711,0.4751,sim,0.8524,0.1476,0.8722,0.093,0.1681,587.0,,,,,,,,,,
qwen05b-ft-genia,decl-10-decoder-05b-genia,genia,T1,descriptive,sonda_atencao_cabecas,vao,0.75,0.9356,,não,inalcançável,,,,,0.0,,,,,,,,,,
qwen05b-ft-genia,decl-10-decoder-05b-genia,genia,T1,descriptive,sonda_atencao_cabecas,vao,0.90,0.9742,,não,inalcançável,,,,,0.0,,,,,,,,,,
qwen05b-ft-genia,decl-10-decoder-05b-genia,genia,T1,descriptive,span_mass,absoluta,0.70,,0.0,sim,0.0,1.0,0.7566,0.5465,0.6346,3977.0,,,,,,,,,,
qwen05b-ft-genia,decl-10-decoder-05b-genia,genia,T1,descriptive,span_mass,absoluta,0.80,,0.1783,sim,0.9987,0.0013,0.8,0.0007,0.0015,5.0,,,,,,,,,,
qwen05b-ft-genia,decl-10-decoder-05b-genia,genia,T1,descriptive,span_mass,absoluta,0.90,,1.0,sim,0.999,0.001,1.0,0.0007,0.0015,4.0,,,,,,,,,,
qwen05b-ft-genia,decl-10-decoder-05b-genia,genia,T1,descriptive,span_mass,absoluta,0.95,,1.0,sim,0.999,0.001,1.0,0.0007,0.0015,4.0,,,,,,,,,,
qwen05b-ft-genia,decl-10-decoder-05b-genia,genia,T1,descriptive,span_mass,vao,0.25,0.8067,1.0,sim,0.999,0.001,1.0,0.0007,0.0015,4.0,,,,,,,,,,
qwen05b-ft-genia,decl-10-decoder-05b-genia,genia,T1,descriptive,span_mass,vao,0.50,0.8711,1.0,sim,0.999,0.001,1.0,0.0007,0.0015,4.0,,,,,,,,,,
qwen05b-ft-genia,decl-10-decoder-05b-genia,genia,T1,descriptive,span_mass,vao,0.75,0.9356,1.0,sim,0.999,0.001,1.0,0.0007,0.0015,4.0,,,,,,,,,,
qwen05b-ft-genia,decl-10-decoder-05b-genia,genia,T1,descriptive,span_mass,vao,0.90,0.9742,1.0,sim,0.999,0.001,1.0,0.0007,0.0015,4.0,,,,,,,,,,
qwen05b-ft-genia,decl-10-decoder-05b-genia,genia,T1,descriptive,model_confidence,absoluta,0.70,,0.0,sim,0.0,1.0,0.7566,0.5465,0.6346,3977.0,,,,,,,,,,
qwen05b-ft-genia,decl-10-decoder-05b-genia,genia,T1,descriptive,model_confidence,absoluta,0.80,,0.1791,sim,0.1971,0.8029,0.8002,0.464,0.5874,3193.0,,,,,,,,,,
qwen05b-ft-genia,decl-10-decoder-05b-genia,genia,T1,descriptive,model_confidence,absoluta,0.90,,0.6141,sim,0.917,0.083,0.9061,0.0543,0.1025,330.0,,,,,,,,,,
qwen05b-ft-genia,decl-10-decoder-05b-genia,genia,T1,descriptive,model_confidence,absoluta,0.95,,0.9144,sim,0.9879,0.0121,0.9792,0.0085,0.0169,48.0,,,,,,,,,,
qwen05b-ft-genia,decl-10-decoder-05b-genia,genia,T1,descriptive,model_confidence,vao,0.25,0.8067,0.2063,sim,0.2255,0.7745,0.8068,0.4513,0.5788,3080.0,,,,,,,,,,
qwen05b-ft-genia,decl-10-decoder-05b-genia,genia,T1,descriptive,model_confidence,vao,0.50,0.8711,0.4705,sim,0.6507,0.3493,0.8711,0.2198,0.351,1389.0,,,,,,,,,,
qwen05b-ft-genia,decl-10-decoder-05b-genia,genia,T1,descriptive,model_confidence,vao,0.75,0.9356,0.7432,sim,0.9839,0.0161,0.9375,0.0109,0.0215,64.0,,,,,,,,,,
qwen05b-ft-genia,decl-10-decoder-05b-genia,genia,T1,descriptive,model_confidence,vao,0.90,0.9742,0.9144,sim,0.9879,0.0121,0.9792,0.0085,0.0169,48.0,,,,,,,,,,
qwen05b-ft-genia,decl-10-decoder-05b-genia,genia,S2,task_verdict,span_mass,absoluta,0.70,,,sim,0.0,,,,,,model_confidence,0.0,0.0,0.0,0.0,3977.0,1291.0,2000.0,0.0,NÃO DISTINGUE (IC contém zero)
qwen05b-ft-genia,decl-10-decoder-05b-genia,genia,S2,task_verdict,span_mass,absoluta,0.80,,,sim,0.9987,,,,,,model_confidence,0.1971,0.8016,0.5702,0.8653,3977.0,1291.0,1979.0,21.0,span_mass EXIGE MAIS revisão
qwen05b-ft-genia,decl-10-decoder-05b-genia,genia,S2,task_verdict,span_mass,absoluta,0.90,,,sim,0.999,,,,,,model_confidence,0.917,0.082,0.0109,0.2687,3977.0,1291.0,1962.0,38.0,span_mass EXIGE MAIS revisão
qwen05b-ft-genia,decl-10-decoder-05b-genia,genia,S2,task_verdict,span_mass,absoluta,0.95,,,sim,0.999,,,,,,model_confidence,0.9879,0.0111,0.0064,0.0586,3977.0,1291.0,1962.0,38.0,span_mass EXIGE MAIS revisão
qwen05b-ft-genia,decl-10-decoder-05b-genia,genia,S2,task_verdict,span_mass,vao,0.25,0.8067,,sim,0.999,,,,,,model_confidence,0.2255,0.7734,0.6223,0.8391,3977.0,1291.0,1974.0,26.0,span_mass EXIGE MAIS revisão
qwen05b-ft-genia,decl-10-decoder-05b-genia,genia,S2,task_verdict,span_mass,vao,0.50,0.8711,,sim,0.999,,,,,,model_confidence,0.6507,0.3483,0.0977,0.5212,3977.0,1291.0,1963.0,37.0,span_mass EXIGE MAIS revisão
qwen05b-ft-genia,decl-10-decoder-05b-genia,genia,S2,task_verdict,span_mass,vao,0.75,0.9356,,sim,0.999,,,,,,model_confidence,0.9839,0.0151,0.0071,0.0815,3977.0,1291.0,1962.0,38.0,span_mass EXIGE MAIS revisão
qwen05b-ft-genia,decl-10-decoder-05b-genia,genia,S2,task_verdict,span_mass,vao,0.90,0.9742,,sim,0.999,,,,,,model_confidence,0.9879,0.0111,0.0055,0.0216,3977.0,1291.0,1962.0,38.0,span_mass EXIGE MAIS revisão
qwen05b-ft-genia,decl-10-decoder-05b-genia,genia,S4,task_verdict,span_mass,absoluta,0.70,,,sim,0.0,,,,,,aggseq,0.0,0.0,0.0,0.0,3977.0,1291.0,2000.0,0.0,NÃO DISTINGUE (IC contém zero)
qwen05b-ft-genia,decl-10-decoder-05b-genia,genia,S4,task_verdict,span_mass,absoluta,0.80,,,sim,0.9987,,,,,,aggseq,0.0953,0.9034,0.6624,0.9389,3977.0,1291.0,1979.0,21.0,span_mass EXIGE MAIS revisão
qwen05b-ft-genia,decl-10-decoder-05b-genia,genia,S4,task_verdict,span_mass,absoluta,0.90,,,sim,0.999,,,,,,aggseq,0.9997,-0.0008,-0.0025,0.162,3977.0,1291.0,1565.0,435.0,NÃO DISTINGUE (IC contém zero)
qwen05b-ft-genia,decl-10-decoder-05b-genia,genia,S4,task_verdict,span_mass,absoluta,0.95,,,sim,0.999,,,,,,aggseq,0.9997,-0.0008,-0.0018,0.0064,3977.0,1291.0,1464.0,536.0,NÃO DISTINGUE (IC contém zero)
qwen05b-ft-genia,decl-10-decoder-05b-genia,genia,S4,task_verdict,span_mass,vao,0.25,0.8067,,sim,0.999,,,,,,aggseq,0.1154,0.8836,0.7472,0.9219,3977.0,1291.0,1974.0,26.0,span_mass EXIGE MAIS revisão
qwen05b-ft-genia,decl-10-decoder-05b-genia,genia,S4,task_verdict,span_mass,vao,0.50,0.8711,,sim,0.999,,,,,,aggseq,0.4214,0.5776,-0.0007,0.7081,3977.0,1291.0,1919.0,81.0,NÃO DISTINGUE (IC contém zero)
qwen05b-ft-genia,decl-10-decoder-05b-genia,genia,S4,task_verdict,span_mass,vao,0.75,0.9356,,sim,0.999,,,,,,aggseq,0.9997,-0.0008,-0.002,0.015,3977.0,1291.0,1467.0,533.0,NÃO DISTINGUE (IC contém zero)
qwen05b-ft-genia,decl-10-decoder-05b-genia,genia,S4,task_verdict,span_mass,vao,0.90,0.9742,,sim,0.999,,,,,,aggseq,0.9997,-0.0008,-0.0018,0.0031,3977.0,1291.0,1464.0,536.0,NÃO DISTINGUE (IC contém zero)
qwen05b-ft-genia,decl-10-decoder-05b-genia,genia,S6,task_verdict,row_entropy_causal,absoluta,0.70,,,sim,0.0,,,,,,model_confidence,0.0,0.0,0.0,0.0,3977.0,1291.0,2000.0,0.0,NÃO DISTINGUE (IC contém zero)
qwen05b-ft-genia,decl-10-decoder-05b-genia,genia,S6,task_verdict,row_entropy_causal,absoluta,0.80,,,sim,0.9997,,,,,,model_confidence,0.1971,0.8026,0.4267,0.8563,3977.0,1291.0,1823.0,177.0,row_entropy_causal EXIGE MAIS revisão
qwen05b-ft-genia,decl-10-decoder-05b-genia,genia,S6,task_verdict,row_entropy_causal,absoluta,0.90,,,sim,0.9997,,,,,,model_confidence,0.917,0.0827,0.0112,0.2663,3977.0,1291.0,1508.0,492.0,row_entropy_causal EXIGE MAIS revisão
qwen05b-ft-genia,decl-10-decoder-05b-genia,genia,S6,task_verdict,row_entropy_causal,absoluta,0.95,,,sim,0.9997,,,,,,model_confidence,0.9879,0.0118,0.0071,0.0573,3977.0,1291.0,1494.0,506.0,row_entropy_causal EXIGE MAIS revisão
qwen05b-ft-genia,decl-10-decoder-05b-genia,genia,S6,task_verdict,row_entropy_causal,vao,0.25,0.8067,,sim,0.9997,,,,,,model_confidence,0.2255,0.7742,0.4598,0.8332,3977.0,1291.0,1757.0,243.0,row_entropy_causal EXIGE MAIS revisão
qwen05b-ft-genia,decl-10-decoder-05b-genia,genia,S6,task_verdict,row_entropy_causal,vao,0.50,0.8711,,sim,0.9997,,,,,,model_confidence,0.6507,0.349,0.0941,0.5224,3977.0,1291.0,1540.0,460.0,row_entropy_causal EXIGE MAIS revisão
qwen05b-ft-genia,decl-10-decoder-05b-genia,genia,S6,task_verdict,row_entropy_causal,vao,0.75,0.9356,,sim,0.9997,,,,,,model_confidence,0.9839,0.0158,0.0078,0.0787,3977.0,1291.0,1494.0,506.0,row_entropy_causal EXIGE MAIS revisão
qwen05b-ft-genia,decl-10-decoder-05b-genia,genia,S6,task_verdict,row_entropy_causal,vao,0.90,0.9742,,sim,0.9997,,,,,,model_confidence,0.9879,0.0118,0.0062,0.0198,3977.0,1291.0,1494.0,506.0,row_entropy_causal EXIGE MAIS revisão
qwen05b-ft-genia,decl-10-decoder-05b-genia,genia,S8,task_verdict,row_entropy_causal,absoluta,0.70,,,sim,0.0,,,,,,aggseq,0.0,0.0,0.0,0.0,3977.0,1291.0,2000.0,0.0,NÃO DISTINGUE (IC contém zero)
qwen05b-ft-genia,decl-10-decoder-05b-genia,genia,S8,task_verdict,row_entropy_causal,absoluta,0.80,,,sim,0.9997,,,,,,aggseq,0.0953,0.9045,0.5158,0.9326,3977.0,1291.0,1823.0,177.0,row_entropy_causal EXIGE MAIS revisão
qwen05b-ft-genia,decl-10-decoder-05b-genia,genia,S8,task_verdict,row_entropy_causal,absoluta,0.90,,,sim,0.9997,,,,,,aggseq,0.9997,0.0,-0.001,0.1194,3977.0,1291.0,1200.0,800.0,NÃO DISTINGUE (IC contém zero)
qwen05b-ft-genia,decl-10-decoder-05b-genia,genia,S8,task_verdict,row_entropy_causal,absoluta,0.95,,,sim,0.9997,,,,,,aggseq,0.9997,0.0,-0.001,0.0065,3977.0,1291.0,1110.0,890.0,NÃO DISTINGUE (IC contém zero)
qwen05b-ft-genia,decl-10-decoder-05b-genia,genia,S8,task_verdict,row_entropy_causal,vao,0.25,0.8067,,sim,0.9997,,,,,,aggseq,0.1154,0.8843,0.5631,0.9176,3977.0,1291.0,1757.0,243.0,row_entropy_causal EXIGE MAIS revisão
qwen05b-ft-genia,decl-10-decoder-05b-genia,genia,S8,task_verdict,row_entropy_causal,vao,0.50,0.8711,,sim,0.9997,,,,,,aggseq,0.4214,0.5783,0.0,0.7069,3977.0,1291.0,1505.0,495.0,NÃO DISTINGUE (IC contém zero)
qwen05b-ft-genia,decl-10-decoder-05b-genia,genia,S8,task_verdict,row_entropy_causal,vao,0.75,0.9356,,sim,0.9997,,,,,,aggseq,0.9997,0.0,-0.001,0.0158,3977.0,1291.0,1112.0,888.0,NÃO DISTINGUE (IC contém zero)
qwen05b-ft-genia,decl-10-decoder-05b-genia,genia,S8,task_verdict,row_entropy_causal,vao,0.90,0.9742,,sim,0.9997,,,,,,aggseq,0.9997,0.0,-0.001,0.0036,3977.0,1291.0,1110.0,890.0,NÃO DISTINGUE (IC contém zero)
qwen05b-ft-genia,decl-10-decoder-05b-genia,genia,S10,task_verdict,row_max_causal,absoluta,0.70,,,sim,0.0,,,,,,model_confidence,0.0,0.0,0.0,0.0,3977.0,1291.0,2000.0,0.0,NÃO DISTINGUE (IC contém zero)
qwen05b-ft-genia,decl-10-decoder-05b-genia,genia,S10,task_verdict,row_max_causal,absoluta,0.80,,,sim,0.9937,,,,,,model_confidence,0.1971,0.7966,0.3367,0.8474,3977.0,1291.0,1977.0,23.0,row_max_causal EXIGE MAIS revisão
qwen05b-ft-genia,decl-10-decoder-05b-genia,genia,S10,task_verdict,row_max_causal,absoluta,0.90,,,sim,0.9992,,,,,,model_confidence,0.917,0.0822,0.0103,0.2677,3977.0,1291.0,1918.0,82.0,row_max_causal EXIGE MAIS revisão
qwen05b-ft-genia,decl-10-decoder-05b-genia,genia,S10,task_verdict,row_max_causal,absoluta,0.95,,,sim,0.9992,,,,,,model_confidence,0.9879,0.0113,0.005,0.058,3977.0,1291.0,1905.0,95.0,row_max_causal EXIGE MAIS revisão
qwen05b-ft-genia,decl-10-decoder-05b-genia,genia,S10,task_verdict,row_max_causal,vao,0.25,0.8067,,sim,0.9947,,,,,,model_confidence,0.2255,0.7692,0.4703,0.826,3977.0,1291.0,1970.0,30.0,row_max_causal EXIGE MAIS revisão
qwen05b-ft-genia,decl-10-decoder-05b-genia,genia,S10,task_verdict,row_max_causal,vao,0.50,0.8711,,sim,0.9992,,,,,,model_confidence,0.6507,0.3485,0.0942,0.5175,3977.0,1291.0,1926.0,74.0,row_max_causal EXIGE MAIS revisão
qwen05b-ft-genia,decl-10-decoder-05b-genia,genia,S10,task_verdict,row_max_causal,vao,0.75,0.9356,,sim,0.9992,,,,,,model_confidence,0.9839,0.0153,0.0058,0.0819,3977.0,1291.0,1910.0,90.0,row_max_causal EXIGE MAIS revisão
qwen05b-ft-genia,decl-10-decoder-05b-genia,genia,S10,task_verdict,row_max_causal,vao,0.90,0.9742,,sim,0.9992,,,,,,model_confidence,0.9879,0.0113,0.0054,0.0212,3977.0,1291.0,1900.0,100.0,row_max_causal EXIGE MAIS revisão
qwen05b-ft-genia,decl-10-decoder-05b-genia,genia,S12,task_verdict,row_max_causal,absoluta,0.70,,,sim,0.0,,,,,,aggseq,0.0,0.0,0.0,0.0,3977.0,1291.0,2000.0,0.0,NÃO DISTINGUE (IC contém zero)
qwen05b-ft-genia,decl-10-decoder-05b-genia,genia,S12,task_verdict,row_max_causal,absoluta,0.80,,,sim,0.9937,,,,,,aggseq,0.0953,0.8984,0.4312,0.9263,3977.0,1291.0,1977.0,23.0,row_max_causal EXIGE MAIS revisão
qwen05b-ft-genia,decl-10-decoder-05b-genia,genia,S12,task_verdict,row_max_causal,absoluta,0.90,,,sim,0.9992,,,,,,aggseq,0.9997,-0.0005,-0.0074,0.1663,3977.0,1291.0,1532.0,468.0,NÃO DISTINGUE (IC contém zero)
qwen05b-ft-genia,decl-10-decoder-05b-genia,genia,S12,task_verdict,row_max_causal,absoluta,0.95,,,sim,0.9992,,,,,,aggseq,0.9997,-0.0005,-0.0055,0.0064,3977.0,1291.0,1427.0,573.0,NÃO DISTINGUE (IC contém zero)
qwen05b-ft-genia,decl-10-decoder-05b-genia,genia,S12,task_verdict,row_max_causal,vao,0.25,0.8067,,sim,0.9947,,,,,,aggseq,0.1154,0.8793,0.5703,0.9123,3977.0,1291.0,1970.0,30.0,row_max_causal EXIGE MAIS revisão
qwen05b-ft-genia,decl-10-decoder-05b-genia,genia,S12,task_verdict,row_max_causal,vao,0.50,0.8711,,sim,0.9992,,,,,,aggseq,0.4214,0.5778,-0.0012,0.703,3977.0,1291.0,1883.0,117.0,NÃO DISTINGUE (IC contém zero)
qwen05b-ft-genia,decl-10-decoder-05b-genia,genia,S12,task_verdict,row_max_causal,vao,0.75,0.9356,,sim,0.9992,,,,,,aggseq,0.9997,-0.0005,-0.0057,0.0152,3977.0,1291.0,1434.0,566.0,NÃO DISTINGUE (IC contém zero)
qwen05b-ft-genia,decl-10-decoder-05b-genia,genia,S12,task_verdict,row_max_causal,vao,0.90,0.9742,,sim,0.9992,,,,,,aggseq,0.9997,-0.0005,-0.0033,0.0035,3977.0,1291.0,1424.0,576.0,NÃO DISTINGUE (IC contém zero)
qwen05b-ft-genia,decl-10-decoder-05b-genia,genia,S14,task_verdict,hidden_norm,absoluta,0.70,,,sim,0.0,,,,,,model_confidence,0.0,0.0,0.0,0.0,3977.0,1291.0,2000.0,0.0,NÃO DISTINGUE (IC contém zero)
qwen05b-ft-genia,decl-10-decoder-05b-genia,genia,S14,task_verdict,hidden_norm,absoluta,0.80,,,sim,0.9985,,,,,,model_confidence,0.1971,0.8014,0.0298,0.8549,3977.0,1291.0,1535.0,465.0,hidden_norm EXIGE MAIS revisão
qwen05b-ft-genia,decl-10-decoder-05b-genia,genia,S14,task_verdict,hidden_norm,absoluta,0.90,,,não,inalcançável,,,,,,model_confidence,0.917,,,,3977.0,1291.0,0.0,0.0,inalcançável para hidden_norm
qwen05b-ft-genia,decl-10-decoder-05b-genia,genia,S14,task_verdict,hidden_norm,absoluta,0.95,,,não,inalcançável,,,,,,model_confidence,0.9879,,,,3977.0,1291.0,0.0,0.0,inalcançável para hidden_norm
qwen05b-ft-genia,decl-10-decoder-05b-genia,genia,S14,task_verdict,hidden_norm,vao,0.25,0.8067,,sim,0.9985,,,,,,model_confidence,0.2255,0.7729,0.0972,0.8389,3977.0,1291.0,1338.0,662.0,hidden_norm EXIGE MAIS revisão
qwen05b-ft-genia,decl-10-decoder-05b-genia,genia,S14,task_verdict,hidden_norm,vao,0.50,0.8711,,não,inalcançável,,,,,,model_confidence,0.6507,,,,3977.0,1291.0,0.0,0.0,inalcançável para hidden_norm
qwen05b-ft-genia,decl-10-decoder-05b-genia,genia,S14,task_verdict,hidden_norm,vao,0.75,0.9356,,não,inalcançável,,,,,,model_confidence,0.9839,,,,3977.0,1291.0,0.0,0.0,inalcançável para hidden_norm
qwen05b-ft-genia,decl-10-decoder-05b-genia,genia,S14,task_verdict,hidden_norm,vao,0.90,0.9742,,não,inalcançável,,,,,,model_confidence,0.9879,,,,3977.0,1291.0,0.0,0.0,inalcançável para hidden_norm
qwen05b-ft-genia,decl-10-decoder-05b-genia,genia,S16,task_verdict,hidden_norm,absoluta,0.70,,,sim,0.0,,,,,,aggseq,0.0,0.0,0.0,0.0,3977.0,1291.0,2000.0,0.0,NÃO DISTINGUE (IC contém zero)
qwen05b-ft-genia,decl-10-decoder-05b-genia,genia,S16,task_verdict,hidden_norm,absoluta,0.80,,,sim,0.9985,,,,,,aggseq,0.0953,0.9032,0.1018,0.9333,3977.0,1291.0,1535.0,465.0,hidden_norm EXIGE MAIS revisão
qwen05b-ft-genia,decl-10-decoder-05b-genia,genia,S16,task_verdict,hidden_norm,absoluta,0.90,,,não,inalcançável,,,,,,aggseq,0.9997,,,,3977.0,1291.0,0.0,0.0,inalcançável para hidden_norm
qwen05b-ft-genia,decl-10-decoder-05b-genia,genia,S16,task_verdict,hidden_norm,absoluta,0.95,,,não,inalcançável,,,,,,aggseq,0.9997,,,,3977.0,1291.0,0.0,0.0,inalcançável para hidden_norm
qwen05b-ft-genia,decl-10-decoder-05b-genia,genia,S16,task_verdict,hidden_norm,vao,0.25,0.8067,,sim,0.9985,,,,,,aggseq,0.1154,0.8831,0.1793,0.9219,3977.0,1291.0,1338.0,662.0,hidden_norm EXIGE MAIS revisão
qwen05b-ft-genia,decl-10-decoder-05b-genia,genia,S16,task_verdict,hidden_norm,vao,0.50,0.8711,,não,inalcançável,,,,,,aggseq,0.4214,,,,3977.0,1291.0,0.0,0.0,inalcançável para hidden_norm
qwen05b-ft-genia,decl-10-decoder-05b-genia,genia,S16,task_verdict,hidden_norm,vao,0.75,0.9356,,não,inalcançável,,,,,,aggseq,0.9997,,,,3977.0,1291.0,0.0,0.0,inalcançável para hidden_norm
qwen05b-ft-genia,decl-10-decoder-05b-genia,genia,S16,task_verdict,hidden_norm,vao,0.90,0.9742,,não,inalcançável,,,,,,aggseq,0.9997,,,,3977.0,1291.0,0.0,0.0,inalcançável para hidden_norm
qwen05b-ft-genia,decl-10-decoder-05b-genia,genia,S18,task_verdict,hidden_dist_centroide,absoluta,0.70,,,sim,0.0,,,,,,model_confidence,0.0,0.0,0.0,0.0,3977.0,1291.0,2000.0,0.0,NÃO DISTINGUE (IC contém zero)
qwen05b-ft-genia,decl-10-decoder-05b-genia,genia,S18,task_verdict,hidden_dist_centroide,absoluta,0.80,,,não,inalcançável,,,,,,model_confidence,0.1971,,,,3977.0,1291.0,0.0,0.0,inalcançável para hidden_dist_centroide
qwen05b-ft-genia,decl-10-decoder-05b-genia,genia,S18,task_verdict,hidden_dist_centroide,absoluta,0.90,,,não,inalcançável,,,,,,model_confidence,0.917,,,,3977.0,1291.0,0.0,0.0,inalcançável para hidden_dist_centroide
qwen05b-ft-genia,decl-10-decoder-05b-genia,genia,S18,task_verdict,hidden_dist_centroide,absoluta,0.95,,,não,inalcançável,,,,,,model_confidence,0.9879,,,,3977.0,1291.0,0.0,0.0,inalcançável para hidden_dist_centroide
qwen05b-ft-genia,decl-10-decoder-05b-genia,genia,S18,task_verdict,hidden_dist_centroide,vao,0.25,0.8067,,não,inalcançável,,,,,,model_confidence,0.2255,,,,3977.0,1291.0,0.0,0.0,inalcançável para hidden_dist_centroide
qwen05b-ft-genia,decl-10-decoder-05b-genia,genia,S18,task_verdict,hidden_dist_centroide,vao,0.50,0.8711,,não,inalcançável,,,,,,model_confidence,0.6507,,,,3977.0,1291.0,0.0,0.0,inalcançável para hidden_dist_centroide
qwen05b-ft-genia,decl-10-decoder-05b-genia,genia,S18,task_verdict,hidden_dist_centroide,vao,0.75,0.9356,,não,inalcançável,,,,,,model_confidence,0.9839,,,,3977.0,1291.0,0.0,0.0,inalcançável para hidden_dist_centroide
qwen05b-ft-genia,decl-10-decoder-05b-genia,genia,S18,task_verdict,hidden_dist_centroide,vao,0.90,0.9742,,não,inalcançável,,,,,,model_confidence,0.9879,,,,3977.0,1291.0,0.0,0.0,inalcançável para hidden_dist_centroide
qwen05b-ft-genia,decl-10-decoder-05b-genia,genia,S20,task_verdict,hidden_dist_centroide,absoluta,0.70,,,sim,0.0,,,,,,aggseq,0.0,0.0,0.0,0.0,3977.0,1291.0,2000.0,0.0,NÃO DISTINGUE (IC contém zero)
qwen05b-ft-genia,decl-10-decoder-05b-genia,genia,S20,task_verdict,hidden_dist_centroide,absoluta,0.80,,,não,inalcançável,,,,,,aggseq,0.0953,,,,3977.0,1291.0,0.0,0.0,inalcançável para hidden_dist_centroide
qwen05b-ft-genia,decl-10-decoder-05b-genia,genia,S20,task_verdict,hidden_dist_centroide,absoluta,0.90,,,não,inalcançável,,,,,,aggseq,0.9997,,,,3977.0,1291.0,0.0,0.0,inalcançável para hidden_dist_centroide
qwen05b-ft-genia,decl-10-decoder-05b-genia,genia,S20,task_verdict,hidden_dist_centroide,absoluta,0.95,,,não,inalcançável,,,,,,aggseq,0.9997,,,,3977.0,1291.0,0.0,0.0,inalcançável para hidden_dist_centroide
qwen05b-ft-genia,decl-10-decoder-05b-genia,genia,S20,task_verdict,hidden_dist_centroide,vao,0.25,0.8067,,não,inalcançável,,,,,,aggseq,0.1154,,,,3977.0,1291.0,0.0,0.0,inalcançável para hidden_dist_centroide
qwen05b-ft-genia,decl-10-decoder-05b-genia,genia,S20,task_verdict,hidden_dist_centroide,vao,0.50,0.8711,,não,inalcançável,,,,,,aggseq,0.4214,,,,3977.0,1291.0,0.0,0.0,inalcançável para hidden_dist_centroide
qwen05b-ft-genia,decl-10-decoder-05b-genia,genia,S20,task_verdict,hidden_dist_centroide,vao,0.75,0.9356,,não,inalcançável,,,,,,aggseq,0.9997,,,,3977.0,1291.0,0.0,0.0,inalcançável para hidden_dist_centroide
qwen05b-ft-genia,decl-10-decoder-05b-genia,genia,S20,task_verdict,hidden_dist_centroide,vao,0.90,0.9742,,não,inalcançável,,,,,,aggseq,0.9997,,,,3977.0,1291.0,0.0,0.0,inalcançável para hidden_dist_centroide
qwen05b-ft-genia,decl-10-decoder-05b-genia,genia,S22,task_verdict,hidden_delta_camadas,absoluta,0.70,,,sim,0.0,,,,,,model_confidence,0.0,0.0,0.0,0.0,3977.0,1291.0,2000.0,0.0,NÃO DISTINGUE (IC contém zero)
qwen05b-ft-genia,decl-10-decoder-05b-genia,genia,S22,task_verdict,hidden_delta_camadas,absoluta,0.80,,,sim,0.9997,,,,,,model_confidence,0.1971,0.8026,0.0933,0.863,3977.0,1291.0,1687.0,313.0,hidden_delta_camadas EXIGE MAIS revisão
qwen05b-ft-genia,decl-10-decoder-05b-genia,genia,S22,task_verdict,hidden_delta_camadas,absoluta,0.90,,,sim,0.9997,,,,,,model_confidence,0.917,0.0827,0.0117,0.2655,3977.0,1291.0,1498.0,502.0,hidden_delta_camadas EXIGE MAIS revisão
qwen05b-ft-genia,decl-10-decoder-05b-genia,genia,S22,task_verdict,hidden_delta_camadas,absoluta,0.95,,,sim,0.9997,,,,,,model_confidence,0.9879,0.0118,0.0069,0.0586,3977.0,1291.0,1488.0,512.0,hidden_delta_camadas EXIGE MAIS revisão
qwen05b-ft-genia,decl-10-decoder-05b-genia,genia,S22,task_verdict,hidden_delta_camadas,vao,0.25,0.8067,,sim,0.9997,,,,,,model_confidence,0.2255,0.7742,0.3953,0.8411,3977.0,1291.0,1628.0,372.0,hidden_delta_camadas EXIGE MAIS revisão
qwen05b-ft-genia,decl-10-decoder-05b-genia,genia,S22,task_verdict,hidden_delta_camadas,vao,0.50,0.8711,,sim,0.9997,,,,,,model_confidence,0.6507,0.349,0.0961,0.5195,3977.0,1291.0,1507.0,493.0,hidden_delta_camadas EXIGE MAIS revisão
qwen05b-ft-genia,decl-10-decoder-05b-genia,genia,S22,task_verdict,hidden_delta_camadas,vao,0.75,0.9356,,sim,0.9997,,,,,,model_confidence,0.9839,0.0158,0.0076,0.082,3977.0,1291.0,1490.0,510.0,hidden_delta_camadas EXIGE MAIS revisão
qwen05b-ft-genia,decl-10-decoder-05b-genia,genia,S22,task_verdict,hidden_delta_camadas,vao,0.90,0.9742,,sim,0.9997,,,,,,model_confidence,0.9879,0.0118,0.006,0.0221,3977.0,1291.0,1488.0,512.0,hidden_delta_camadas EXIGE MAIS revisão
qwen05b-ft-genia,decl-10-decoder-05b-genia,genia,S24,task_verdict,hidden_delta_camadas,absoluta,0.70,,,sim,0.0,,,,,,aggseq,0.0,0.0,0.0,0.0,3977.0,1291.0,2000.0,0.0,NÃO DISTINGUE (IC contém zero)
qwen05b-ft-genia,decl-10-decoder-05b-genia,genia,S24,task_verdict,hidden_delta_camadas,absoluta,0.80,,,sim,0.9997,,,,,,aggseq,0.0953,0.9045,0.1748,0.938,3977.0,1291.0,1687.0,313.0,hidden_delta_camadas EXIGE MAIS revisão
qwen05b-ft-genia,decl-10-decoder-05b-genia,genia,S24,task_verdict,hidden_delta_camadas,absoluta,0.90,,,sim,0.9997,,,,,,aggseq,0.9997,0.0,-0.0032,0.1193,3977.0,1291.0,1197.0,803.0,NÃO DISTINGUE (IC contém zero)
qwen05b-ft-genia,decl-10-decoder-05b-genia,genia,S24,task_verdict,hidden_delta_camadas,absoluta,0.95,,,sim,0.9997,,,,,,aggseq,0.9997,0.0,-0.0013,0.0064,3977.0,1291.0,1127.0,873.0,NÃO DISTINGUE (IC contém zero)
qwen05b-ft-genia,decl-10-decoder-05b-genia,genia,S24,task_verdict,hidden_delta_camadas,vao,0.25,0.8067,,sim,0.9997,,,,,,aggseq,0.1154,0.8843,0.4898,0.9238,3977.0,1291.0,1628.0,372.0,hidden_delta_camadas EXIGE MAIS revisão
qwen05b-ft-genia,decl-10-decoder-05b-genia,genia,S24,task_verdict,hidden_delta_camadas,vao,0.50,0.8711,,sim,0.9997,,,,,,aggseq,0.4214,0.5783,-0.0005,0.708,3977.0,1291.0,1472.0,528.0,NÃO DISTINGUE (IC contém zero)
qwen05b-ft-genia,decl-10-decoder-05b-genia,genia,S24,task_verdict,hidden_delta_camadas,vao,0.75,0.9356,,sim,0.9997,,,,,,aggseq,0.9997,0.0,-0.002,0.0134,3977.0,1291.0,1129.0,871.0,NÃO DISTINGUE (IC contém zero)
qwen05b-ft-genia,decl-10-decoder-05b-genia,genia,S24,task_verdict,hidden_delta_camadas,vao,0.90,0.9742,,sim,0.9997,,,,,,aggseq,0.9997,0.0,-0.0012,0.0036,3977.0,1291.0,1127.0,873.0,NÃO DISTINGUE (IC contém zero)
qwen05b-ft-genia,decl-10-decoder-05b-genia,genia,E26,task_verdict,sonda_ocultos,absoluta,0.70,,,sim,0.0,,,,,,model_confidence,0.0,0.0,0.0,0.0,3977.0,1291.0,2000.0,0.0,NÃO DISTINGUE (IC contém zero)
qwen05b-ft-genia,decl-10-decoder-05b-genia,genia,E26,task_verdict,sonda_ocultos,absoluta,0.80,,,sim,0.1021,,,,,,model_confidence,0.1971,-0.095,-0.1378,-0.0485,3977.0,1291.0,2000.0,0.0,sonda_ocultos EXIGE MENOS revisão
qwen05b-ft-genia,decl-10-decoder-05b-genia,genia,E26,task_verdict,sonda_ocultos,absoluta,0.90,,,sim,0.7729,,,,,,model_confidence,0.917,-0.1441,-0.2998,0.11,3977.0,1291.0,1873.0,127.0,NÃO DISTINGUE (IC contém zero)
qwen05b-ft-genia,decl-10-decoder-05b-genia,genia,E26,task_verdict,sonda_ocultos,absoluta,0.95,,,não,inalcançável,,,,,,model_confidence,0.9879,,,,3977.0,1291.0,0.0,0.0,inalcançável para sonda_ocultos
qwen05b-ft-genia,decl-10-decoder-05b-genia,genia,E26,task_verdict,sonda_ocultos,vao,0.25,0.8067,,sim,0.1285,,,,,,model_confidence,0.2255,-0.0971,-0.1573,-0.0526,3977.0,1291.0,2000.0,0.0,sonda_ocultos EXIGE MENOS revisão
qwen05b-ft-genia,decl-10-decoder-05b-genia,genia,E26,task_verdict,sonda_ocultos,vao,0.50,0.8711,,sim,0.516,,,,,,model_confidence,0.6507,-0.1348,-0.3566,0.0582,3977.0,1291.0,2000.0,0.0,NÃO DISTINGUE (IC contém zero)
qwen05b-ft-genia,decl-10-decoder-05b-genia,genia,E26,task_verdict,sonda_ocultos,vao,0.75,0.9356,,não,inalcançável,,,,,,model_confidence,0.9839,,,,3977.0,1291.0,0.0,0.0,inalcançável para sonda_ocultos
qwen05b-ft-genia,decl-10-decoder-05b-genia,genia,E26,task_verdict,sonda_ocultos,vao,0.90,0.9742,,não,inalcançável,,,,,,model_confidence,0.9879,,,,3977.0,1291.0,0.0,0.0,inalcançável para sonda_ocultos
qwen05b-ft-genia,decl-10-decoder-05b-genia,genia,E28,task_verdict,sonda_ocultos,absoluta,0.70,,,sim,0.0,,,,,,aggseq,0.0,0.0,0.0,0.0,3977.0,1291.0,2000.0,0.0,NÃO DISTINGUE (IC contém zero)
qwen05b-ft-genia,decl-10-decoder-05b-genia,genia,E28,task_verdict,sonda_ocultos,absoluta,0.80,,,sim,0.1021,,,,,,aggseq,0.0953,0.0068,-0.0128,0.0391,3977.0,1291.0,2000.0,0.0,NÃO DISTINGUE (IC contém zero)
qwen05b-ft-genia,decl-10-decoder-05b-genia,genia,E28,task_verdict,sonda_ocultos,absoluta,0.90,,,sim,0.7729,,,,,,aggseq,0.9997,-0.2268,-0.3703,0.0203,3977.0,1291.0,1509.0,491.0,NÃO DISTINGUE (IC contém zero)
qwen05b-ft-genia,decl-10-decoder-05b-genia,genia,E28,task_verdict,sonda_ocultos,absoluta,0.95,,,não,inalcançável,,,,,,aggseq,0.9997,,,,3977.0,1291.0,0.0,0.0,inalcançável para sonda_ocultos
qwen05b-ft-genia,decl-10-decoder-05b-genia,genia,E28,task_verdict,sonda_ocultos,vao,0.25,0.8067,,sim,0.1285,,,,,,aggseq,0.1154,0.0131,-0.0132,0.0447,3977.0,1291.0,2000.0,0.0,NÃO DISTINGUE (IC contém zero)
qwen05b-ft-genia,decl-10-decoder-05b-genia,genia,E28,task_verdict,sonda_ocultos,vao,0.50,0.8711,,sim,0.516,,,,,,aggseq,0.4214,0.0945,-0.4798,0.2492,3977.0,1291.0,1956.0,44.0,NÃO DISTINGUE (IC contém zero)
qwen05b-ft-genia,decl-10-decoder-05b-genia,genia,E28,task_verdict,sonda_ocultos,vao,0.75,0.9356,,não,inalcançável,,,,,,aggseq,0.9997,,,,3977.0,1291.0,0.0,0.0,inalcançável para sonda_ocultos
qwen05b-ft-genia,decl-10-decoder-05b-genia,genia,E28,task_verdict,sonda_ocultos,vao,0.90,0.9742,,não,inalcançável,,,,,,aggseq,0.9997,,,,3977.0,1291.0,0.0,0.0,inalcançável para sonda_ocultos
qwen05b-ft-genia,decl-10-decoder-05b-genia,genia,E30,task_verdict,sonda_atencao_cabecas,absoluta,0.70,,,sim,0.0,,,,,,model_confidence,0.0,0.0,0.0,0.0,3977.0,1291.0,2000.0,0.0,NÃO DISTINGUE (IC contém zero)
qwen05b-ft-genia,decl-10-decoder-05b-genia,genia,E30,task_verdict,sonda_atencao_cabecas,absoluta,0.80,,,sim,0.1426,,,,,,model_confidence,0.1971,-0.0546,-0.1048,-0.0051,3977.0,1291.0,2000.0,0.0,sonda_atencao_cabecas EXIGE MENOS revisão
qwen05b-ft-genia,decl-10-decoder-05b-genia,genia,E30,task_verdict,sonda_atencao_cabecas,absoluta,0.90,,,não,inalcançável,,,,,,model_confidence,0.917,,,,3977.0,1291.0,0.0,0.0,inalcançável para sonda_atencao_cabecas
qwen05b-ft-genia,decl-10-decoder-05b-genia,genia,E30,task_verdict,sonda_atencao_cabecas,absoluta,0.95,,,não,inalcançável,,,,,,model_confidence,0.9879,,,,3977.0,1291.0,0.0,0.0,inalcançável para sonda_atencao_cabecas
qwen05b-ft-genia,decl-10-decoder-05b-genia,genia,E30,task_verdict,sonda_atencao_cabecas,vao,0.25,0.8067,,sim,0.176,,,,,,model_confidence,0.2255,-0.0495,-0.1126,0.001,3977.0,1291.0,2000.0,0.0,NÃO DISTINGUE (IC contém zero)
qwen05b-ft-genia,decl-10-decoder-05b-genia,genia,E30,task_verdict,sonda_atencao_cabecas,vao,0.50,0.8711,,sim,0.8524,,,,,,model_confidence,0.6507,0.2017,-0.2011,0.3991,3977.0,1291.0,1619.0,381.0,NÃO DISTINGUE (IC contém zero)
qwen05b-ft-genia,decl-10-decoder-05b-genia,genia,E30,task_verdict,sonda_atencao_cabecas,vao,0.75,0.9356,,não,inalcançável,,,,,,model_confidence,0.9839,,,,3977.0,1291.0,0.0,0.0,inalcançável para sonda_atencao_cabecas
qwen05b-ft-genia,decl-10-decoder-05b-genia,genia,E30,task_verdict,sonda_atencao_cabecas,vao,0.90,0.9742,,não,inalcançável,,,,,,model_confidence,0.9879,,,,3977.0,1291.0,0.0,0.0,inalcançável para sonda_atencao_cabecas
qwen05b-ft-genia,decl-10-decoder-05b-genia,genia,E32,task_verdict,sonda_atencao_cabecas,absoluta,0.70,,,sim,0.0,,,,,,aggseq,0.0,0.0,0.0,0.0,3977.0,1291.0,2000.0,0.0,NÃO DISTINGUE (IC contém zero)
qwen05b-ft-genia,decl-10-decoder-05b-genia,genia,E32,task_verdict,sonda_atencao_cabecas,absoluta,0.80,,,sim,0.1426,,,,,,aggseq,0.0953,0.0473,0.0038,0.0891,3977.0,1291.0,2000.0,0.0,sonda_atencao_cabecas EXIGE MAIS revisão
qwen05b-ft-genia,decl-10-decoder-05b-genia,genia,E32,task_verdict,sonda_atencao_cabecas,absoluta,0.90,,,não,inalcançável,,,,,,aggseq,0.9997,,,,3977.0,1291.0,0.0,0.0,inalcançável para sonda_atencao_cabecas
qwen05b-ft-genia,decl-10-decoder-05b-genia,genia,E32,task_verdict,sonda_atencao_cabecas,absoluta,0.95,,,não,inalcançável,,,,,,aggseq,0.9997,,,,3977.0,1291.0,0.0,0.0,inalcançável para sonda_atencao_cabecas
qwen05b-ft-genia,decl-10-decoder-05b-genia,genia,E32,task_verdict,sonda_atencao_cabecas,vao,0.25,0.8067,,sim,0.176,,,,,,aggseq,0.1154,0.0606,0.0127,0.1061,3977.0,1291.0,2000.0,0.0,sonda_atencao_cabecas EXIGE MAIS revisão
qwen05b-ft-genia,decl-10-decoder-05b-genia,genia,E32,task_verdict,sonda_atencao_cabecas,vao,0.50,0.8711,,sim,0.8524,,,,,,aggseq,0.4214,0.431,-0.2804,0.5854,3977.0,1291.0,1585.0,415.0,NÃO DISTINGUE (IC contém zero)
qwen05b-ft-genia,decl-10-decoder-05b-genia,genia,E32,task_verdict,sonda_atencao_cabecas,vao,0.75,0.9356,,não,inalcançável,,,,,,aggseq,0.9997,,,,3977.0,1291.0,0.0,0.0,inalcançável para sonda_atencao_cabecas
qwen05b-ft-genia,decl-10-decoder-05b-genia,genia,E32,task_verdict,sonda_atencao_cabecas,vao,0.90,0.9742,,não,inalcançável,,,,,,aggseq,0.9997,,,,3977.0,1291.0,0.0,0.0,inalcançável para sonda_atencao_cabecas
qwen05b-ft-genia,adenda-01,genia,T1,descriptive,(sem supervisor),—,—,,0.0,sim,0.0,1.0,0.7566,0.5465,0.6346,3977.0,,,,,,,,,,
qwen05b-ft-genia,adenda-01,genia,T1,descriptive,span_size,absoluta,0.70,,0.0,sim,0.0,1.0,0.7566,0.5465,0.6346,3977.0,,,,,,,,,,
qwen05b-ft-genia,adenda-01,genia,T1,descriptive,span_size,absoluta,0.80,,,não,inalcançável,,,,,0.0,,,,,,,,,,
qwen05b-ft-genia,adenda-01,genia,T1,descriptive,span_size,absoluta,0.90,,,não,inalcançável,,,,,0.0,,,,,,,,,,
qwen05b-ft-genia,adenda-01,genia,T1,descriptive,span_size,absoluta,0.95,,,não,inalcançável,,,,,0.0,,,,,,,,,,
qwen05b-ft-genia,adenda-01,genia,T1,descriptive,span_size,vao,0.25,0.8067,,não,inalcançável,,,,,0.0,,,,,,,,,,
qwen05b-ft-genia,adenda-01,genia,T1,descriptive,span_size,vao,0.50,0.8711,,não,inalcançável,,,,,0.0,,,,,,,,,,
qwen05b-ft-genia,adenda-01,genia,T1,descriptive,span_size,vao,0.75,0.9356,,não,inalcançável,,,,,0.0,,,,,,,,,,
qwen05b-ft-genia,adenda-01,genia,T1,descriptive,span_size,vao,0.90,0.9742,,não,inalcançável,,,,,0.0,,,,,,,,,,
qwen05b-ft-genia,adenda-01,genia,T1,descriptive,geometric_fraction,absoluta,0.70,,0.0,sim,0.0,1.0,0.7566,0.5465,0.6346,3977.0,,,,,,,,,,
qwen05b-ft-genia,adenda-01,genia,T1,descriptive,geometric_fraction,absoluta,0.80,,0.1866,sim,0.9505,0.0495,0.802,0.0287,0.0554,197.0,,,,,,,,,,
qwen05b-ft-genia,adenda-01,genia,T1,descriptive,geometric_fraction,absoluta,0.90,,0.5892,sim,0.995,0.005,0.9,0.0033,0.0065,20.0,,,,,,,,,,
qwen05b-ft-genia,adenda-01,genia,T1,descriptive,geometric_fraction,absoluta,0.95,,1.0,sim,0.996,0.004,1.0,0.0029,0.0058,16.0,,,,,,,,,,
qwen05b-ft-genia,adenda-01,genia,T1,descriptive,geometric_fraction,vao,0.25,0.8067,0.2164,sim,0.9512,0.0488,0.8093,0.0285,0.0551,194.0,,,,,,,,,,
qwen05b-ft-genia,adenda-01,genia,T1,descriptive,geometric_fraction,vao,0.50,0.8711,0.5892,sim,0.995,0.005,0.9,0.0033,0.0065,20.0,,,,,,,,,,
qwen05b-ft-genia,adenda-01,genia,T1,descriptive,geometric_fraction,vao,0.75,0.9356,0.7718,sim,0.9955,0.0045,0.9444,0.0031,0.0062,18.0,,,,,,,,,,
qwen05b-ft-genia,adenda-01,genia,T1,descriptive,geometric_fraction,vao,0.90,0.9742,1.0,sim,0.996,0.004,1.0,0.0029,0.0058,16.0,,,,,,,,,,
qwen05b-ft-genia,adenda-01,genia,T1,descriptive,sentence_length,absoluta,0.70,,0.0,sim,0.0,1.0,0.7566,0.5465,0.6346,3977.0,,,,,,,,,,
qwen05b-ft-genia,adenda-01,genia,T1,descriptive,sentence_length,absoluta,0.80,,,não,inalcançável,,,,,0.0,,,,,,,,,,
qwen05b-ft-genia,adenda-01,genia,T1,descriptive,sentence_length,absoluta,0.90,,,não,inalcançável,,,,,0.0,,,,,,,,,,
qwen05b-ft-genia,adenda-01,genia,T1,descriptive,sentence_length,absoluta,0.95,,,não,inalcançável,,,,,0.0,,,,,,,,,,
qwen05b-ft-genia,adenda-01,genia,T1,descriptive,sentence_length,vao,0.25,0.8067,,não,inalcançável,,,,,0.0,,,,,,,,,,
qwen05b-ft-genia,adenda-01,genia,T1,descriptive,sentence_length,vao,0.50,0.8711,,não,inalcançável,,,,,0.0,,,,,,,,,,
qwen05b-ft-genia,adenda-01,genia,T1,descriptive,sentence_length,vao,0.75,0.9356,,não,inalcançável,,,,,0.0,,,,,,,,,,
qwen05b-ft-genia,adenda-01,genia,T1,descriptive,sentence_length,vao,0.90,0.9742,,não,inalcançável,,,,,0.0,,,,,,,,,,
qwen05b-ft-genia,adenda-01,genia,T1,descriptive,row_entropy_causal,absoluta,0.70,,0.0,sim,0.0,1.0,0.7566,0.5465,0.6346,3977.0,,,,,,,,,,
qwen05b-ft-genia,adenda-01,genia,T1,descriptive,row_entropy_causal,absoluta,0.80,,1.0,sim,0.9997,0.0003,1.0,0.0002,0.0004,1.0,,,,,,,,,,
qwen05b-ft-genia,adenda-01,genia,T1,descriptive,row_entropy_causal,absoluta,0.90,,1.0,sim,0.9997,0.0003,1.0,0.0002,0.0004,1.0,,,,,,,,,,
qwen05b-ft-genia,adenda-01,genia,T1,descriptive,row_entropy_causal,absoluta,0.95,,1.0,sim,0.9997,0.0003,1.0,0.0002,0.0004,1.0,,,,,,,,,,
qwen05b-ft-genia,adenda-01,genia,T1,descriptive,row_entropy_causal,vao,0.25,0.8067,1.0,sim,0.9997,0.0003,1.0,0.0002,0.0004,1.0,,,,,,,,,,
qwen05b-ft-genia,adenda-01,genia,T1,descriptive,row_entropy_causal,vao,0.50,0.8711,1.0,sim,0.9997,0.0003,1.0,0.0002,0.0004,1.0,,,,,,,,,,
qwen05b-ft-genia,adenda-01,genia,T1,descriptive,row_entropy_causal,vao,0.75,0.9356,1.0,sim,0.9997,0.0003,1.0,0.0002,0.0004,1.0,,,,,,,,,,
qwen05b-ft-genia,adenda-01,genia,T1,descriptive,row_entropy_causal,vao,0.90,0.9742,1.0,sim,0.9997,0.0003,1.0,0.0002,0.0004,1.0,,,,,,,,,,
qwen05b-ft-genia,adenda-01,genia,T1,descriptive,row_max_causal,absoluta,0.70,,0.0,sim,0.0,1.0,0.7566,0.5465,0.6346,3977.0,,,,,,,,,,
qwen05b-ft-genia,adenda-01,genia,T1,descriptive,row_max_causal,absoluta,0.80,,0.1783,sim,0.9937,0.0063,0.8,0.0036,0.0072,25.0,,,,,,,,,,
qwen05b-ft-genia,adenda-01,genia,T1,descriptive,row_max_causal,absoluta,0.90,,1.0,sim,0.9992,0.0008,1.0,0.0005,0.0011,3.0,,,,,,,,,,
qwen05b-ft-genia,adenda-01,genia,T1,descriptive,row_max_causal,absoluta,0.95,,1.0,sim,0.9992,0.0008,1.0,0.0005,0.0011,3.0,,,,,,,,,,
qwen05b-ft-genia,adenda-01,genia,T1,descriptive,row_max_causal,vao,0.25,0.8067,0.2174,sim,0.9947,0.0053,0.8095,0.0031,0.0062,21.0,,,,,,,,,,
qwen05b-ft-genia,adenda-01,genia,T1,descriptive,row_max_causal,vao,0.50,0.8711,1.0,sim,0.9992,0.0008,1.0,0.0005,0.0011,3.0,,,,,,,,,,
qwen05b-ft-genia,adenda-01,genia,T1,descriptive,row_max_causal,vao,0.75,0.9356,1.0,sim,0.9992,0.0008,1.0,0.0005,0.0011,3.0,,,,,,,,,,
qwen05b-ft-genia,adenda-01,genia,T1,descriptive,row_max_causal,vao,0.90,0.9742,1.0,sim,0.9992,0.0008,1.0,0.0005,0.0011,3.0,,,,,,,,,,
qwen05b-ft-genia,adenda-01,genia,T1,descriptive,hidden_norm,absoluta,0.70,,0.0,sim,0.0,1.0,0.7566,0.5465,0.6346,3977.0,,,,,,,,,,
qwen05b-ft-genia,adenda-01,genia,T1,descriptive,hidden_norm,absoluta,0.80,,0.3153,sim,0.9985,0.0015,0.8333,0.0009,0.0018,6.0,,,,,,,,,,
qwen05b-ft-genia,adenda-01,genia,T1,descriptive,hidden_norm,absoluta,0.90,,,não,inalcançável,,,,,0.0,,,,,,,,,,
qwen05b-ft-genia,adenda-01,genia,T1,descriptive,hidden_norm,absoluta,0.95,,,não,inalcançável,,,,,0.0,,,,,,,,,,
qwen05b-ft-genia,adenda-01,genia,T1,descriptive,hidden_norm,vao,0.25,0.8067,0.3153,sim,0.9985,0.0015,0.8333,0.0009,0.0018,6.0,,,,,,,,,,
qwen05b-ft-genia,adenda-01,genia,T1,descriptive,hidden_norm,vao,0.50,0.8711,,não,inalcançável,,,,,0.0,,,,,,,,,,
qwen05b-ft-genia,adenda-01,genia,T1,descriptive,hidden_norm,vao,0.75,0.9356,,não,inalcançável,,,,,0.0,,,,,,,,,,
qwen05b-ft-genia,adenda-01,genia,T1,descriptive,hidden_norm,vao,0.90,0.9742,,não,inalcançável,,,,,0.0,,,,,,,,,,
qwen05b-ft-genia,adenda-01,genia,T1,descriptive,hidden_dist_centroide,absoluta,0.70,,0.0,sim,0.0,1.0,0.7566,0.5465,0.6346,3977.0,,,,,,,,,,
qwen05b-ft-genia,adenda-01,genia,T1,descriptive,hidden_dist_centroide,absoluta,0.80,,,não,inalcançável,,,,,0.0,,,,,,,,,,
qwen05b-ft-genia,adenda-01,genia,T1,descriptive,hidden_dist_centroide,absoluta,0.90,,,não,inalcançável,,,,,0.0,,,,,,,,,,
qwen05b-ft-genia,adenda-01,genia,T1,descriptive,hidden_dist_centroide,absoluta,0.95,,,não,inalcançável,,,,,0.0,,,,,,,,,,
qwen05b-ft-genia,adenda-01,genia,T1,descriptive,hidden_dist_centroide,vao,0.25,0.8067,,não,inalcançável,,,,,0.0,,,,,,,,,,
qwen05b-ft-genia,adenda-01,genia,T1,descriptive,hidden_dist_centroide,vao,0.50,0.8711,,não,inalcançável,,,,,0.0,,,,,,,,,,
qwen05b-ft-genia,adenda-01,genia,T1,descriptive,hidden_dist_centroide,vao,0.75,0.9356,,não,inalcançável,,,,,0.0,,,,,,,,,,
qwen05b-ft-genia,adenda-01,genia,T1,descriptive,hidden_dist_centroide,vao,0.90,0.9742,,não,inalcançável,,,,,0.0,,,,,,,,,,
qwen05b-ft-genia,adenda-01,genia,T1,descriptive,hidden_delta_camadas,absoluta,0.70,,0.0,sim,0.0,1.0,0.7566,0.5465,0.6346,3977.0,,,,,,,,,,
qwen05b-ft-genia,adenda-01,genia,T1,descriptive,hidden_delta_camadas,absoluta,0.80,,1.0,sim,0.9997,0.0003,1.0,0.0002,0.0004,1.0,,,,,,,,,,
qwen05b-ft-genia,adenda-01,genia,T1,descriptive,hidden_delta_camadas,absoluta,0.90,,1.0,sim,0.9997,0.0003,1.0,0.0002,0.0004,1.0,,,,,,,,,,
qwen05b-ft-genia,adenda-01,genia,T1,descriptive,hidden_delta_camadas,absoluta,0.95,,1.0,sim,0.9997,0.0003,1.0,0.0002,0.0004,1.0,,,,,,,,,,
qwen05b-ft-genia,adenda-01,genia,T1,descriptive,hidden_delta_camadas,vao,0.25,0.8067,1.0,sim,0.9997,0.0003,1.0,0.0002,0.0004,1.0,,,,,,,,,,
qwen05b-ft-genia,adenda-01,genia,T1,descriptive,hidden_delta_camadas,vao,0.50,0.8711,1.0,sim,0.9997,0.0003,1.0,0.0002,0.0004,1.0,,,,,,,,,,
qwen05b-ft-genia,adenda-01,genia,T1,descriptive,hidden_delta_camadas,vao,0.75,0.9356,1.0,sim,0.9997,0.0003,1.0,0.0002,0.0004,1.0,,,,,,,,,,
qwen05b-ft-genia,adenda-01,genia,T1,descriptive,hidden_delta_camadas,vao,0.90,0.9742,1.0,sim,0.9997,0.0003,1.0,0.0002,0.0004,1.0,,,,,,,,,,
qwen05b-ft-genia,adenda-01,genia,T1,descriptive,sonda_ocultos,absoluta,0.70,,0.0,sim,0.0,1.0,0.7566,0.5465,0.6346,3977.0,,,,,,,,,,
qwen05b-ft-genia,adenda-01,genia,T1,descriptive,sonda_ocultos,absoluta,0.80,,0.1785,sim,0.1021,0.8979,0.8001,0.5189,0.6295,3571.0,,,,,,,,,,
qwen05b-ft-genia,adenda-01,genia,T1,descriptive,sonda_ocultos,absoluta,0.90,,0.5905,sim,0.7729,0.2271,0.9003,0.1477,0.2537,903.0,,,,,,,,,,
qwen05b-ft-genia,adenda-01,genia,T1,descriptive,sonda_ocultos,absoluta,0.95,,,não,inalcançável,,,,,0.0,,,,,,,,,,
qwen05b-ft-genia,adenda-01,genia,T1,descriptive,sonda_ocultos,vao,0.25,0.8067,0.2058,sim,0.1285,0.8715,0.8067,0.5078,0.6233,3466.0,,,,,,,,,,
qwen05b-ft-genia,adenda-01,genia,T1,descriptive,sonda_ocultos,vao,0.50,0.8711,0.4707,sim,0.516,0.484,0.8712,0.3046,0.4514,1925.0,,,,,,,,,,
qwen05b-ft-genia,adenda-01,genia,T1,descriptive,sonda_ocultos,vao,0.75,0.9356,,não,inalcançável,,,,,0.0,,,,,,,,,,
qwen05b-ft-genia,adenda-01,genia,T1,descriptive,sonda_ocultos,vao,0.90,0.9742,,não,inalcançável,,,,,0.0,,,,,,,,,,
qwen05b-ft-genia,adenda-01,genia,T1,descriptive,sonda_atencao_cabecas,absoluta,0.70,,0.0,sim,0.0,1.0,0.7566,0.5465,0.6346,3977.0,,,,,,,,,,
qwen05b-ft-genia,adenda-01,genia,T1,descriptive,sonda_atencao_cabecas,absoluta,0.80,,0.1783,sim,0.1426,0.8574,0.8,0.4955,0.6119,3410.0,,,,,,,,,,
qwen05b-ft-genia,adenda-01,genia,T1,descriptive,sonda_atencao_cabecas,absoluta,0.90,,,não,inalcançável,,,,,0.0,,,,,,,,,,
qwen05b-ft-genia,adenda-01,genia,T1,descriptive,sonda_atencao_cabecas,absoluta,0.95,,,não,inalcançável,,,,,0.0,,,,,,,,,,
qwen05b-ft-genia,adenda-01,genia,T1,descriptive,sonda_atencao_cabecas,vao,0.25,0.8067,0.2064,sim,0.176,0.824,0.8068,0.4802,0.6021,3277.0,,,,,,,,,,
qwen05b-ft-genia,adenda-01,genia,T1,descriptive,sonda_atencao_cabecas,vao,0.50,0.8711,0.4751,sim,0.8524,0.1476,0.8722,0.093,0.1681,587.0,,,,,,,,,,
qwen05b-ft-genia,adenda-01,genia,T1,descriptive,sonda_atencao_cabecas,vao,0.75,0.9356,,não,inalcançável,,,,,0.0,,,,,,,,,,
qwen05b-ft-genia,adenda-01,genia,T1,descriptive,sonda_atencao_cabecas,vao,0.90,0.9742,,não,inalcançável,,,,,0.0,,,,,,,,,,
qwen05b-ft-genia,adenda-01,genia,T1,descriptive,span_mass,absoluta,0.70,,0.0,sim,0.0,1.0,0.7566,0.5465,0.6346,3977.0,,,,,,,,,,
qwen05b-ft-genia,adenda-01,genia,T1,descriptive,span_mass,absoluta,0.80,,0.1783,sim,0.9987,0.0013,0.8,0.0007,0.0015,5.0,,,,,,,,,,
qwen05b-ft-genia,adenda-01,genia,T1,descriptive,span_mass,absoluta,0.90,,1.0,sim,0.999,0.001,1.0,0.0007,0.0015,4.0,,,,,,,,,,
qwen05b-ft-genia,adenda-01,genia,T1,descriptive,span_mass,absoluta,0.95,,1.0,sim,0.999,0.001,1.0,0.0007,0.0015,4.0,,,,,,,,,,
qwen05b-ft-genia,adenda-01,genia,T1,descriptive,span_mass,vao,0.25,0.8067,1.0,sim,0.999,0.001,1.0,0.0007,0.0015,4.0,,,,,,,,,,
qwen05b-ft-genia,adenda-01,genia,T1,descriptive,span_mass,vao,0.50,0.8711,1.0,sim,0.999,0.001,1.0,0.0007,0.0015,4.0,,,,,,,,,,
qwen05b-ft-genia,adenda-01,genia,T1,descriptive,span_mass,vao,0.75,0.9356,1.0,sim,0.999,0.001,1.0,0.0007,0.0015,4.0,,,,,,,,,,
qwen05b-ft-genia,adenda-01,genia,T1,descriptive,span_mass,vao,0.90,0.9742,1.0,sim,0.999,0.001,1.0,0.0007,0.0015,4.0,,,,,,,,,,
qwen05b-ft-genia,adenda-01,genia,T1,descriptive,model_confidence,absoluta,0.70,,0.0,sim,0.0,1.0,0.7566,0.5465,0.6346,3977.0,,,,,,,,,,
qwen05b-ft-genia,adenda-01,genia,T1,descriptive,model_confidence,absoluta,0.80,,0.1791,sim,0.1971,0.8029,0.8002,0.464,0.5874,3193.0,,,,,,,,,,
qwen05b-ft-genia,adenda-01,genia,T1,descriptive,model_confidence,absoluta,0.90,,0.6141,sim,0.917,0.083,0.9061,0.0543,0.1025,330.0,,,,,,,,,,
qwen05b-ft-genia,adenda-01,genia,T1,descriptive,model_confidence,absoluta,0.95,,0.9144,sim,0.9879,0.0121,0.9792,0.0085,0.0169,48.0,,,,,,,,,,
qwen05b-ft-genia,adenda-01,genia,T1,descriptive,model_confidence,vao,0.25,0.8067,0.2063,sim,0.2255,0.7745,0.8068,0.4513,0.5788,3080.0,,,,,,,,,,
qwen05b-ft-genia,adenda-01,genia,T1,descriptive,model_confidence,vao,0.50,0.8711,0.4705,sim,0.6507,0.3493,0.8711,0.2198,0.351,1389.0,,,,,,,,,,
qwen05b-ft-genia,adenda-01,genia,T1,descriptive,model_confidence,vao,0.75,0.9356,0.7432,sim,0.9839,0.0161,0.9375,0.0109,0.0215,64.0,,,,,,,,,,
qwen05b-ft-genia,adenda-01,genia,T1,descriptive,model_confidence,vao,0.90,0.9742,0.9144,sim,0.9879,0.0121,0.9792,0.0085,0.0169,48.0,,,,,,,,,,
qwen05b-ft-genia,adenda-01,genia,AD1-R-sonda_ocultos,task_verdict,sonda_ocultos,absoluta,0.70,,,sim,0.0,,,,,,base_treinada,0.0,0.0,0.0,0.0,3977.0,1291.0,2000.0,0.0,NÃO DISTINGUE (IC contém zero)
qwen05b-ft-genia,adenda-01,genia,AD1-R-sonda_ocultos,task_verdict,sonda_ocultos,absoluta,0.80,,,sim,0.1021,,,,,,base_treinada,0.3098,-0.2077,-0.5142,-0.0995,3977.0,1291.0,1998.0,2.0,sonda_ocultos EXIGE MENOS revisão
qwen05b-ft-genia,adenda-01,genia,AD1-R-sonda_ocultos,task_verdict,sonda_ocultos,absoluta,0.90,,,sim,0.7729,,,,,,base_treinada,0.9997,-0.2268,-0.3832,-0.007,3977.0,1291.0,1390.0,610.0,sonda_ocultos EXIGE MENOS revisão
qwen05b-ft-genia,adenda-01,genia,AD1-R-sonda_ocultos,task_verdict,sonda_ocultos,absoluta,0.95,,,não,inalcançável,,,,,,base_treinada,0.9997,,,,3977.0,1291.0,0.0,0.0,inalcançável para sonda_ocultos
qwen05b-ft-genia,adenda-01,genia,AD1-R-sonda_ocultos,task_verdict,sonda_ocultos,vao,0.25,0.8067,,sim,0.1285,,,,,,base_treinada,0.522,-0.3935,-0.5986,-0.1248,3977.0,1291.0,1997.0,3.0,sonda_ocultos EXIGE MENOS revisão
qwen05b-ft-genia,adenda-01,genia,AD1-R-sonda_ocultos,task_verdict,sonda_ocultos,vao,0.50,0.8711,,sim,0.516,,,,,,base_treinada,0.9997,-0.4838,-0.5801,-0.294,3977.0,1291.0,1620.0,380.0,sonda_ocultos EXIGE MENOS revisão
qwen05b-ft-genia,adenda-01,genia,AD1-R-sonda_ocultos,task_verdict,sonda_ocultos,vao,0.75,0.9356,,não,inalcançável,,,,,,base_treinada,0.9997,,,,3977.0,1291.0,0.0,0.0,inalcançável para sonda_ocultos
qwen05b-ft-genia,adenda-01,genia,AD1-R-sonda_ocultos,task_verdict,sonda_ocultos,vao,0.90,0.9742,,não,inalcançável,,,,,,base_treinada,0.9997,,,,3977.0,1291.0,0.0,0.0,inalcançável para sonda_ocultos
qwen05b-ft-genia,adenda-01,genia,AD1-R-sonda_atencao_cabecas,task_verdict,sonda_atencao_cabecas,absoluta,0.70,,,sim,0.0,,,,,,base_treinada,0.0,0.0,0.0,0.0,3977.0,1291.0,2000.0,0.0,NÃO DISTINGUE (IC contém zero)
qwen05b-ft-genia,adenda-01,genia,AD1-R-sonda_atencao_cabecas,task_verdict,sonda_atencao_cabecas,absoluta,0.80,,,sim,0.1426,,,,,,base_treinada,0.3098,-0.1672,-0.4683,-0.0688,3977.0,1291.0,1998.0,2.0,sonda_atencao_cabecas EXIGE MENOS revisão
qwen05b-ft-genia,adenda-01,genia,AD1-R-sonda_atencao_cabecas,task_verdict,sonda_atencao_cabecas,absoluta,0.90,,,não,inalcançável,,,,,,base_treinada,0.9997,,,,3977.0,1291.0,0.0,0.0,inalcançável para sonda_atencao_cabecas
qwen05b-ft-genia,adenda-01,genia,AD1-R-sonda_atencao_cabecas,task_verdict,sonda_atencao_cabecas,absoluta,0.95,,,não,inalcançável,,,,,,base_treinada,0.9997,,,,3977.0,1291.0,0.0,0.0,inalcançável para sonda_atencao_cabecas
qwen05b-ft-genia,adenda-01,genia,AD1-R-sonda_atencao_cabecas,task_verdict,sonda_atencao_cabecas,vao,0.25,0.8067,,sim,0.176,,,,,,base_treinada,0.522,-0.346,-0.548,-0.0801,3977.0,1291.0,1997.0,3.0,sonda_atencao_cabecas EXIGE MENOS revisão
qwen05b-ft-genia,adenda-01,genia,AD1-R-sonda_atencao_cabecas,task_verdict,sonda_atencao_cabecas,vao,0.50,0.8711,,sim,0.8524,,,,,,base_treinada,0.9997,-0.1473,-0.4791,0.0204,3977.0,1291.0,1319.0,681.0,NÃO DISTINGUE (IC contém zero)
qwen05b-ft-genia,adenda-01,genia,AD1-R-sonda_atencao_cabecas,task_verdict,sonda_atencao_cabecas,vao,0.75,0.9356,,não,inalcançável,,,,,,base_treinada,0.9997,,,,3977.0,1291.0,0.0,0.0,inalcançável para sonda_atencao_cabecas
qwen05b-ft-genia,adenda-01,genia,AD1-R-sonda_atencao_cabecas,task_verdict,sonda_atencao_cabecas,vao,0.90,0.9742,,não,inalcançável,,,,,,base_treinada,0.9997,,,,3977.0,1291.0,0.0,0.0,inalcançável para sonda_atencao_cabecas
qwen05b-ft-genia,adenda-01,genia,AD1-R-sonda_ocultos_ajustada,task_verdict,sonda_ocultos_ajustada,absoluta,0.70,,,sim,0.0,,,,,,base_treinada_ajustada,0.0,0.0,0.0,0.0,3977.0,1291.0,2000.0,0.0,NÃO DISTINGUE (IC contém zero)
qwen05b-ft-genia,adenda-01,genia,AD1-R-sonda_ocultos_ajustada,task_verdict,sonda_ocultos_ajustada,absoluta,0.80,,,sim,0.083,,,,,,base_treinada_ajustada,0.2784,-0.1954,-0.5304,-0.1022,3977.0,1291.0,1998.0,2.0,sonda_ocultos_ajustada EXIGE MENOS revisão
qwen05b-ft-genia,adenda-01,genia,AD1-R-sonda_ocultos_ajustada,task_verdict,sonda_ocultos_ajustada,absoluta,0.90,,,sim,0.5645,,,,,,base_treinada_ajustada,0.9997,-0.4353,-0.5204,-0.2485,3977.0,1291.0,1474.0,526.0,sonda_ocultos_ajustada EXIGE MENOS revisão
qwen05b-ft-genia,adenda-01,genia,AD1-R-sonda_ocultos_ajustada,task_verdict,sonda_ocultos_ajustada,absoluta,0.95,,,sim,0.964,,,,,,base_treinada_ajustada,0.9997,-0.0357,-0.158,0.001,3977.0,1291.0,1288.0,712.0,NÃO DISTINGUE (IC contém zero)
qwen05b-ft-genia,adenda-01,genia,AD1-R-sonda_ocultos_ajustada,task_verdict,sonda_ocultos_ajustada,vao,0.25,0.8067,,sim,0.0991,,,,,,base_treinada_ajustada,0.3835,-0.2844,-0.5796,-0.1329,3977.0,1291.0,1997.0,3.0,sonda_ocultos_ajustada EXIGE MENOS revisão
qwen05b-ft-genia,adenda-01,genia,AD1-R-sonda_ocultos_ajustada,task_verdict,sonda_ocultos_ajustada,vao,0.50,0.8711,,sim,0.4109,,,,,,base_treinada_ajustada,0.9997,-0.5889,-0.6596,-0.4776,3977.0,1291.0,1596.0,404.0,sonda_ocultos_ajustada EXIGE MENOS revisão
qwen05b-ft-genia,adenda-01,genia,AD1-R-sonda_ocultos_ajustada,task_verdict,sonda_ocultos_ajustada,vao,0.75,0.9356,,sim,0.8567,,,,,,base_treinada_ajustada,0.9997,-0.1431,-0.2502,0.0,3977.0,1291.0,1395.0,605.0,NÃO DISTINGUE (IC contém zero)
qwen05b-ft-genia,adenda-01,genia,AD1-R-sonda_ocultos_ajustada,task_verdict,sonda_ocultos_ajustada,vao,0.90,0.9742,,sim,0.9997,,,,,,base_treinada_ajustada,0.9997,0.0,-0.0559,0.0023,3977.0,1291.0,1091.0,909.0,NÃO DISTINGUE (IC contém zero)
qwen05b-ft-genia,adenda-01,genia,AD1-R-sonda_atencao_cabecas_ajustada,task_verdict,sonda_atencao_cabecas_ajustada,absoluta,0.70,,,sim,0.0,,,,,,base_treinada_ajustada,0.0,0.0,0.0,0.0,3977.0,1291.0,2000.0,0.0,NÃO DISTINGUE (IC contém zero)
qwen05b-ft-genia,adenda-01,genia,AD1-R-sonda_atencao_cabecas_ajustada,task_verdict,sonda_atencao_cabecas_ajustada,absoluta,0.80,,,sim,0.0915,,,,,,base_treinada_ajustada,0.2784,-0.1868,-0.5088,-0.0935,3977.0,1291.0,1998.0,2.0,sonda_atencao_cabecas_ajustada EXIGE MENOS revisão
qwen05b-ft-genia,adenda-01,genia,AD1-R-sonda_atencao_cabecas_ajustada,task_verdict,sonda_atencao_cabecas_ajustada,absoluta,0.90,,,sim,0.6905,,,,,,base_treinada_ajustada,0.9997,-0.3093,-0.4318,-0.0213,3977.0,1291.0,1449.0,551.0,sonda_atencao_cabecas_ajustada EXIGE MENOS revisão
qwen05b-ft-genia,adenda-01,genia,AD1-R-sonda_atencao_cabecas_ajustada,task_verdict,sonda_atencao_cabecas_ajustada,absoluta,0.95,,,não,inalcançável,,,,,,base_treinada_ajustada,0.9997,,,,3977.0,1291.0,0.0,0.0,inalcançável para sonda_atencao_cabecas_ajustada
qwen05b-ft-genia,adenda-01,genia,AD1-R-sonda_atencao_cabecas_ajustada,task_verdict,sonda_atencao_cabecas_ajustada,vao,0.25,0.8067,,sim,0.1169,,,,,,base_treinada_ajustada,0.3835,-0.2665,-0.5568,-0.1228,3977.0,1291.0,1997.0,3.0,sonda_atencao_cabecas_ajustada EXIGE MENOS revisão
qwen05b-ft-genia,adenda-01,genia,AD1-R-sonda_atencao_cabecas_ajustada,task_verdict,sonda_atencao_cabecas_ajustada,vao,0.50,0.8711,,sim,0.4478,,,,,,base_treinada_ajustada,0.9997,-0.5519,-0.62,-0.3709,3977.0,1291.0,1596.0,404.0,sonda_atencao_cabecas_ajustada EXIGE MENOS revisão
qwen05b-ft-genia,adenda-01,genia,AD1-R-sonda_atencao_cabecas_ajustada,task_verdict,sonda_atencao_cabecas_ajustada,vao,0.75,0.9356,,não,inalcançável,,,,,,base_treinada_ajustada,0.9997,,,,3977.0,1291.0,0.0,0.0,inalcançável para sonda_atencao_cabecas_ajustada
qwen05b-ft-genia,adenda-01,genia,AD1-R-sonda_atencao_cabecas_ajustada,task_verdict,sonda_atencao_cabecas_ajustada,vao,0.90,0.9742,,não,inalcançável,,,,,,base_treinada_ajustada,0.9997,,,,3977.0,1291.0,0.0,0.0,inalcançável para sonda_atencao_cabecas_ajustada
qwen05b-ft-conll2003,decl-11-decoder-05b-conll,conll2003,T1,descriptive,(sem supervisor),—,—,,0.0,sim,0.0,1.0,0.812,0.6324,0.7111,4399.0,,,,,,,,,,
qwen05b-ft-conll2003,decl-11-decoder-05b-conll,conll2003,T1,descriptive,span_size,absoluta,0.70,,0.0,sim,0.0,1.0,0.812,0.6324,0.7111,4399.0,,,,,,,,,,
qwen05b-ft-conll2003,decl-11-decoder-05b-conll,conll2003,T1,descriptive,span_size,absoluta,0.80,,0.0,sim,0.0,1.0,0.812,0.6324,0.7111,4399.0,,,,,,,,,,
qwen05b-ft-conll2003,decl-11-decoder-05b-conll,conll2003,T1,descriptive,span_size,absoluta,0.90,,1.0,sim,0.9998,0.0002,1.0,0.0002,0.0004,1.0,,,,,,,,,,
qwen05b-ft-conll2003,decl-11-decoder-05b-conll,conll2003,T1,descriptive,span_size,absoluta,0.95,,1.0,sim,0.9998,0.0002,1.0,0.0002,0.0004,1.0,,,,,,,,,,
qwen05b-ft-conll2003,decl-11-decoder-05b-conll,conll2003,T1,descriptive,span_size,vao,0.25,0.8613,1.0,sim,0.9998,0.0002,1.0,0.0002,0.0004,1.0,,,,,,,,,,
qwen05b-ft-conll2003,decl-11-decoder-05b-conll,conll2003,T1,descriptive,span_size,vao,0.50,0.9075,1.0,sim,0.9998,0.0002,1.0,0.0002,0.0004,1.0,,,,,,,,,,
qwen05b-ft-conll2003,decl-11-decoder-05b-conll,conll2003,T1,descriptive,span_size,vao,0.75,0.9538,1.0,sim,0.9998,0.0002,1.0,0.0002,0.0004,1.0,,,,,,,,,,
qwen05b-ft-conll2003,decl-11-decoder-05b-conll,conll2003,T1,descriptive,span_size,vao,0.90,0.9815,1.0,sim,0.9998,0.0002,1.0,0.0002,0.0004,1.0,,,,,,,,,,
qwen05b-ft-conll2003,decl-11-decoder-05b-conll,conll2003,T1,descriptive,geometric_fraction,absoluta,0.70,,0.0,sim,0.0,1.0,0.812,0.6324,0.7111,4399.0,,,,,,,,,,
qwen05b-ft-conll2003,decl-11-decoder-05b-conll,conll2003,T1,descriptive,geometric_fraction,absoluta,0.80,,0.0,sim,0.0,1.0,0.812,0.6324,0.7111,4399.0,,,,,,,,,,
qwen05b-ft-conll2003,decl-11-decoder-05b-conll,conll2003,T1,descriptive,geometric_fraction,absoluta,0.90,,0.4698,sim,0.6556,0.3444,0.9003,0.2415,0.3808,1515.0,,,,,,,,,,
qwen05b-ft-conll2003,decl-11-decoder-05b-conll,conll2003,T1,descriptive,geometric_fraction,absoluta,0.95,,0.7872,sim,0.9943,0.0057,0.96,0.0042,0.0085,25.0,,,,,,,,,,
qwen05b-ft-conll2003,decl-11-decoder-05b-conll,conll2003,T1,descriptive,geometric_fraction,vao,0.25,0.8613,0.2623,sim,0.4935,0.5065,0.8613,0.3398,0.4873,2228.0,,,,,,,,,,
qwen05b-ft-conll2003,decl-11-decoder-05b-conll,conll2003,T1,descriptive,geometric_fraction,vao,0.50,0.9075,0.5094,sim,0.719,0.281,0.9078,0.1987,0.326,1236.0,,,,,,,,,,
qwen05b-ft-conll2003,decl-11-decoder-05b-conll,conll2003,T1,descriptive,geometric_fraction,vao,0.75,0.9538,0.7872,sim,0.9943,0.0057,0.96,0.0042,0.0085,25.0,,,,,,,,,,
qwen05b-ft-conll2003,decl-11-decoder-05b-conll,conll2003,T1,descriptive,geometric_fraction,vao,0.90,0.9815,1.0,sim,0.9952,0.0048,1.0,0.0037,0.0074,21.0,,,,,,,,,,
qwen05b-ft-conll2003,decl-11-decoder-05b-conll,conll2003,T1,descriptive,sentence_length,absoluta,0.70,,0.0,sim,0.0,1.0,0.812,0.6324,0.7111,4399.0,,,,,,,,,,
qwen05b-ft-conll2003,decl-11-decoder-05b-conll,conll2003,T1,descriptive,sentence_length,absoluta,0.80,,0.0,sim,0.0,1.0,0.812,0.6324,0.7111,4399.0,,,,,,,,,,
qwen05b-ft-conll2003,decl-11-decoder-05b-conll,conll2003,T1,descriptive,sentence_length,absoluta,0.90,,0.4771,sim,0.8659,0.1341,0.9017,0.0942,0.1706,590.0,,,,,,,,,,
qwen05b-ft-conll2003,decl-11-decoder-05b-conll,conll2003,T1,descriptive,sentence_length,absoluta,0.95,,0.7378,sim,0.9677,0.0323,0.9507,0.0239,0.0466,142.0,,,,,,,,,,
qwen05b-ft-conll2003,decl-11-decoder-05b-conll,conll2003,T1,descriptive,sentence_length,vao,0.25,0.8613,0.2838,sim,0.6438,0.3562,0.8653,0.2401,0.3759,1567.0,,,,,,,,,,
qwen05b-ft-conll2003,decl-11-decoder-05b-conll,conll2003,T1,descriptive,sentence_length,vao,0.50,0.9075,0.5115,sim,0.8886,0.1114,0.9082,0.0788,0.145,490.0,,,,,,,,,,
qwen05b-ft-conll2003,decl-11-decoder-05b-conll,conll2003,T1,descriptive,sentence_length,vao,0.75,0.9538,0.8412,sim,0.9695,0.0305,0.9701,0.023,0.045,134.0,,,,,,,,,,
qwen05b-ft-conll2003,decl-11-decoder-05b-conll,conll2003,T1,descriptive,sentence_length,vao,0.90,0.9815,0.9091,sim,0.9734,0.0266,0.9829,0.0204,0.0399,117.0,,,,,,,,,,
qwen05b-ft-conll2003,decl-11-decoder-05b-conll,conll2003,T1,descriptive,row_entropy_causal,absoluta,0.70,,0.0,sim,0.0,1.0,0.812,0.6324,0.7111,4399.0,,,,,,,,,,
qwen05b-ft-conll2003,decl-11-decoder-05b-conll,conll2003,T1,descriptive,row_entropy_causal,absoluta,0.80,,0.0,sim,0.0,1.0,0.812,0.6324,0.7111,4399.0,,,,,,,,,,
qwen05b-ft-conll2003,decl-11-decoder-05b-conll,conll2003,T1,descriptive,row_entropy_causal,absoluta,0.90,,0.4746,sim,0.9079,0.0921,0.9012,0.0646,0.1206,405.0,,,,,,,,,,
qwen05b-ft-conll2003,decl-11-decoder-05b-conll,conll2003,T1,descriptive,row_entropy_causal,absoluta,0.95,,0.7467,sim,0.9905,0.0095,0.9524,0.0071,0.0141,42.0,,,,,,,,,,
qwen05b-ft-conll2003,decl-11-decoder-05b-conll,conll2003,T1,descriptive,row_entropy_causal,vao,0.25,0.8613,0.2633,sim,0.368,0.632,0.8615,0.424,0.5683,2780.0,,,,,,,,,,
qwen05b-ft-conll2003,decl-11-decoder-05b-conll,conll2003,T1,descriptive,row_entropy_causal,vao,0.50,0.9075,0.5441,sim,0.9761,0.0239,0.9143,0.017,0.0334,105.0,,,,,,,,,,
qwen05b-ft-conll2003,decl-11-decoder-05b-conll,conll2003,T1,descriptive,row_entropy_causal,vao,0.75,0.9538,0.867,sim,0.9909,0.0091,0.975,0.0069,0.0137,40.0,,,,,,,,,,
qwen05b-ft-conll2003,decl-11-decoder-05b-conll,conll2003,T1,descriptive,row_entropy_causal,vao,0.90,0.9815,1.0,sim,0.9975,0.0025,1.0,0.0019,0.0039,11.0,,,,,,,,,,
qwen05b-ft-conll2003,decl-11-decoder-05b-conll,conll2003,T1,descriptive,row_max_causal,absoluta,0.70,,0.0,sim,0.0,1.0,0.812,0.6324,0.7111,4399.0,,,,,,,,,,
qwen05b-ft-conll2003,decl-11-decoder-05b-conll,conll2003,T1,descriptive,row_max_causal,absoluta,0.80,,0.0,sim,0.0,1.0,0.812,0.6324,0.7111,4399.0,,,,,,,,,,
qwen05b-ft-conll2003,decl-11-decoder-05b-conll,conll2003,T1,descriptive,row_max_causal,absoluta,0.90,,1.0,sim,0.9995,0.0005,1.0,0.0004,0.0007,2.0,,,,,,,,,,
qwen05b-ft-conll2003,decl-11-decoder-05b-conll,conll2003,T1,descriptive,row_max_causal,absoluta,0.95,,1.0,sim,0.9995,0.0005,1.0,0.0004,0.0007,2.0,,,,,,,,,,
qwen05b-ft-conll2003,decl-11-decoder-05b-conll,conll2003,T1,descriptive,row_max_causal,vao,0.25,0.8613,0.2657,sim,0.371,0.629,0.8619,0.4223,0.5668,2767.0,,,,,,,,,,
qwen05b-ft-conll2003,decl-11-decoder-05b-conll,conll2003,T1,descriptive,row_max_causal,vao,0.50,0.9075,1.0,sim,0.9995,0.0005,1.0,0.0004,0.0007,2.0,,,,,,,,,,
qwen05b-ft-conll2003,decl-11-decoder-05b-conll,conll2003,T1,descriptive,row_max_causal,vao,0.75,0.9538,1.0,sim,0.9995,0.0005,1.0,0.0004,0.0007,2.0,,,,,,,,,,
qwen05b-ft-conll2003,decl-11-decoder-05b-conll,conll2003,T1,descriptive,row_max_causal,vao,0.90,0.9815,1.0,sim,0.9995,0.0005,1.0,0.0004,0.0007,2.0,,,,,,,,,,
qwen05b-ft-conll2003,decl-11-decoder-05b-conll,conll2003,T1,descriptive,hidden_norm,absoluta,0.70,,0.0,sim,0.0,1.0,0.812,0.6324,0.7111,4399.0,,,,,,,,,,
qwen05b-ft-conll2003,decl-11-decoder-05b-conll,conll2003,T1,descriptive,hidden_norm,absoluta,0.80,,0.0,sim,0.0,1.0,0.812,0.6324,0.7111,4399.0,,,,,,,,,,
qwen05b-ft-conll2003,decl-11-decoder-05b-conll,conll2003,T1,descriptive,hidden_norm,absoluta,0.90,,0.4696,sim,0.6763,0.3237,0.9003,0.227,0.3626,1424.0,,,,,,,,,,
qwen05b-ft-conll2003,decl-11-decoder-05b-conll,conll2003,T1,descriptive,hidden_norm,absoluta,0.95,,0.7564,sim,0.9404,0.0596,0.9542,0.0443,0.0846,262.0,,,,,,,,,,
qwen05b-ft-conll2003,decl-11-decoder-05b-conll,conll2003,T1,descriptive,hidden_norm,vao,0.25,0.8613,0.2623,sim,0.2362,0.7638,0.8613,0.5124,0.6425,3360.0,,,,,,,,,,
qwen05b-ft-conll2003,decl-11-decoder-05b-conll,conll2003,T1,descriptive,hidden_norm,vao,0.50,0.9075,0.5102,sim,0.7161,0.2839,0.9079,0.2008,0.3288,1249.0,,,,,,,,,,
qwen05b-ft-conll2003,decl-11-decoder-05b-conll,conll2003,T1,descriptive,hidden_norm,vao,0.75,0.9538,0.7564,sim,0.9404,0.0596,0.9542,0.0443,0.0846,262.0,,,,,,,,,,
qwen05b-ft-conll2003,decl-11-decoder-05b-conll,conll2003,T1,descriptive,hidden_norm,vao,0.90,0.9815,0.9067,sim,0.987,0.013,0.9825,0.0099,0.0196,57.0,,,,,,,,,,
qwen05b-ft-conll2003,decl-11-decoder-05b-conll,conll2003,T1,descriptive,hidden_dist_centroide,absoluta,0.70,,0.0,sim,0.0,1.0,0.812,0.6324,0.7111,4399.0,,,,,,,,,,
qwen05b-ft-conll2003,decl-11-decoder-05b-conll,conll2003,T1,descriptive,hidden_dist_centroide,absoluta,0.80,,0.0,sim,0.0,1.0,0.812,0.6324,0.7111,4399.0,,,,,,,,,,
qwen05b-ft-conll2003,decl-11-decoder-05b-conll,conll2003,T1,descriptive,hidden_dist_centroide,absoluta,0.90,,,não,inalcançável,,,,,0.0,,,,,,,,,,
qwen05b-ft-conll2003,decl-11-decoder-05b-conll,conll2003,T1,descriptive,hidden_dist_centroide,absoluta,0.95,,,não,inalcançável,,,,,0.0,,,,,,,,,,
qwen05b-ft-conll2003,decl-11-decoder-05b-conll,conll2003,T1,descriptive,hidden_dist_centroide,vao,0.25,0.8613,,não,inalcançável,,,,,0.0,,,,,,,,,,
qwen05b-ft-conll2003,decl-11-decoder-05b-conll,conll2003,T1,descriptive,hidden_dist_centroide,vao,0.50,0.9075,,não,inalcançável,,,,,0.0,,,,,,,,,,
qwen05b-ft-conll2003,decl-11-decoder-05b-conll,conll2003,T1,descriptive,hidden_dist_centroide,vao,0.75,0.9538,,não,inalcançável,,,,,0.0,,,,,,,,,,
qwen05b-ft-conll2003,decl-11-decoder-05b-conll,conll2003,T1,descriptive,hidden_dist_centroide,vao,0.90,0.9815,,não,inalcançável,,,,,0.0,,,,,,,,,,
qwen05b-ft-conll2003,decl-11-decoder-05b-conll,conll2003,T1,descriptive,hidden_delta_camadas,absoluta,0.70,,0.0,sim,0.0,1.0,0.812,0.6324,0.7111,4399.0,,,,,,,,,,
qwen05b-ft-conll2003,decl-11-decoder-05b-conll,conll2003,T1,descriptive,hidden_delta_camadas,absoluta,0.80,,0.0,sim,0.0,1.0,0.812,0.6324,0.7111,4399.0,,,,,,,,,,
qwen05b-ft-conll2003,decl-11-decoder-05b-conll,conll2003,T1,descriptive,hidden_delta_camadas,absoluta,0.90,,0.4681,sim,0.5203,0.4797,0.9,0.3362,0.4896,2110.0,,,,,,,,,,
qwen05b-ft-conll2003,decl-11-decoder-05b-conll,conll2003,T1,descriptive,hidden_delta_camadas,absoluta,0.95,,0.7447,sim,0.9432,0.0568,0.952,0.0421,0.0807,250.0,,,,,,,,,,
qwen05b-ft-conll2003,decl-11-decoder-05b-conll,conll2003,T1,descriptive,hidden_delta_camadas,vao,0.25,0.8613,0.2635,sim,0.1807,0.8193,0.8615,0.5498,0.6712,3604.0,,,,,,,,,,
qwen05b-ft-conll2003,decl-11-decoder-05b-conll,conll2003,T1,descriptive,hidden_delta_camadas,vao,0.50,0.9075,0.5095,sim,0.6351,0.3649,0.9078,0.258,0.4018,1605.0,,,,,,,,,,
qwen05b-ft-conll2003,decl-11-decoder-05b-conll,conll2003,T1,descriptive,hidden_delta_camadas,vao,0.75,0.9538,0.7602,sim,0.9445,0.0555,0.9549,0.0413,0.0791,244.0,,,,,,,,,,
qwen05b-ft-conll2003,decl-11-decoder-05b-conll,conll2003,T1,descriptive,hidden_delta_camadas,vao,0.90,0.9815,0.9206,sim,0.9848,0.0152,0.9851,0.0117,0.0231,67.0,,,,,,,,,,
qwen05b-ft-conll2003,decl-11-decoder-05b-conll,conll2003,T1,descriptive,sonda_ocultos,absoluta,0.70,,0.0,sim,0.0,1.0,0.812,0.6324,0.7111,4399.0,,,,,,,,,,
qwen05b-ft-conll2003,decl-11-decoder-05b-conll,conll2003,T1,descriptive,sonda_ocultos,absoluta,0.80,,0.0,sim,0.0,1.0,0.812,0.6324,0.7111,4399.0,,,,,,,,,,
qwen05b-ft-conll2003,decl-11-decoder-05b-conll,conll2003,T1,descriptive,sonda_ocultos,absoluta,0.90,,0.4682,sim,0.1018,0.8982,0.9,0.6296,0.7409,3951.0,,,,,,,,,,
qwen05b-ft-conll2003,decl-11-decoder-05b-conll,conll2003,T1,descriptive,sonda_ocultos,absoluta,0.95,,0.7345,sim,0.2712,0.7288,0.9501,0.5393,0.6881,3206.0,,,,,,,,,,
qwen05b-ft-conll2003,decl-11-decoder-05b-conll,conll2003,T1,descriptive,sonda_ocultos,vao,0.25,0.8613,0.2643,sim,0.0582,0.9418,0.8617,0.6321,0.7292,4143.0,,,,,,,,,,
qwen05b-ft-conll2003,decl-11-decoder-05b-conll,conll2003,T1,descriptive,sonda_ocultos,vao,0.50,0.9075,0.5084,sim,0.1096,0.8904,0.9076,0.6294,0.7433,3917.0,,,,,,,,,,
qwen05b-ft-conll2003,decl-11-decoder-05b-conll,conll2003,T1,descriptive,sonda_ocultos,vao,0.75,0.9538,0.7547,sim,0.3148,0.6852,0.9539,0.509,0.6638,3014.0,,,,,,,,,,
qwen05b-ft-conll2003,decl-11-decoder-05b-conll,conll2003,T1,descriptive,sonda_ocultos,vao,0.90,0.9815,0.9266,sim,0.967,0.033,0.9862,0.0253,0.0494,145.0,,,,,,,,,,
qwen05b-ft-conll2003,decl-11-decoder-05b-conll,conll2003,T1,descriptive,sonda_atencao_cabecas,absoluta,0.70,,0.0,sim,0.0,1.0,0.812,0.6324,0.7111,4399.0,,,,,,,,,,
qwen05b-ft-conll2003,decl-11-decoder-05b-conll,conll2003,T1,descriptive,sonda_atencao_cabecas,absoluta,0.80,,0.0,sim,0.0,1.0,0.812,0.6324,0.7111,4399.0,,,,,,,,,,
qwen05b-ft-conll2003,decl-11-decoder-05b-conll,conll2003,T1,descriptive,sonda_atencao_cabecas,absoluta,0.90,,0.4692,sim,0.1093,0.8907,0.9002,0.6245,0.7374,3918.0,,,,,,,,,,
qwen05b-ft-conll2003,decl-11-decoder-05b-conll,conll2003,T1,descriptive,sonda_atencao_cabecas,absoluta,0.95,,0.7356,sim,0.4237,0.5763,0.9503,0.4265,0.5888,2535.0,,,,,,,,,,
qwen05b-ft-conll2003,decl-11-decoder-05b-conll,conll2003,T1,descriptive,sonda_atencao_cabecas,vao,0.25,0.8613,0.2631,sim,0.0598,0.9402,0.8615,0.6308,0.7283,4136.0,,,,,,,,,,
qwen05b-ft-conll2003,decl-11-decoder-05b-conll,conll2003,T1,descriptive,sonda_atencao_cabecas,vao,0.50,0.9075,0.5102,sim,0.1237,0.8763,0.9079,0.6197,0.7366,3855.0,,,,,,,,,,
qwen05b-ft-conll2003,decl-11-decoder-05b-conll,conll2003,T1,descriptive,sonda_atencao_cabecas,vao,0.75,0.9538,0.7542,sim,0.6213,0.3787,0.9538,0.2813,0.4345,1666.0,,,,,,,,,,
qwen05b-ft-conll2003,decl-11-decoder-05b-conll,conll2003,T1,descriptive,sonda_atencao_cabecas,vao,0.90,0.9815,1.0,sim,0.9993,0.0007,1.0,0.0005,0.0011,3.0,,,,,,,,,,
qwen05b-ft-conll2003,decl-11-decoder-05b-conll,conll2003,T1,descriptive,span_mass,absoluta,0.70,,0.0,sim,0.0,1.0,0.812,0.6324,0.7111,4399.0,,,,,,,,,,
qwen05b-ft-conll2003,decl-11-decoder-05b-conll,conll2003,T1,descriptive,span_mass,absoluta,0.80,,0.0,sim,0.0,1.0,0.812,0.6324,0.7111,4399.0,,,,,,,,,,
qwen05b-ft-conll2003,decl-11-decoder-05b-conll,conll2003,T1,descriptive,span_mass,absoluta,0.90,,0.4768,sim,0.9861,0.0139,0.9016,0.0097,0.0193,61.0,,,,,,,,,,
qwen05b-ft-conll2003,decl-11-decoder-05b-conll,conll2003,T1,descriptive,span_mass,absoluta,0.95,,1.0,sim,0.998,0.002,1.0,0.0016,0.0032,9.0,,,,,,,,,,
qwen05b-ft-conll2003,decl-11-decoder-05b-conll,conll2003,T1,descriptive,span_mass,vao,0.25,0.8613,0.2653,sim,0.7877,0.2123,0.8619,0.1425,0.2446,934.0,,,,,,,,,,
qwen05b-ft-conll2003,decl-11-decoder-05b-conll,conll2003,T1,descriptive,span_mass,vao,0.50,0.9075,0.5492,sim,0.9866,0.0134,0.9153,0.0096,0.0189,59.0,,,,,,,,,,
qwen05b-ft-conll2003,decl-11-decoder-05b-conll,conll2003,T1,descriptive,span_mass,vao,0.75,0.9538,1.0,sim,0.998,0.002,1.0,0.0016,0.0032,9.0,,,,,,,,,,
qwen05b-ft-conll2003,decl-11-decoder-05b-conll,conll2003,T1,descriptive,span_mass,vao,0.90,0.9815,1.0,sim,0.998,0.002,1.0,0.0016,0.0032,9.0,,,,,,,,,,
qwen05b-ft-conll2003,decl-11-decoder-05b-conll,conll2003,T1,descriptive,model_confidence,absoluta,0.70,,0.0,sim,0.0,1.0,0.812,0.6324,0.7111,4399.0,,,,,,,,,,
qwen05b-ft-conll2003,decl-11-decoder-05b-conll,conll2003,T1,descriptive,model_confidence,absoluta,0.80,,0.0,sim,0.0,1.0,0.812,0.6324,0.7111,4399.0,,,,,,,,,,
qwen05b-ft-conll2003,decl-11-decoder-05b-conll,conll2003,T1,descriptive,model_confidence,absoluta,0.90,,0.469,sim,0.1734,0.8266,0.9002,0.5795,0.7051,3636.0,,,,,,,,,,
qwen05b-ft-conll2003,decl-11-decoder-05b-conll,conll2003,T1,descriptive,model_confidence,absoluta,0.95,,0.7374,sim,0.581,0.419,0.9506,0.3102,0.4678,1843.0,,,,,,,,,,
qwen05b-ft-conll2003,decl-11-decoder-05b-conll,conll2003,T1,descriptive,model_confidence,vao,0.25,0.8613,0.2627,sim,0.0816,0.9184,0.8614,0.6161,0.7184,4040.0,,,,,,,,,,
qwen05b-ft-conll2003,decl-11-decoder-05b-conll,conll2003,T1,descriptive,model_confidence,vao,0.50,0.9075,0.5092,sim,0.2116,0.7884,0.9077,0.5574,0.6907,3468.0,,,,,,,,,,
qwen05b-ft-conll2003,decl-11-decoder-05b-conll,conll2003,T1,descriptive,model_confidence,vao,0.75,0.9538,0.7547,sim,0.6401,0.3599,0.9539,0.2674,0.4176,1583.0,,,,,,,,,,
qwen05b-ft-conll2003,decl-11-decoder-05b-conll,conll2003,T1,descriptive,model_confidence,vao,0.90,0.9815,0.9098,sim,0.9866,0.0134,0.9831,0.0103,0.0203,59.0,,,,,,,,,,
qwen05b-ft-conll2003,decl-11-decoder-05b-conll,conll2003,S2,task_verdict,span_mass,absoluta,0.70,,,sim,0.0,,,,,,model_confidence,0.0,0.0,0.0,0.0,4399.0,2381.0,2000.0,0.0,NÃO DISTINGUE (IC contém zero)
qwen05b-ft-conll2003,decl-11-decoder-05b-conll,conll2003,S2,task_verdict,span_mass,absoluta,0.80,,,sim,0.0,,,,,,model_confidence,0.0,0.0,0.0,0.0005,4399.0,2381.0,2000.0,0.0,NÃO DISTINGUE (IC contém zero)
qwen05b-ft-conll2003,decl-11-decoder-05b-conll,conll2003,S2,task_verdict,span_mass,absoluta,0.90,,,sim,0.9861,,,,,,model_confidence,0.1734,0.8127,0.6628,0.8432,4399.0,2381.0,2000.0,0.0,span_mass EXIGE MAIS revisão
qwen05b-ft-conll2003,decl-11-decoder-05b-conll,conll2003,S2,task_verdict,span_mass,absoluta,0.95,,,sim,0.998,,,,,,model_confidence,0.581,0.4169,0.2781,0.5267,4399.0,2381.0,2000.0,0.0,span_mass EXIGE MAIS revisão
qwen05b-ft-conll2003,decl-11-decoder-05b-conll,conll2003,S2,task_verdict,span_mass,vao,0.25,0.8613,,sim,0.7877,,,,,,model_confidence,0.0816,0.7061,0.6118,0.8899,4399.0,2381.0,2000.0,0.0,span_mass EXIGE MAIS revisão
qwen05b-ft-conll2003,decl-11-decoder-05b-conll,conll2003,S2,task_verdict,span_mass,vao,0.50,0.9075,,sim,0.9866,,,,,,model_confidence,0.2116,0.7749,0.6724,0.8231,4399.0,2381.0,2000.0,0.0,span_mass EXIGE MAIS revisão
qwen05b-ft-conll2003,decl-11-decoder-05b-conll,conll2003,S2,task_verdict,span_mass,vao,0.75,0.9538,,sim,0.998,,,,,,model_confidence,0.6401,0.3578,0.2478,0.499,4399.0,2381.0,2000.0,0.0,span_mass EXIGE MAIS revisão
qwen05b-ft-conll2003,decl-11-decoder-05b-conll,conll2003,S2,task_verdict,span_mass,vao,0.90,0.9815,,sim,0.998,,,,,,model_confidence,0.9866,0.0114,-0.0009,0.1793,4399.0,2381.0,2000.0,0.0,NÃO DISTINGUE (IC contém zero)
qwen05b-ft-conll2003,decl-11-decoder-05b-conll,conll2003,S4,task_verdict,span_mass,absoluta,0.70,,,sim,0.0,,,,,,aggseq,0.0,0.0,0.0,0.0,4399.0,2381.0,2000.0,0.0,NÃO DISTINGUE (IC contém zero)
qwen05b-ft-conll2003,decl-11-decoder-05b-conll,conll2003,S4,task_verdict,span_mass,absoluta,0.80,,,sim,0.0,,,,,,aggseq,0.0,0.0,0.0,0.0005,4399.0,2381.0,2000.0,0.0,NÃO DISTINGUE (IC contém zero)
qwen05b-ft-conll2003,decl-11-decoder-05b-conll,conll2003,S4,task_verdict,span_mass,absoluta,0.90,,,sim,0.9861,,,,,,aggseq,0.1666,0.8195,0.6676,0.8474,4399.0,2381.0,2000.0,0.0,span_mass EXIGE MAIS revisão
qwen05b-ft-conll2003,decl-11-decoder-05b-conll,conll2003,S4,task_verdict,span_mass,absoluta,0.95,,,sim,0.998,,,,,,aggseq,0.4551,0.5429,0.4892,0.6334,4399.0,2381.0,2000.0,0.0,span_mass EXIGE MAIS revisão
qwen05b-ft-conll2003,decl-11-decoder-05b-conll,conll2003,S4,task_verdict,span_mass,vao,0.25,0.8613,,sim,0.7877,,,,,,aggseq,0.0789,0.7088,0.6098,0.89,4399.0,2381.0,2000.0,0.0,span_mass EXIGE MAIS revisão
qwen05b-ft-conll2003,decl-11-decoder-05b-conll,conll2003,S4,task_verdict,span_mass,vao,0.50,0.9075,,sim,0.9866,,,,,,aggseq,0.2,0.7865,0.6789,0.834,4399.0,2381.0,2000.0,0.0,span_mass EXIGE MAIS revisão
qwen05b-ft-conll2003,decl-11-decoder-05b-conll,conll2003,S4,task_verdict,span_mass,vao,0.75,0.9538,,sim,0.998,,,,,,aggseq,0.4726,0.5253,0.4531,0.5614,4399.0,2381.0,2000.0,0.0,span_mass EXIGE MAIS revisão
qwen05b-ft-conll2003,decl-11-decoder-05b-conll,conll2003,S4,task_verdict,span_mass,vao,0.90,0.9815,,não,0.998,,,,,,aggseq,inalcançável,,,,4399.0,2381.0,0.0,0.0,inalcançável para aggseq
qwen05b-ft-conll2003,decl-11-decoder-05b-conll,conll2003,S6,task_verdict,row_entropy_causal,absoluta,0.70,,,sim,0.0,,,,,,model_confidence,0.0,0.0,0.0,0.0,4399.0,2381.0,2000.0,0.0,NÃO DISTINGUE (IC contém zero)
qwen05b-ft-conll2003,decl-11-decoder-05b-conll,conll2003,S6,task_verdict,row_entropy_causal,absoluta,0.80,,,sim,0.0,,,,,,model_confidence,0.0,0.0,0.0,0.0005,4399.0,2381.0,2000.0,0.0,NÃO DISTINGUE (IC contém zero)
qwen05b-ft-conll2003,decl-11-decoder-05b-conll,conll2003,S6,task_verdict,row_entropy_causal,absoluta,0.90,,,sim,0.9079,,,,,,model_confidence,0.1734,0.7345,0.617,0.8242,4399.0,2381.0,2000.0,0.0,row_entropy_causal EXIGE MAIS revisão
qwen05b-ft-conll2003,decl-11-decoder-05b-conll,conll2003,S6,task_verdict,row_entropy_causal,absoluta,0.95,,,sim,0.9905,,,,,,model_confidence,0.581,0.4094,0.2671,0.5164,4399.0,2381.0,1999.0,1.0,row_entropy_causal EXIGE MAIS revisão
qwen05b-ft-conll2003,decl-11-decoder-05b-conll,conll2003,S6,task_verdict,row_entropy_causal,vao,0.25,0.8613,,sim,0.368,,,,,,model_confidence,0.0816,0.2864,0.1873,0.7301,4399.0,2381.0,2000.0,0.0,row_entropy_causal EXIGE MAIS revisão
qwen05b-ft-conll2003,decl-11-decoder-05b-conll,conll2003,S6,task_verdict,row_entropy_causal,vao,0.50,0.9075,,sim,0.9761,,,,,,model_confidence,0.2116,0.7645,0.6215,0.8044,4399.0,2381.0,2000.0,0.0,row_entropy_causal EXIGE MAIS revisão
qwen05b-ft-conll2003,decl-11-decoder-05b-conll,conll2003,S6,task_verdict,row_entropy_causal,vao,0.75,0.9538,,sim,0.9909,,,,,,model_confidence,0.6401,0.3508,0.2407,0.4872,4399.0,2381.0,1999.0,1.0,row_entropy_causal EXIGE MAIS revisão
qwen05b-ft-conll2003,decl-11-decoder-05b-conll,conll2003,S6,task_verdict,row_entropy_causal,vao,0.90,0.9815,,sim,0.9975,,,,,,model_confidence,0.9866,0.0109,-0.0105,0.1761,4399.0,2381.0,1999.0,1.0,NÃO DISTINGUE (IC contém zero)
qwen05b-ft-conll2003,decl-11-decoder-05b-conll,conll2003,S8,task_verdict,row_entropy_causal,absoluta,0.70,,,sim,0.0,,,,,,aggseq,0.0,0.0,0.0,0.0,4399.0,2381.0,2000.0,0.0,NÃO DISTINGUE (IC contém zero)
qwen05b-ft-conll2003,decl-11-decoder-05b-conll,conll2003,S8,task_verdict,row_entropy_causal,absoluta,0.80,,,sim,0.0,,,,,,aggseq,0.0,0.0,0.0,0.0002,4399.0,2381.0,2000.0,0.0,NÃO DISTINGUE (IC contém zero)
qwen05b-ft-conll2003,decl-11-decoder-05b-conll,conll2003,S8,task_verdict,row_entropy_causal,absoluta,0.90,,,sim,0.9079,,,,,,aggseq,0.1666,0.7413,0.625,0.8281,4399.0,2381.0,2000.0,0.0,row_entropy_causal EXIGE MAIS revisão
qwen05b-ft-conll2003,decl-11-decoder-05b-conll,conll2003,S8,task_verdict,row_entropy_causal,absoluta,0.95,,,sim,0.9905,,,,,,aggseq,0.4551,0.5353,0.4777,0.6214,4399.0,2381.0,1999.0,1.0,row_entropy_causal EXIGE MAIS revisão
qwen05b-ft-conll2003,decl-11-decoder-05b-conll,conll2003,S8,task_verdict,row_entropy_causal,vao,0.25,0.8613,,sim,0.368,,,,,,aggseq,0.0789,0.2892,0.1877,0.7303,4399.0,2381.0,2000.0,0.0,row_entropy_causal EXIGE MAIS revisão
qwen05b-ft-conll2003,decl-11-decoder-05b-conll,conll2003,S8,task_verdict,row_entropy_causal,vao,0.50,0.9075,,sim,0.9761,,,,,,aggseq,0.2,0.7761,0.6274,0.8129,4399.0,2381.0,2000.0,0.0,row_entropy_causal EXIGE MAIS revisão
qwen05b-ft-conll2003,decl-11-decoder-05b-conll,conll2003,S8,task_verdict,row_entropy_causal,vao,0.75,0.9538,,sim,0.9909,,,,,,aggseq,0.4726,0.5183,0.4386,0.5566,4399.0,2381.0,1999.0,1.0,row_entropy_causal EXIGE MAIS revisão
qwen05b-ft-conll2003,decl-11-decoder-05b-conll,conll2003,S8,task_verdict,row_entropy_causal,vao,0.90,0.9815,,não,0.9975,,,,,,aggseq,inalcançável,,,,4399.0,2381.0,0.0,0.0,inalcançável para aggseq
qwen05b-ft-conll2003,decl-11-decoder-05b-conll,conll2003,S10,task_verdict,row_max_causal,absoluta,0.70,,,sim,0.0,,,,,,model_confidence,0.0,0.0,0.0,0.0,4399.0,2381.0,2000.0,0.0,NÃO DISTINGUE (IC contém zero)
qwen05b-ft-conll2003,decl-11-decoder-05b-conll,conll2003,S10,task_verdict,row_max_causal,absoluta,0.80,,,sim,0.0,,,,,,model_confidence,0.0,0.0,0.0,0.0007,4399.0,2381.0,2000.0,0.0,NÃO DISTINGUE (IC contém zero)
qwen05b-ft-conll2003,decl-11-decoder-05b-conll,conll2003,S10,task_verdict,row_max_causal,absoluta,0.90,,,sim,0.9995,,,,,,model_confidence,0.1734,0.8261,0.6794,0.8541,4399.0,2381.0,1677.0,323.0,row_max_causal EXIGE MAIS revisão
qwen05b-ft-conll2003,decl-11-decoder-05b-conll,conll2003,S10,task_verdict,row_max_causal,absoluta,0.95,,,sim,0.9995,,,,,,model_confidence,0.581,0.4185,0.2844,0.5279,4399.0,2381.0,1522.0,478.0,row_max_causal EXIGE MAIS revisão
qwen05b-ft-conll2003,decl-11-decoder-05b-conll,conll2003,S10,task_verdict,row_max_causal,vao,0.25,0.8613,,sim,0.371,,,,,,model_confidence,0.0816,0.2894,0.2076,0.8865,4399.0,2381.0,1986.0,14.0,row_max_causal EXIGE MAIS revisão
qwen05b-ft-conll2003,decl-11-decoder-05b-conll,conll2003,S10,task_verdict,row_max_causal,vao,0.50,0.9075,,sim,0.9995,,,,,,model_confidence,0.2116,0.7879,0.7116,0.8305,4399.0,2381.0,1627.0,373.0,row_max_causal EXIGE MAIS revisão
qwen05b-ft-conll2003,decl-11-decoder-05b-conll,conll2003,S10,task_verdict,row_max_causal,vao,0.75,0.9538,,sim,0.9995,,,,,,model_confidence,0.6401,0.3594,0.253,0.5001,4399.0,2381.0,1518.0,482.0,row_max_causal EXIGE MAIS revisão
qwen05b-ft-conll2003,decl-11-decoder-05b-conll,conll2003,S10,task_verdict,row_max_causal,vao,0.90,0.9815,,sim,0.9995,,,,,,model_confidence,0.9866,0.013,0.0038,0.1827,4399.0,2381.0,1517.0,483.0,row_max_causal EXIGE MAIS revisão
qwen05b-ft-conll2003,decl-11-decoder-05b-conll,conll2003,S12,task_verdict,row_max_causal,absoluta,0.70,,,sim,0.0,,,,,,aggseq,0.0,0.0,0.0,0.0,4399.0,2381.0,2000.0,0.0,NÃO DISTINGUE (IC contém zero)
qwen05b-ft-conll2003,decl-11-decoder-05b-conll,conll2003,S12,task_verdict,row_max_causal,absoluta,0.80,,,sim,0.0,,,,,,aggseq,0.0,0.0,0.0,0.0005,4399.0,2381.0,2000.0,0.0,NÃO DISTINGUE (IC contém zero)
qwen05b-ft-conll2003,decl-11-decoder-05b-conll,conll2003,S12,task_verdict,row_max_causal,absoluta,0.90,,,sim,0.9995,,,,,,aggseq,0.1666,0.8329,0.6868,0.8554,4399.0,2381.0,1677.0,323.0,row_max_causal EXIGE MAIS revisão
qwen05b-ft-conll2003,decl-11-decoder-05b-conll,conll2003,S12,task_verdict,row_max_causal,absoluta,0.95,,,sim,0.9995,,,,,,aggseq,0.4551,0.5444,0.4938,0.6325,4399.0,2381.0,1522.0,478.0,row_max_causal EXIGE MAIS revisão
qwen05b-ft-conll2003,decl-11-decoder-05b-conll,conll2003,S12,task_verdict,row_max_causal,vao,0.25,0.8613,,sim,0.371,,,,,,aggseq,0.0789,0.2921,0.2083,0.8834,4399.0,2381.0,1986.0,14.0,row_max_causal EXIGE MAIS revisão
qwen05b-ft-conll2003,decl-11-decoder-05b-conll,conll2003,S12,task_verdict,row_max_causal,vao,0.50,0.9075,,sim,0.9995,,,,,,aggseq,0.2,0.7995,0.6978,0.8404,4399.0,2381.0,1627.0,373.0,row_max_causal EXIGE MAIS revisão
qwen05b-ft-conll2003,decl-11-decoder-05b-conll,conll2003,S12,task_verdict,row_max_causal,vao,0.75,0.9538,,sim,0.9995,,,,,,aggseq,0.4726,0.5269,0.4523,0.5623,4399.0,2381.0,1518.0,482.0,row_max_causal EXIGE MAIS revisão
qwen05b-ft-conll2003,decl-11-decoder-05b-conll,conll2003,S12,task_verdict,row_max_causal,vao,0.90,0.9815,,não,0.9995,,,,,,aggseq,inalcançável,,,,4399.0,2381.0,0.0,0.0,inalcançável para aggseq
qwen05b-ft-conll2003,decl-11-decoder-05b-conll,conll2003,S14,task_verdict,hidden_norm,absoluta,0.70,,,sim,0.0,,,,,,model_confidence,0.0,0.0,0.0,0.0,4399.0,2381.0,2000.0,0.0,NÃO DISTINGUE (IC contém zero)
qwen05b-ft-conll2003,decl-11-decoder-05b-conll,conll2003,S14,task_verdict,hidden_norm,absoluta,0.80,,,sim,0.0,,,,,,model_confidence,0.0,0.0,0.0,0.0,4399.0,2381.0,2000.0,0.0,NÃO DISTINGUE (IC contém zero)
qwen05b-ft-conll2003,decl-11-decoder-05b-conll,conll2003,S14,task_verdict,hidden_norm,absoluta,0.90,,,sim,0.6763,,,,,,model_confidence,0.1734,0.5028,0.3529,0.6127,4399.0,2381.0,2000.0,0.0,hidden_norm EXIGE MAIS revisão
qwen05b-ft-conll2003,decl-11-decoder-05b-conll,conll2003,S14,task_verdict,hidden_norm,absoluta,0.95,,,sim,0.9404,,,,,,model_confidence,0.581,0.3594,0.2148,0.4773,4399.0,2381.0,2000.0,0.0,hidden_norm EXIGE MAIS revisão
qwen05b-ft-conll2003,decl-11-decoder-05b-conll,conll2003,S14,task_verdict,hidden_norm,vao,0.25,0.8613,,sim,0.2362,,,,,,model_confidence,0.0816,0.1546,0.0182,0.3538,4399.0,2381.0,2000.0,0.0,hidden_norm EXIGE MAIS revisão
qwen05b-ft-conll2003,decl-11-decoder-05b-conll,conll2003,S14,task_verdict,hidden_norm,vao,0.50,0.9075,,sim,0.7161,,,,,,model_confidence,0.2116,0.5044,0.3957,0.634,4399.0,2381.0,2000.0,0.0,hidden_norm EXIGE MAIS revisão
qwen05b-ft-conll2003,decl-11-decoder-05b-conll,conll2003,S14,task_verdict,hidden_norm,vao,0.75,0.9538,,sim,0.9404,,,,,,model_confidence,0.6401,0.3003,0.1886,0.4461,4399.0,2381.0,2000.0,0.0,hidden_norm EXIGE MAIS revisão
qwen05b-ft-conll2003,decl-11-decoder-05b-conll,conll2003,S14,task_verdict,hidden_norm,vao,0.90,0.9815,,sim,0.987,,,,,,model_confidence,0.9866,0.0005,-0.0432,0.1571,4399.0,2381.0,2000.0,0.0,NÃO DISTINGUE (IC contém zero)
qwen05b-ft-conll2003,decl-11-decoder-05b-conll,conll2003,S16,task_verdict,hidden_norm,absoluta,0.70,,,sim,0.0,,,,,,aggseq,0.0,0.0,0.0,0.0,4399.0,2381.0,2000.0,0.0,NÃO DISTINGUE (IC contém zero)
qwen05b-ft-conll2003,decl-11-decoder-05b-conll,conll2003,S16,task_verdict,hidden_norm,absoluta,0.80,,,sim,0.0,,,,,,aggseq,0.0,0.0,0.0,0.0,4399.0,2381.0,2000.0,0.0,NÃO DISTINGUE (IC contém zero)
qwen05b-ft-conll2003,decl-11-decoder-05b-conll,conll2003,S16,task_verdict,hidden_norm,absoluta,0.90,,,sim,0.6763,,,,,,aggseq,0.1666,0.5097,0.3581,0.626,4399.0,2381.0,2000.0,0.0,hidden_norm EXIGE MAIS revisão
qwen05b-ft-conll2003,decl-11-decoder-05b-conll,conll2003,S16,task_verdict,hidden_norm,absoluta,0.95,,,sim,0.9404,,,,,,aggseq,0.4551,0.4853,0.4031,0.5754,4399.0,2381.0,2000.0,0.0,hidden_norm EXIGE MAIS revisão
qwen05b-ft-conll2003,decl-11-decoder-05b-conll,conll2003,S16,task_verdict,hidden_norm,vao,0.25,0.8613,,sim,0.2362,,,,,,aggseq,0.0789,0.1573,0.0159,0.3481,4399.0,2381.0,2000.0,0.0,hidden_norm EXIGE MAIS revisão
qwen05b-ft-conll2003,decl-11-decoder-05b-conll,conll2003,S16,task_verdict,hidden_norm,vao,0.50,0.9075,,sim,0.7161,,,,,,aggseq,0.2,0.516,0.404,0.6542,4399.0,2381.0,2000.0,0.0,hidden_norm EXIGE MAIS revisão
qwen05b-ft-conll2003,decl-11-decoder-05b-conll,conll2003,S16,task_verdict,hidden_norm,vao,0.75,0.9538,,sim,0.9404,,,,,,aggseq,0.4726,0.4678,0.3821,0.5246,4399.0,2381.0,2000.0,0.0,hidden_norm EXIGE MAIS revisão
qwen05b-ft-conll2003,decl-11-decoder-05b-conll,conll2003,S16,task_verdict,hidden_norm,vao,0.90,0.9815,,não,0.987,,,,,,aggseq,inalcançável,,,,4399.0,2381.0,0.0,0.0,inalcançável para aggseq
qwen05b-ft-conll2003,decl-11-decoder-05b-conll,conll2003,S18,task_verdict,hidden_dist_centroide,absoluta,0.70,,,sim,0.0,,,,,,model_confidence,0.0,0.0,0.0,0.0,4399.0,2381.0,2000.0,0.0,NÃO DISTINGUE (IC contém zero)
qwen05b-ft-conll2003,decl-11-decoder-05b-conll,conll2003,S18,task_verdict,hidden_dist_centroide,absoluta,0.80,,,sim,0.0,,,,,,model_confidence,0.0,0.0,0.0,0.015,4399.0,2381.0,2000.0,0.0,NÃO DISTINGUE (IC contém zero)
qwen05b-ft-conll2003,decl-11-decoder-05b-conll,conll2003,S18,task_verdict,hidden_dist_centroide,absoluta,0.90,,,não,inalcançável,,,,,,model_confidence,0.1734,,,,4399.0,2381.0,0.0,0.0,inalcançável para hidden_dist_centroide
qwen05b-ft-conll2003,decl-11-decoder-05b-conll,conll2003,S18,task_verdict,hidden_dist_centroide,absoluta,0.95,,,não,inalcançável,,,,,,model_confidence,0.581,,,,4399.0,2381.0,0.0,0.0,inalcançável para hidden_dist_centroide
qwen05b-ft-conll2003,decl-11-decoder-05b-conll,conll2003,S18,task_verdict,hidden_dist_centroide,vao,0.25,0.8613,,não,inalcançável,,,,,,model_confidence,0.0816,,,,4399.0,2381.0,0.0,0.0,inalcançável para hidden_dist_centroide
qwen05b-ft-conll2003,decl-11-decoder-05b-conll,conll2003,S18,task_verdict,hidden_dist_centroide,vao,0.50,0.9075,,não,inalcançável,,,,,,model_confidence,0.2116,,,,4399.0,2381.0,0.0,0.0,inalcançável para hidden_dist_centroide
qwen05b-ft-conll2003,decl-11-decoder-05b-conll,conll2003,S18,task_verdict,hidden_dist_centroide,vao,0.75,0.9538,,não,inalcançável,,,,,,model_confidence,0.6401,,,,4399.0,2381.0,0.0,0.0,inalcançável para hidden_dist_centroide
qwen05b-ft-conll2003,decl-11-decoder-05b-conll,conll2003,S18,task_verdict,hidden_dist_centroide,vao,0.90,0.9815,,não,inalcançável,,,,,,model_confidence,0.9866,,,,4399.0,2381.0,0.0,0.0,inalcançável para hidden_dist_centroide
qwen05b-ft-conll2003,decl-11-decoder-05b-conll,conll2003,S20,task_verdict,hidden_dist_centroide,absoluta,0.70,,,sim,0.0,,,,,,aggseq,0.0,0.0,0.0,0.0,4399.0,2381.0,2000.0,0.0,NÃO DISTINGUE (IC contém zero)
qwen05b-ft-conll2003,decl-11-decoder-05b-conll,conll2003,S20,task_verdict,hidden_dist_centroide,absoluta,0.80,,,sim,0.0,,,,,,aggseq,0.0,0.0,0.0,0.0151,4399.0,2381.0,2000.0,0.0,NÃO DISTINGUE (IC contém zero)
qwen05b-ft-conll2003,decl-11-decoder-05b-conll,conll2003,S20,task_verdict,hidden_dist_centroide,absoluta,0.90,,,não,inalcançável,,,,,,aggseq,0.1666,,,,4399.0,2381.0,0.0,0.0,inalcançável para hidden_dist_centroide
qwen05b-ft-conll2003,decl-11-decoder-05b-conll,conll2003,S20,task_verdict,hidden_dist_centroide,absoluta,0.95,,,não,inalcançável,,,,,,aggseq,0.4551,,,,4399.0,2381.0,0.0,0.0,inalcançável para hidden_dist_centroide
qwen05b-ft-conll2003,decl-11-decoder-05b-conll,conll2003,S20,task_verdict,hidden_dist_centroide,vao,0.25,0.8613,,não,inalcançável,,,,,,aggseq,0.0789,,,,4399.0,2381.0,0.0,0.0,inalcançável para hidden_dist_centroide
qwen05b-ft-conll2003,decl-11-decoder-05b-conll,conll2003,S20,task_verdict,hidden_dist_centroide,vao,0.50,0.9075,,não,inalcançável,,,,,,aggseq,0.2,,,,4399.0,2381.0,0.0,0.0,inalcançável para hidden_dist_centroide
qwen05b-ft-conll2003,decl-11-decoder-05b-conll,conll2003,S20,task_verdict,hidden_dist_centroide,vao,0.75,0.9538,,não,inalcançável,,,,,,aggseq,0.4726,,,,4399.0,2381.0,0.0,0.0,inalcançável para hidden_dist_centroide
qwen05b-ft-conll2003,decl-11-decoder-05b-conll,conll2003,S20,task_verdict,hidden_dist_centroide,vao,0.90,0.9815,,não,inalcançável,,,,,,aggseq,inalcançável,,,,4399.0,2381.0,0.0,0.0,inalcançável para hidden_dist_centroide e aggseq
qwen05b-ft-conll2003,decl-11-decoder-05b-conll,conll2003,S22,task_verdict,hidden_delta_camadas,absoluta,0.70,,,sim,0.0,,,,,,model_confidence,0.0,0.0,0.0,0.0,4399.0,2381.0,2000.0,0.0,NÃO DISTINGUE (IC contém zero)
qwen05b-ft-conll2003,decl-11-decoder-05b-conll,conll2003,S22,task_verdict,hidden_delta_camadas,absoluta,0.80,,,sim,0.0,,,,,,model_confidence,0.0,0.0,0.0,0.0,4399.0,2381.0,2000.0,0.0,NÃO DISTINGUE (IC contém zero)
qwen05b-ft-conll2003,decl-11-decoder-05b-conll,conll2003,S22,task_verdict,hidden_delta_camadas,absoluta,0.90,,,sim,0.5203,,,,,,model_confidence,0.1734,0.3469,0.3009,0.5712,4399.0,2381.0,2000.0,0.0,hidden_delta_camadas EXIGE MAIS revisão
qwen05b-ft-conll2003,decl-11-decoder-05b-conll,conll2003,S22,task_verdict,hidden_delta_camadas,absoluta,0.95,,,sim,0.9432,,,,,,model_confidence,0.581,0.3621,0.2074,0.4719,4399.0,2381.0,2000.0,0.0,hidden_delta_camadas EXIGE MAIS revisão
qwen05b-ft-conll2003,decl-11-decoder-05b-conll,conll2003,S22,task_verdict,hidden_delta_camadas,vao,0.25,0.8613,,sim,0.1807,,,,,,model_confidence,0.0816,0.0991,0.0187,0.3057,4399.0,2381.0,2000.0,0.0,hidden_delta_camadas EXIGE MAIS revisão
qwen05b-ft-conll2003,decl-11-decoder-05b-conll,conll2003,S22,task_verdict,hidden_delta_camadas,vao,0.50,0.9075,,sim,0.6351,,,,,,model_confidence,0.2116,0.4235,0.2994,0.6225,4399.0,2381.0,2000.0,0.0,hidden_delta_camadas EXIGE MAIS revisão
qwen05b-ft-conll2003,decl-11-decoder-05b-conll,conll2003,S22,task_verdict,hidden_delta_camadas,vao,0.75,0.9538,,sim,0.9445,,,,,,model_confidence,0.6401,0.3044,0.1844,0.4426,4399.0,2381.0,2000.0,0.0,hidden_delta_camadas EXIGE MAIS revisão
qwen05b-ft-conll2003,decl-11-decoder-05b-conll,conll2003,S22,task_verdict,hidden_delta_camadas,vao,0.90,0.9815,,sim,0.9848,,,,,,model_confidence,0.9866,-0.0018,-0.044,0.1517,4399.0,2381.0,2000.0,0.0,NÃO DISTINGUE (IC contém zero)
qwen05b-ft-conll2003,decl-11-decoder-05b-conll,conll2003,S24,task_verdict,hidden_delta_camadas,absoluta,0.70,,,sim,0.0,,,,,,aggseq,0.0,0.0,0.0,0.0,4399.0,2381.0,2000.0,0.0,NÃO DISTINGUE (IC contém zero)
qwen05b-ft-conll2003,decl-11-decoder-05b-conll,conll2003,S24,task_verdict,hidden_delta_camadas,absoluta,0.80,,,sim,0.0,,,,,,aggseq,0.0,0.0,0.0,0.0,4399.0,2381.0,2000.0,0.0,NÃO DISTINGUE (IC contém zero)
qwen05b-ft-conll2003,decl-11-decoder-05b-conll,conll2003,S24,task_verdict,hidden_delta_camadas,absoluta,0.90,,,sim,0.5203,,,,,,aggseq,0.1666,0.3537,0.3081,0.5821,4399.0,2381.0,2000.0,0.0,hidden_delta_camadas EXIGE MAIS revisão
qwen05b-ft-conll2003,decl-11-decoder-05b-conll,conll2003,S24,task_verdict,hidden_delta_camadas,absoluta,0.95,,,sim,0.9432,,,,,,aggseq,0.4551,0.4881,0.3972,0.5744,4399.0,2381.0,2000.0,0.0,hidden_delta_camadas EXIGE MAIS revisão
qwen05b-ft-conll2003,decl-11-decoder-05b-conll,conll2003,S24,task_verdict,hidden_delta_camadas,vao,0.25,0.8613,,sim,0.1807,,,,,,aggseq,0.0789,0.1018,0.0172,0.3039,4399.0,2381.0,2000.0,0.0,hidden_delta_camadas EXIGE MAIS revisão
qwen05b-ft-conll2003,decl-11-decoder-05b-conll,conll2003,S24,task_verdict,hidden_delta_camadas,vao,0.50,0.9075,,sim,0.6351,,,,,,aggseq,0.2,0.4351,0.3113,0.646,4399.0,2381.0,2000.0,0.0,hidden_delta_camadas EXIGE MAIS revisão
qwen05b-ft-conll2003,decl-11-decoder-05b-conll,conll2003,S24,task_verdict,hidden_delta_camadas,vao,0.75,0.9538,,sim,0.9445,,,,,,aggseq,0.4726,0.4719,0.3767,0.5212,4399.0,2381.0,2000.0,0.0,hidden_delta_camadas EXIGE MAIS revisão
qwen05b-ft-conll2003,decl-11-decoder-05b-conll,conll2003,S24,task_verdict,hidden_delta_camadas,vao,0.90,0.9815,,não,0.9848,,,,,,aggseq,inalcançável,,,,4399.0,2381.0,0.0,0.0,inalcançável para aggseq
qwen05b-ft-conll2003,decl-11-decoder-05b-conll,conll2003,E26,task_verdict,sonda_ocultos,absoluta,0.70,,,sim,0.0,,,,,,model_confidence,0.0,0.0,0.0,0.0,4399.0,2381.0,2000.0,0.0,NÃO DISTINGUE (IC contém zero)
qwen05b-ft-conll2003,decl-11-decoder-05b-conll,conll2003,E26,task_verdict,sonda_ocultos,absoluta,0.80,,,sim,0.0,,,,,,model_confidence,0.0,0.0,0.0,0.0,4399.0,2381.0,2000.0,0.0,NÃO DISTINGUE (IC contém zero)
qwen05b-ft-conll2003,decl-11-decoder-05b-conll,conll2003,E26,task_verdict,sonda_ocultos,absoluta,0.90,,,sim,0.1018,,,,,,model_confidence,0.1734,-0.0716,-0.1142,-0.0496,4399.0,2381.0,2000.0,0.0,sonda_ocultos EXIGE MENOS revisão
qwen05b-ft-conll2003,decl-11-decoder-05b-conll,conll2003,E26,task_verdict,sonda_ocultos,absoluta,0.95,,,sim,0.2712,,,,,,model_confidence,0.581,-0.3098,-0.4436,-0.1869,4399.0,2381.0,2000.0,0.0,sonda_ocultos EXIGE MENOS revisão
qwen05b-ft-conll2003,decl-11-decoder-05b-conll,conll2003,E26,task_verdict,sonda_ocultos,vao,0.25,0.8613,,sim,0.0582,,,,,,model_confidence,0.0816,-0.0234,-0.0364,-0.0118,4399.0,2381.0,2000.0,0.0,sonda_ocultos EXIGE MENOS revisão
qwen05b-ft-conll2003,decl-11-decoder-05b-conll,conll2003,E26,task_verdict,sonda_ocultos,vao,0.50,0.9075,,sim,0.1096,,,,,,model_confidence,0.2116,-0.1021,-0.1375,-0.0651,4399.0,2381.0,2000.0,0.0,sonda_ocultos EXIGE MENOS revisão
qwen05b-ft-conll2003,decl-11-decoder-05b-conll,conll2003,E26,task_verdict,sonda_ocultos,vao,0.75,0.9538,,sim,0.3148,,,,,,model_confidence,0.6401,-0.3253,-0.4495,-0.1643,4399.0,2381.0,2000.0,0.0,sonda_ocultos EXIGE MENOS revisão
qwen05b-ft-conll2003,decl-11-decoder-05b-conll,conll2003,E26,task_verdict,sonda_ocultos,vao,0.90,0.9815,,sim,0.967,,,,,,model_confidence,0.9866,-0.0195,-0.1804,0.0948,4399.0,2381.0,1569.0,431.0,NÃO DISTINGUE (IC contém zero)
qwen05b-ft-conll2003,decl-11-decoder-05b-conll,conll2003,E28,task_verdict,sonda_ocultos,absoluta,0.70,,,sim,0.0,,,,,,aggseq,0.0,0.0,0.0,0.0,4399.0,2381.0,2000.0,0.0,NÃO DISTINGUE (IC contém zero)
qwen05b-ft-conll2003,decl-11-decoder-05b-conll,conll2003,E28,task_verdict,sonda_ocultos,absoluta,0.80,,,sim,0.0,,,,,,aggseq,0.0,0.0,-0.0002,0.0,4399.0,2381.0,2000.0,0.0,NÃO DISTINGUE (IC contém zero)
qwen05b-ft-conll2003,decl-11-decoder-05b-conll,conll2003,E28,task_verdict,sonda_ocultos,absoluta,0.90,,,sim,0.1018,,,,,,aggseq,0.1666,-0.0648,-0.0982,-0.0494,4399.0,2381.0,2000.0,0.0,sonda_ocultos EXIGE MENOS revisão
qwen05b-ft-conll2003,decl-11-decoder-05b-conll,conll2003,E28,task_verdict,sonda_ocultos,absoluta,0.95,,,sim,0.2712,,,,,,aggseq,0.4551,-0.1839,-0.251,-0.0887,4399.0,2381.0,2000.0,0.0,sonda_ocultos EXIGE MENOS revisão
qwen05b-ft-conll2003,decl-11-decoder-05b-conll,conll2003,E28,task_verdict,sonda_ocultos,vao,0.25,0.8613,,sim,0.0582,,,,,,aggseq,0.0789,-0.0207,-0.0384,-0.0144,4399.0,2381.0,2000.0,0.0,sonda_ocultos EXIGE MENOS revisão
qwen05b-ft-conll2003,decl-11-decoder-05b-conll,conll2003,E28,task_verdict,sonda_ocultos,vao,0.50,0.9075,,sim,0.1096,,,,,,aggseq,0.2,-0.0905,-0.1533,-0.0559,4399.0,2381.0,2000.0,0.0,sonda_ocultos EXIGE MENOS revisão
qwen05b-ft-conll2003,decl-11-decoder-05b-conll,conll2003,E28,task_verdict,sonda_ocultos,vao,0.75,0.9538,,sim,0.3148,,,,,,aggseq,0.4726,-0.1578,-0.2426,-0.0287,4399.0,2381.0,2000.0,0.0,sonda_ocultos EXIGE MENOS revisão
qwen05b-ft-conll2003,decl-11-decoder-05b-conll,conll2003,E28,task_verdict,sonda_ocultos,vao,0.90,0.9815,,não,0.967,,,,,,aggseq,inalcançável,,,,4399.0,2381.0,0.0,0.0,inalcançável para aggseq
qwen05b-ft-conll2003,decl-11-decoder-05b-conll,conll2003,E30,task_verdict,sonda_atencao_cabecas,absoluta,0.70,,,sim,0.0,,,,,,model_confidence,0.0,0.0,0.0,0.0,4399.0,2381.0,2000.0,0.0,NÃO DISTINGUE (IC contém zero)
qwen05b-ft-conll2003,decl-11-decoder-05b-conll,conll2003,E30,task_verdict,sonda_atencao_cabecas,absoluta,0.80,,,sim,0.0,,,,,,model_confidence,0.0,0.0,0.0,0.0,4399.0,2381.0,2000.0,0.0,NÃO DISTINGUE (IC contém zero)
qwen05b-ft-conll2003,decl-11-decoder-05b-conll,conll2003,E30,task_verdict,sonda_atencao_cabecas,absoluta,0.90,,,sim,0.1093,,,,,,model_confidence,0.1734,-0.0641,-0.1014,-0.0434,4399.0,2381.0,2000.0,0.0,sonda_atencao_cabecas EXIGE MENOS revisão
qwen05b-ft-conll2003,decl-11-decoder-05b-conll,conll2003,E30,task_verdict,sonda_atencao_cabecas,absoluta,0.95,,,sim,0.4237,,,,,,model_confidence,0.581,-0.1573,-0.3397,0.1377,4399.0,2381.0,2000.0,0.0,NÃO DISTINGUE (IC contém zero)
qwen05b-ft-conll2003,decl-11-decoder-05b-conll,conll2003,E30,task_verdict,sonda_atencao_cabecas,vao,0.25,0.8613,,sim,0.0598,,,,,,model_confidence,0.0816,-0.0218,-0.0337,-0.0111,4399.0,2381.0,2000.0,0.0,sonda_atencao_cabecas EXIGE MENOS revisão
qwen05b-ft-conll2003,decl-11-decoder-05b-conll,conll2003,E30,task_verdict,sonda_atencao_cabecas,vao,0.50,0.9075,,sim,0.1237,,,,,,model_confidence,0.2116,-0.088,-0.1207,-0.0557,4399.0,2381.0,2000.0,0.0,sonda_atencao_cabecas EXIGE MENOS revisão
qwen05b-ft-conll2003,decl-11-decoder-05b-conll,conll2003,E30,task_verdict,sonda_atencao_cabecas,vao,0.75,0.9538,,sim,0.6213,,,,,,model_confidence,0.6401,-0.0189,-0.3185,0.1586,4399.0,2381.0,2000.0,0.0,NÃO DISTINGUE (IC contém zero)
qwen05b-ft-conll2003,decl-11-decoder-05b-conll,conll2003,E30,task_verdict,sonda_atencao_cabecas,vao,0.90,0.9815,,sim,0.9993,,,,,,model_confidence,0.9866,0.0127,-0.11,0.1794,4399.0,2381.0,1937.0,63.0,NÃO DISTINGUE (IC contém zero)
qwen05b-ft-conll2003,decl-11-decoder-05b-conll,conll2003,E32,task_verdict,sonda_atencao_cabecas,absoluta,0.70,,,sim,0.0,,,,,,aggseq,0.0,0.0,0.0,0.0,4399.0,2381.0,2000.0,0.0,NÃO DISTINGUE (IC contém zero)
qwen05b-ft-conll2003,decl-11-decoder-05b-conll,conll2003,E32,task_verdict,sonda_atencao_cabecas,absoluta,0.80,,,sim,0.0,,,,,,aggseq,0.0,0.0,-0.0002,0.0,4399.0,2381.0,2000.0,0.0,NÃO DISTINGUE (IC contém zero)
qwen05b-ft-conll2003,decl-11-decoder-05b-conll,conll2003,E32,task_verdict,sonda_atencao_cabecas,absoluta,0.90,,,sim,0.1093,,,,,,aggseq,0.1666,-0.0573,-0.0874,-0.042,4399.0,2381.0,2000.0,0.0,sonda_atencao_cabecas EXIGE MENOS revisão
qwen05b-ft-conll2003,decl-11-decoder-05b-conll,conll2003,E32,task_verdict,sonda_atencao_cabecas,absoluta,0.95,,,sim,0.4237,,,,,,aggseq,0.4551,-0.0314,-0.176,0.2416,4399.0,2381.0,2000.0,0.0,NÃO DISTINGUE (IC contém zero)
qwen05b-ft-conll2003,decl-11-decoder-05b-conll,conll2003,E32,task_verdict,sonda_atencao_cabecas,vao,0.25,0.8613,,sim,0.0598,,,,,,aggseq,0.0789,-0.0191,-0.0358,-0.0132,4399.0,2381.0,2000.0,0.0,sonda_atencao_cabecas EXIGE MENOS revisão
qwen05b-ft-conll2003,decl-11-decoder-05b-conll,conll2003,E32,task_verdict,sonda_atencao_cabecas,vao,0.50,0.9075,,sim,0.1237,,,,,,aggseq,0.2,-0.0764,-0.1352,-0.0466,4399.0,2381.0,2000.0,0.0,sonda_atencao_cabecas EXIGE MENOS revisão
qwen05b-ft-conll2003,decl-11-decoder-05b-conll,conll2003,E32,task_verdict,sonda_atencao_cabecas,vao,0.75,0.9538,,sim,0.6213,,,,,,aggseq,0.4726,0.1487,-0.1302,0.2701,4399.0,2381.0,2000.0,0.0,NÃO DISTINGUE (IC contém zero)
qwen05b-ft-conll2003,decl-11-decoder-05b-conll,conll2003,E32,task_verdict,sonda_atencao_cabecas,vao,0.90,0.9815,,não,0.9993,,,,,,aggseq,inalcançável,,,,4399.0,2381.0,0.0,0.0,inalcançável para aggseq
qwen05b-ft-conll2003,adenda-01,conll2003,T1,descriptive,(sem supervisor),—,—,,0.0,sim,0.0,1.0,0.812,0.6324,0.7111,4399.0,,,,,,,,,,
qwen05b-ft-conll2003,adenda-01,conll2003,T1,descriptive,span_size,absoluta,0.70,,0.0,sim,0.0,1.0,0.812,0.6324,0.7111,4399.0,,,,,,,,,,
qwen05b-ft-conll2003,adenda-01,conll2003,T1,descriptive,span_size,absoluta,0.80,,0.0,sim,0.0,1.0,0.812,0.6324,0.7111,4399.0,,,,,,,,,,
qwen05b-ft-conll2003,adenda-01,conll2003,T1,descriptive,span_size,absoluta,0.90,,1.0,sim,0.9998,0.0002,1.0,0.0002,0.0004,1.0,,,,,,,,,,
qwen05b-ft-conll2003,adenda-01,conll2003,T1,descriptive,span_size,absoluta,0.95,,1.0,sim,0.9998,0.0002,1.0,0.0002,0.0004,1.0,,,,,,,,,,
qwen05b-ft-conll2003,adenda-01,conll2003,T1,descriptive,span_size,vao,0.25,0.8613,1.0,sim,0.9998,0.0002,1.0,0.0002,0.0004,1.0,,,,,,,,,,
qwen05b-ft-conll2003,adenda-01,conll2003,T1,descriptive,span_size,vao,0.50,0.9075,1.0,sim,0.9998,0.0002,1.0,0.0002,0.0004,1.0,,,,,,,,,,
qwen05b-ft-conll2003,adenda-01,conll2003,T1,descriptive,span_size,vao,0.75,0.9538,1.0,sim,0.9998,0.0002,1.0,0.0002,0.0004,1.0,,,,,,,,,,
qwen05b-ft-conll2003,adenda-01,conll2003,T1,descriptive,span_size,vao,0.90,0.9815,1.0,sim,0.9998,0.0002,1.0,0.0002,0.0004,1.0,,,,,,,,,,
qwen05b-ft-conll2003,adenda-01,conll2003,T1,descriptive,geometric_fraction,absoluta,0.70,,0.0,sim,0.0,1.0,0.812,0.6324,0.7111,4399.0,,,,,,,,,,
qwen05b-ft-conll2003,adenda-01,conll2003,T1,descriptive,geometric_fraction,absoluta,0.80,,0.0,sim,0.0,1.0,0.812,0.6324,0.7111,4399.0,,,,,,,,,,
qwen05b-ft-conll2003,adenda-01,conll2003,T1,descriptive,geometric_fraction,absoluta,0.90,,0.4698,sim,0.6556,0.3444,0.9003,0.2415,0.3808,1515.0,,,,,,,,,,
qwen05b-ft-conll2003,adenda-01,conll2003,T1,descriptive,geometric_fraction,absoluta,0.95,,0.7872,sim,0.9943,0.0057,0.96,0.0042,0.0085,25.0,,,,,,,,,,
qwen05b-ft-conll2003,adenda-01,conll2003,T1,descriptive,geometric_fraction,vao,0.25,0.8613,0.2623,sim,0.4935,0.5065,0.8613,0.3398,0.4873,2228.0,,,,,,,,,,
qwen05b-ft-conll2003,adenda-01,conll2003,T1,descriptive,geometric_fraction,vao,0.50,0.9075,0.5094,sim,0.719,0.281,0.9078,0.1987,0.326,1236.0,,,,,,,,,,
qwen05b-ft-conll2003,adenda-01,conll2003,T1,descriptive,geometric_fraction,vao,0.75,0.9538,0.7872,sim,0.9943,0.0057,0.96,0.0042,0.0085,25.0,,,,,,,,,,
qwen05b-ft-conll2003,adenda-01,conll2003,T1,descriptive,geometric_fraction,vao,0.90,0.9815,1.0,sim,0.9952,0.0048,1.0,0.0037,0.0074,21.0,,,,,,,,,,
qwen05b-ft-conll2003,adenda-01,conll2003,T1,descriptive,sentence_length,absoluta,0.70,,0.0,sim,0.0,1.0,0.812,0.6324,0.7111,4399.0,,,,,,,,,,
qwen05b-ft-conll2003,adenda-01,conll2003,T1,descriptive,sentence_length,absoluta,0.80,,0.0,sim,0.0,1.0,0.812,0.6324,0.7111,4399.0,,,,,,,,,,
qwen05b-ft-conll2003,adenda-01,conll2003,T1,descriptive,sentence_length,absoluta,0.90,,0.4771,sim,0.8659,0.1341,0.9017,0.0942,0.1706,590.0,,,,,,,,,,
qwen05b-ft-conll2003,adenda-01,conll2003,T1,descriptive,sentence_length,absoluta,0.95,,0.7378,sim,0.9677,0.0323,0.9507,0.0239,0.0466,142.0,,,,,,,,,,
qwen05b-ft-conll2003,adenda-01,conll2003,T1,descriptive,sentence_length,vao,0.25,0.8613,0.2838,sim,0.6438,0.3562,0.8653,0.2401,0.3759,1567.0,,,,,,,,,,
qwen05b-ft-conll2003,adenda-01,conll2003,T1,descriptive,sentence_length,vao,0.50,0.9075,0.5115,sim,0.8886,0.1114,0.9082,0.0788,0.145,490.0,,,,,,,,,,
qwen05b-ft-conll2003,adenda-01,conll2003,T1,descriptive,sentence_length,vao,0.75,0.9538,0.8412,sim,0.9695,0.0305,0.9701,0.023,0.045,134.0,,,,,,,,,,
qwen05b-ft-conll2003,adenda-01,conll2003,T1,descriptive,sentence_length,vao,0.90,0.9815,0.9091,sim,0.9734,0.0266,0.9829,0.0204,0.0399,117.0,,,,,,,,,,
qwen05b-ft-conll2003,adenda-01,conll2003,T1,descriptive,row_entropy_causal,absoluta,0.70,,0.0,sim,0.0,1.0,0.812,0.6324,0.7111,4399.0,,,,,,,,,,
qwen05b-ft-conll2003,adenda-01,conll2003,T1,descriptive,row_entropy_causal,absoluta,0.80,,0.0,sim,0.0,1.0,0.812,0.6324,0.7111,4399.0,,,,,,,,,,
qwen05b-ft-conll2003,adenda-01,conll2003,T1,descriptive,row_entropy_causal,absoluta,0.90,,0.4746,sim,0.9079,0.0921,0.9012,0.0646,0.1206,405.0,,,,,,,,,,
qwen05b-ft-conll2003,adenda-01,conll2003,T1,descriptive,row_entropy_causal,absoluta,0.95,,0.7467,sim,0.9905,0.0095,0.9524,0.0071,0.0141,42.0,,,,,,,,,,
qwen05b-ft-conll2003,adenda-01,conll2003,T1,descriptive,row_entropy_causal,vao,0.25,0.8613,0.2633,sim,0.368,0.632,0.8615,0.424,0.5683,2780.0,,,,,,,,,,
qwen05b-ft-conll2003,adenda-01,conll2003,T1,descriptive,row_entropy_causal,vao,0.50,0.9075,0.5441,sim,0.9761,0.0239,0.9143,0.017,0.0334,105.0,,,,,,,,,,
qwen05b-ft-conll2003,adenda-01,conll2003,T1,descriptive,row_entropy_causal,vao,0.75,0.9538,0.867,sim,0.9909,0.0091,0.975,0.0069,0.0137,40.0,,,,,,,,,,
qwen05b-ft-conll2003,adenda-01,conll2003,T1,descriptive,row_entropy_causal,vao,0.90,0.9815,1.0,sim,0.9975,0.0025,1.0,0.0019,0.0039,11.0,,,,,,,,,,
qwen05b-ft-conll2003,adenda-01,conll2003,T1,descriptive,row_max_causal,absoluta,0.70,,0.0,sim,0.0,1.0,0.812,0.6324,0.7111,4399.0,,,,,,,,,,
qwen05b-ft-conll2003,adenda-01,conll2003,T1,descriptive,row_max_causal,absoluta,0.80,,0.0,sim,0.0,1.0,0.812,0.6324,0.7111,4399.0,,,,,,,,,,
qwen05b-ft-conll2003,adenda-01,conll2003,T1,descriptive,row_max_causal,absoluta,0.90,,1.0,sim,0.9995,0.0005,1.0,0.0004,0.0007,2.0,,,,,,,,,,
qwen05b-ft-conll2003,adenda-01,conll2003,T1,descriptive,row_max_causal,absoluta,0.95,,1.0,sim,0.9995,0.0005,1.0,0.0004,0.0007,2.0,,,,,,,,,,
qwen05b-ft-conll2003,adenda-01,conll2003,T1,descriptive,row_max_causal,vao,0.25,0.8613,0.2657,sim,0.371,0.629,0.8619,0.4223,0.5668,2767.0,,,,,,,,,,
qwen05b-ft-conll2003,adenda-01,conll2003,T1,descriptive,row_max_causal,vao,0.50,0.9075,1.0,sim,0.9995,0.0005,1.0,0.0004,0.0007,2.0,,,,,,,,,,
qwen05b-ft-conll2003,adenda-01,conll2003,T1,descriptive,row_max_causal,vao,0.75,0.9538,1.0,sim,0.9995,0.0005,1.0,0.0004,0.0007,2.0,,,,,,,,,,
qwen05b-ft-conll2003,adenda-01,conll2003,T1,descriptive,row_max_causal,vao,0.90,0.9815,1.0,sim,0.9995,0.0005,1.0,0.0004,0.0007,2.0,,,,,,,,,,
qwen05b-ft-conll2003,adenda-01,conll2003,T1,descriptive,hidden_norm,absoluta,0.70,,0.0,sim,0.0,1.0,0.812,0.6324,0.7111,4399.0,,,,,,,,,,
qwen05b-ft-conll2003,adenda-01,conll2003,T1,descriptive,hidden_norm,absoluta,0.80,,0.0,sim,0.0,1.0,0.812,0.6324,0.7111,4399.0,,,,,,,,,,
qwen05b-ft-conll2003,adenda-01,conll2003,T1,descriptive,hidden_norm,absoluta,0.90,,0.4696,sim,0.6763,0.3237,0.9003,0.227,0.3626,1424.0,,,,,,,,,,
qwen05b-ft-conll2003,adenda-01,conll2003,T1,descriptive,hidden_norm,absoluta,0.95,,0.7564,sim,0.9404,0.0596,0.9542,0.0443,0.0846,262.0,,,,,,,,,,
qwen05b-ft-conll2003,adenda-01,conll2003,T1,descriptive,hidden_norm,vao,0.25,0.8613,0.2623,sim,0.2362,0.7638,0.8613,0.5124,0.6425,3360.0,,,,,,,,,,
qwen05b-ft-conll2003,adenda-01,conll2003,T1,descriptive,hidden_norm,vao,0.50,0.9075,0.5102,sim,0.7161,0.2839,0.9079,0.2008,0.3288,1249.0,,,,,,,,,,
qwen05b-ft-conll2003,adenda-01,conll2003,T1,descriptive,hidden_norm,vao,0.75,0.9538,0.7564,sim,0.9404,0.0596,0.9542,0.0443,0.0846,262.0,,,,,,,,,,
qwen05b-ft-conll2003,adenda-01,conll2003,T1,descriptive,hidden_norm,vao,0.90,0.9815,0.9067,sim,0.987,0.013,0.9825,0.0099,0.0196,57.0,,,,,,,,,,
qwen05b-ft-conll2003,adenda-01,conll2003,T1,descriptive,hidden_dist_centroide,absoluta,0.70,,0.0,sim,0.0,1.0,0.812,0.6324,0.7111,4399.0,,,,,,,,,,
qwen05b-ft-conll2003,adenda-01,conll2003,T1,descriptive,hidden_dist_centroide,absoluta,0.80,,0.0,sim,0.0,1.0,0.812,0.6324,0.7111,4399.0,,,,,,,,,,
qwen05b-ft-conll2003,adenda-01,conll2003,T1,descriptive,hidden_dist_centroide,absoluta,0.90,,,não,inalcançável,,,,,0.0,,,,,,,,,,
qwen05b-ft-conll2003,adenda-01,conll2003,T1,descriptive,hidden_dist_centroide,absoluta,0.95,,,não,inalcançável,,,,,0.0,,,,,,,,,,
qwen05b-ft-conll2003,adenda-01,conll2003,T1,descriptive,hidden_dist_centroide,vao,0.25,0.8613,,não,inalcançável,,,,,0.0,,,,,,,,,,
qwen05b-ft-conll2003,adenda-01,conll2003,T1,descriptive,hidden_dist_centroide,vao,0.50,0.9075,,não,inalcançável,,,,,0.0,,,,,,,,,,
qwen05b-ft-conll2003,adenda-01,conll2003,T1,descriptive,hidden_dist_centroide,vao,0.75,0.9538,,não,inalcançável,,,,,0.0,,,,,,,,,,
qwen05b-ft-conll2003,adenda-01,conll2003,T1,descriptive,hidden_dist_centroide,vao,0.90,0.9815,,não,inalcançável,,,,,0.0,,,,,,,,,,
qwen05b-ft-conll2003,adenda-01,conll2003,T1,descriptive,hidden_delta_camadas,absoluta,0.70,,0.0,sim,0.0,1.0,0.812,0.6324,0.7111,4399.0,,,,,,,,,,
qwen05b-ft-conll2003,adenda-01,conll2003,T1,descriptive,hidden_delta_camadas,absoluta,0.80,,0.0,sim,0.0,1.0,0.812,0.6324,0.7111,4399.0,,,,,,,,,,
qwen05b-ft-conll2003,adenda-01,conll2003,T1,descriptive,hidden_delta_camadas,absoluta,0.90,,0.4681,sim,0.5203,0.4797,0.9,0.3362,0.4896,2110.0,,,,,,,,,,
qwen05b-ft-conll2003,adenda-01,conll2003,T1,descriptive,hidden_delta_camadas,absoluta,0.95,,0.7447,sim,0.9432,0.0568,0.952,0.0421,0.0807,250.0,,,,,,,,,,
qwen05b-ft-conll2003,adenda-01,conll2003,T1,descriptive,hidden_delta_camadas,vao,0.25,0.8613,0.2635,sim,0.1807,0.8193,0.8615,0.5498,0.6712,3604.0,,,,,,,,,,
qwen05b-ft-conll2003,adenda-01,conll2003,T1,descriptive,hidden_delta_camadas,vao,0.50,0.9075,0.5095,sim,0.6351,0.3649,0.9078,0.258,0.4018,1605.0,,,,,,,,,,
qwen05b-ft-conll2003,adenda-01,conll2003,T1,descriptive,hidden_delta_camadas,vao,0.75,0.9538,0.7602,sim,0.9445,0.0555,0.9549,0.0413,0.0791,244.0,,,,,,,,,,
qwen05b-ft-conll2003,adenda-01,conll2003,T1,descriptive,hidden_delta_camadas,vao,0.90,0.9815,0.9206,sim,0.9848,0.0152,0.9851,0.0117,0.0231,67.0,,,,,,,,,,
qwen05b-ft-conll2003,adenda-01,conll2003,T1,descriptive,sonda_ocultos,absoluta,0.70,,0.0,sim,0.0,1.0,0.812,0.6324,0.7111,4399.0,,,,,,,,,,
qwen05b-ft-conll2003,adenda-01,conll2003,T1,descriptive,sonda_ocultos,absoluta,0.80,,0.0,sim,0.0,1.0,0.812,0.6324,0.7111,4399.0,,,,,,,,,,
qwen05b-ft-conll2003,adenda-01,conll2003,T1,descriptive,sonda_ocultos,absoluta,0.90,,0.4682,sim,0.1018,0.8982,0.9,0.6296,0.7409,3951.0,,,,,,,,,,
qwen05b-ft-conll2003,adenda-01,conll2003,T1,descriptive,sonda_ocultos,absoluta,0.95,,0.7345,sim,0.2712,0.7288,0.9501,0.5393,0.6881,3206.0,,,,,,,,,,
qwen05b-ft-conll2003,adenda-01,conll2003,T1,descriptive,sonda_ocultos,vao,0.25,0.8613,0.2643,sim,0.0582,0.9418,0.8617,0.6321,0.7292,4143.0,,,,,,,,,,
qwen05b-ft-conll2003,adenda-01,conll2003,T1,descriptive,sonda_ocultos,vao,0.50,0.9075,0.5084,sim,0.1096,0.8904,0.9076,0.6294,0.7433,3917.0,,,,,,,,,,
qwen05b-ft-conll2003,adenda-01,conll2003,T1,descriptive,sonda_ocultos,vao,0.75,0.9538,0.7547,sim,0.3148,0.6852,0.9539,0.509,0.6638,3014.0,,,,,,,,,,
qwen05b-ft-conll2003,adenda-01,conll2003,T1,descriptive,sonda_ocultos,vao,0.90,0.9815,0.9266,sim,0.967,0.033,0.9862,0.0253,0.0494,145.0,,,,,,,,,,
qwen05b-ft-conll2003,adenda-01,conll2003,T1,descriptive,sonda_atencao_cabecas,absoluta,0.70,,0.0,sim,0.0,1.0,0.812,0.6324,0.7111,4399.0,,,,,,,,,,
qwen05b-ft-conll2003,adenda-01,conll2003,T1,descriptive,sonda_atencao_cabecas,absoluta,0.80,,0.0,sim,0.0,1.0,0.812,0.6324,0.7111,4399.0,,,,,,,,,,
qwen05b-ft-conll2003,adenda-01,conll2003,T1,descriptive,sonda_atencao_cabecas,absoluta,0.90,,0.4692,sim,0.1093,0.8907,0.9002,0.6245,0.7374,3918.0,,,,,,,,,,
qwen05b-ft-conll2003,adenda-01,conll2003,T1,descriptive,sonda_atencao_cabecas,absoluta,0.95,,0.7356,sim,0.4237,0.5763,0.9503,0.4265,0.5888,2535.0,,,,,,,,,,
qwen05b-ft-conll2003,adenda-01,conll2003,T1,descriptive,sonda_atencao_cabecas,vao,0.25,0.8613,0.2631,sim,0.0598,0.9402,0.8615,0.6308,0.7283,4136.0,,,,,,,,,,
qwen05b-ft-conll2003,adenda-01,conll2003,T1,descriptive,sonda_atencao_cabecas,vao,0.50,0.9075,0.5102,sim,0.1237,0.8763,0.9079,0.6197,0.7366,3855.0,,,,,,,,,,
qwen05b-ft-conll2003,adenda-01,conll2003,T1,descriptive,sonda_atencao_cabecas,vao,0.75,0.9538,0.7542,sim,0.6213,0.3787,0.9538,0.2813,0.4345,1666.0,,,,,,,,,,
qwen05b-ft-conll2003,adenda-01,conll2003,T1,descriptive,sonda_atencao_cabecas,vao,0.90,0.9815,1.0,sim,0.9993,0.0007,1.0,0.0005,0.0011,3.0,,,,,,,,,,
qwen05b-ft-conll2003,adenda-01,conll2003,T1,descriptive,span_mass,absoluta,0.70,,0.0,sim,0.0,1.0,0.812,0.6324,0.7111,4399.0,,,,,,,,,,
qwen05b-ft-conll2003,adenda-01,conll2003,T1,descriptive,span_mass,absoluta,0.80,,0.0,sim,0.0,1.0,0.812,0.6324,0.7111,4399.0,,,,,,,,,,
qwen05b-ft-conll2003,adenda-01,conll2003,T1,descriptive,span_mass,absoluta,0.90,,0.4768,sim,0.9861,0.0139,0.9016,0.0097,0.0193,61.0,,,,,,,,,,
qwen05b-ft-conll2003,adenda-01,conll2003,T1,descriptive,span_mass,absoluta,0.95,,1.0,sim,0.998,0.002,1.0,0.0016,0.0032,9.0,,,,,,,,,,
qwen05b-ft-conll2003,adenda-01,conll2003,T1,descriptive,span_mass,vao,0.25,0.8613,0.2653,sim,0.7877,0.2123,0.8619,0.1425,0.2446,934.0,,,,,,,,,,
qwen05b-ft-conll2003,adenda-01,conll2003,T1,descriptive,span_mass,vao,0.50,0.9075,0.5492,sim,0.9866,0.0134,0.9153,0.0096,0.0189,59.0,,,,,,,,,,
qwen05b-ft-conll2003,adenda-01,conll2003,T1,descriptive,span_mass,vao,0.75,0.9538,1.0,sim,0.998,0.002,1.0,0.0016,0.0032,9.0,,,,,,,,,,
qwen05b-ft-conll2003,adenda-01,conll2003,T1,descriptive,span_mass,vao,0.90,0.9815,1.0,sim,0.998,0.002,1.0,0.0016,0.0032,9.0,,,,,,,,,,
qwen05b-ft-conll2003,adenda-01,conll2003,T1,descriptive,model_confidence,absoluta,0.70,,0.0,sim,0.0,1.0,0.812,0.6324,0.7111,4399.0,,,,,,,,,,
qwen05b-ft-conll2003,adenda-01,conll2003,T1,descriptive,model_confidence,absoluta,0.80,,0.0,sim,0.0,1.0,0.812,0.6324,0.7111,4399.0,,,,,,,,,,
qwen05b-ft-conll2003,adenda-01,conll2003,T1,descriptive,model_confidence,absoluta,0.90,,0.469,sim,0.1734,0.8266,0.9002,0.5795,0.7051,3636.0,,,,,,,,,,
qwen05b-ft-conll2003,adenda-01,conll2003,T1,descriptive,model_confidence,absoluta,0.95,,0.7374,sim,0.581,0.419,0.9506,0.3102,0.4678,1843.0,,,,,,,,,,
qwen05b-ft-conll2003,adenda-01,conll2003,T1,descriptive,model_confidence,vao,0.25,0.8613,0.2627,sim,0.0816,0.9184,0.8614,0.6161,0.7184,4040.0,,,,,,,,,,
qwen05b-ft-conll2003,adenda-01,conll2003,T1,descriptive,model_confidence,vao,0.50,0.9075,0.5092,sim,0.2116,0.7884,0.9077,0.5574,0.6907,3468.0,,,,,,,,,,
qwen05b-ft-conll2003,adenda-01,conll2003,T1,descriptive,model_confidence,vao,0.75,0.9538,0.7547,sim,0.6401,0.3599,0.9539,0.2674,0.4176,1583.0,,,,,,,,,,
qwen05b-ft-conll2003,adenda-01,conll2003,T1,descriptive,model_confidence,vao,0.90,0.9815,0.9098,sim,0.9866,0.0134,0.9831,0.0103,0.0203,59.0,,,,,,,,,,
qwen05b-ft-conll2003,adenda-01,conll2003,AD1-R-sonda_ocultos,task_verdict,sonda_ocultos,absoluta,0.70,,,sim,0.0,,,,,,base_treinada,0.0,0.0,0.0,0.0,4399.0,2381.0,2000.0,0.0,NÃO DISTINGUE (IC contém zero)
qwen05b-ft-conll2003,adenda-01,conll2003,AD1-R-sonda_ocultos,task_verdict,sonda_ocultos,absoluta,0.80,,,sim,0.0,,,,,,base_treinada,0.0,0.0,0.0,0.0,4399.0,2381.0,2000.0,0.0,NÃO DISTINGUE (IC contém zero)
qwen05b-ft-conll2003,adenda-01,conll2003,AD1-R-sonda_ocultos,task_verdict,sonda_ocultos,absoluta,0.90,,,sim,0.1018,,,,,,base_treinada,0.1648,-0.063,-0.1894,-0.0386,4399.0,2381.0,2000.0,0.0,sonda_ocultos EXIGE MENOS revisão
qwen05b-ft-conll2003,adenda-01,conll2003,AD1-R-sonda_ocultos,task_verdict,sonda_ocultos,absoluta,0.95,,,sim,0.2712,,,,,,base_treinada,0.9466,-0.6754,-0.7514,-0.5609,4399.0,2381.0,2000.0,0.0,sonda_ocultos EXIGE MENOS revisão
qwen05b-ft-conll2003,adenda-01,conll2003,AD1-R-sonda_ocultos,task_verdict,sonda_ocultos,vao,0.25,0.8613,,sim,0.0582,,,,,,base_treinada,0.0782,-0.02,-0.0305,-0.0097,4399.0,2381.0,2000.0,0.0,sonda_ocultos EXIGE MENOS revisão
qwen05b-ft-conll2003,adenda-01,conll2003,AD1-R-sonda_ocultos,task_verdict,sonda_ocultos,vao,0.50,0.9075,,sim,0.1096,,,,,,base_treinada,0.2226,-0.113,-0.7398,-0.0469,4399.0,2381.0,2000.0,0.0,sonda_ocultos EXIGE MENOS revisão
qwen05b-ft-conll2003,adenda-01,conll2003,AD1-R-sonda_ocultos,task_verdict,sonda_ocultos,vao,0.75,0.9538,,sim,0.3148,,,,,,base_treinada,0.9604,-0.6456,-0.7236,-0.4848,4399.0,2381.0,2000.0,0.0,sonda_ocultos EXIGE MENOS revisão
qwen05b-ft-conll2003,adenda-01,conll2003,AD1-R-sonda_ocultos,task_verdict,sonda_ocultos,vao,0.90,0.9815,,sim,0.967,,,,,,base_treinada,0.9816,-0.0145,-0.1725,0.0073,4399.0,2381.0,1569.0,431.0,NÃO DISTINGUE (IC contém zero)
qwen05b-ft-conll2003,adenda-01,conll2003,AD1-R-sonda_atencao_cabecas,task_verdict,sonda_atencao_cabecas,absoluta,0.70,,,sim,0.0,,,,,,base_treinada,0.0,0.0,0.0,0.0,4399.0,2381.0,2000.0,0.0,NÃO DISTINGUE (IC contém zero)
qwen05b-ft-conll2003,adenda-01,conll2003,AD1-R-sonda_atencao_cabecas,task_verdict,sonda_atencao_cabecas,absoluta,0.80,,,sim,0.0,,,,,,base_treinada,0.0,0.0,0.0,0.0,4399.0,2381.0,2000.0,0.0,NÃO DISTINGUE (IC contém zero)
qwen05b-ft-conll2003,adenda-01,conll2003,AD1-R-sonda_atencao_cabecas,task_verdict,sonda_atencao_cabecas,absoluta,0.90,,,sim,0.1093,,,,,,base_treinada,0.1648,-0.0555,-0.1714,-0.0319,4399.0,2381.0,2000.0,0.0,sonda_atencao_cabecas EXIGE MENOS revisão
qwen05b-ft-conll2003,adenda-01,conll2003,AD1-R-sonda_atencao_cabecas,task_verdict,sonda_atencao_cabecas,absoluta,0.95,,,sim,0.4237,,,,,,base_treinada,0.9466,-0.5228,-0.6738,-0.2279,4399.0,2381.0,2000.0,0.0,sonda_atencao_cabecas EXIGE MENOS revisão
qwen05b-ft-conll2003,adenda-01,conll2003,AD1-R-sonda_atencao_cabecas,task_verdict,sonda_atencao_cabecas,vao,0.25,0.8613,,sim,0.0598,,,,,,base_treinada,0.0782,-0.0184,-0.0277,-0.009,4399.0,2381.0,2000.0,0.0,sonda_atencao_cabecas EXIGE MENOS revisão
qwen05b-ft-conll2003,adenda-01,conll2003,AD1-R-sonda_atencao_cabecas,task_verdict,sonda_atencao_cabecas,vao,0.50,0.9075,,sim,0.1237,,,,,,base_treinada,0.2226,-0.0989,-0.72,-0.0388,4399.0,2381.0,2000.0,0.0,sonda_atencao_cabecas EXIGE MENOS revisão
qwen05b-ft-conll2003,adenda-01,conll2003,AD1-R-sonda_atencao_cabecas,task_verdict,sonda_atencao_cabecas,vao,0.75,0.9538,,sim,0.6213,,,,,,base_treinada,0.9604,-0.3392,-0.6131,-0.1865,4399.0,2381.0,2000.0,0.0,sonda_atencao_cabecas EXIGE MENOS revisão
qwen05b-ft-conll2003,adenda-01,conll2003,AD1-R-sonda_atencao_cabecas,task_verdict,sonda_atencao_cabecas,vao,0.90,0.9815,,sim,0.9993,,,,,,base_treinada,0.9816,0.0177,-0.1004,0.044,4399.0,2381.0,1937.0,63.0,NÃO DISTINGUE (IC contém zero)
qwen05b-ft-conll2003,adenda-01,conll2003,AD1-R-sonda_ocultos_ajustada,task_verdict,sonda_ocultos_ajustada,absoluta,0.70,,,sim,0.0,,,,,,base_treinada_ajustada,0.0,0.0,0.0,0.0,4399.0,2381.0,2000.0,0.0,NÃO DISTINGUE (IC contém zero)
qwen05b-ft-conll2003,adenda-01,conll2003,AD1-R-sonda_ocultos_ajustada,task_verdict,sonda_ocultos_ajustada,absoluta,0.80,,,sim,0.0,,,,,,base_treinada_ajustada,0.0,0.0,0.0,0.0,4399.0,2381.0,2000.0,0.0,NÃO DISTINGUE (IC contém zero)
qwen05b-ft-conll2003,adenda-01,conll2003,AD1-R-sonda_ocultos_ajustada,task_verdict,sonda_ocultos_ajustada,absoluta,0.90,,,sim,0.0998,,,,,,base_treinada_ajustada,0.1673,-0.0675,-0.3185,-0.0401,4399.0,2381.0,2000.0,0.0,sonda_ocultos_ajustada EXIGE MENOS revisão
qwen05b-ft-conll2003,adenda-01,conll2003,AD1-R-sonda_ocultos_ajustada,task_verdict,sonda_ocultos_ajustada,absoluta,0.95,,,sim,0.2419,,,,,,base_treinada_ajustada,0.9236,-0.6817,-0.7543,-0.6207,4399.0,2381.0,2000.0,0.0,sonda_ocultos_ajustada EXIGE MENOS revisão
qwen05b-ft-conll2003,adenda-01,conll2003,AD1-R-sonda_ocultos_ajustada,task_verdict,sonda_ocultos_ajustada,vao,0.25,0.8613,,sim,0.058,,,,,,base_treinada_ajustada,0.078,-0.02,-0.0305,-0.0097,4399.0,2381.0,2000.0,0.0,sonda_ocultos_ajustada EXIGE MENOS revisão
qwen05b-ft-conll2003,adenda-01,conll2003,AD1-R-sonda_ocultos_ajustada,task_verdict,sonda_ocultos_ajustada,vao,0.50,0.9075,,sim,0.1093,,,,,,base_treinada_ajustada,0.2326,-0.1232,-0.7493,-0.0503,4399.0,2381.0,2000.0,0.0,sonda_ocultos_ajustada EXIGE MENOS revisão
qwen05b-ft-conll2003,adenda-01,conll2003,AD1-R-sonda_ocultos_ajustada,task_verdict,sonda_ocultos_ajustada,vao,0.75,0.9538,,sim,0.2614,,,,,,base_treinada_ajustada,0.9636,-0.7022,-0.742,-0.5994,4399.0,2381.0,2000.0,0.0,sonda_ocultos_ajustada EXIGE MENOS revisão
qwen05b-ft-conll2003,adenda-01,conll2003,AD1-R-sonda_ocultos_ajustada,task_verdict,sonda_ocultos_ajustada,vao,0.90,0.9815,,sim,0.6747,,,,,,base_treinada_ajustada,0.9825,-0.3078,-0.3758,0.0143,4399.0,2381.0,2000.0,0.0,NÃO DISTINGUE (IC contém zero)
qwen05b-ft-conll2003,adenda-01,conll2003,AD1-R-sonda_atencao_cabecas_ajustada,task_verdict,sonda_atencao_cabecas_ajustada,absoluta,0.70,,,sim,0.0,,,,,,base_treinada_ajustada,0.0,0.0,0.0,0.0,4399.0,2381.0,2000.0,0.0,NÃO DISTINGUE (IC contém zero)
qwen05b-ft-conll2003,adenda-01,conll2003,AD1-R-sonda_atencao_cabecas_ajustada,task_verdict,sonda_atencao_cabecas_ajustada,absoluta,0.80,,,sim,0.0,,,,,,base_treinada_ajustada,0.0,0.0,0.0,0.0,4399.0,2381.0,2000.0,0.0,NÃO DISTINGUE (IC contém zero)
qwen05b-ft-conll2003,adenda-01,conll2003,AD1-R-sonda_atencao_cabecas_ajustada,task_verdict,sonda_atencao_cabecas_ajustada,absoluta,0.90,,,sim,0.1007,,,,,,base_treinada_ajustada,0.1673,-0.0666,-0.3164,-0.0401,4399.0,2381.0,2000.0,0.0,sonda_atencao_cabecas_ajustada EXIGE MENOS revisão
qwen05b-ft-conll2003,adenda-01,conll2003,AD1-R-sonda_atencao_cabecas_ajustada,task_verdict,sonda_atencao_cabecas_ajustada,absoluta,0.95,,,sim,0.3308,,,,,,base_treinada_ajustada,0.9236,-0.5929,-0.7095,-0.4856,4399.0,2381.0,2000.0,0.0,sonda_atencao_cabecas_ajustada EXIGE MENOS revisão
qwen05b-ft-conll2003,adenda-01,conll2003,AD1-R-sonda_atencao_cabecas_ajustada,task_verdict,sonda_atencao_cabecas_ajustada,vao,0.25,0.8613,,sim,0.0573,,,,,,base_treinada_ajustada,0.078,-0.0207,-0.0302,-0.0102,4399.0,2381.0,2000.0,0.0,sonda_atencao_cabecas_ajustada EXIGE MENOS revisão
qwen05b-ft-conll2003,adenda-01,conll2003,AD1-R-sonda_atencao_cabecas_ajustada,task_verdict,sonda_atencao_cabecas_ajustada,vao,0.50,0.9075,,sim,0.11,,,,,,base_treinada_ajustada,0.2326,-0.1225,-0.7504,-0.0494,4399.0,2381.0,2000.0,0.0,sonda_atencao_cabecas_ajustada EXIGE MENOS revisão
qwen05b-ft-conll2003,adenda-01,conll2003,AD1-R-sonda_atencao_cabecas_ajustada,task_verdict,sonda_atencao_cabecas_ajustada,vao,0.75,0.9538,,sim,0.3803,,,,,,base_treinada_ajustada,0.9636,-0.5833,-0.6722,-0.4449,4399.0,2381.0,2000.0,0.0,sonda_atencao_cabecas_ajustada EXIGE MENOS revisão
qwen05b-ft-conll2003,adenda-01,conll2003,AD1-R-sonda_atencao_cabecas_ajustada,task_verdict,sonda_atencao_cabecas_ajustada,vao,0.90,0.9815,,sim,0.9984,,,,,,base_treinada_ajustada,0.9825,0.0159,-0.2051,0.038,4399.0,2381.0,2000.0,0.0,NÃO DISTINGUE (IC contém zero)
qwen15b-ft-genia,decl-12-decoder-15b-genia,genia,T1,descriptive,(sem supervisor),—,—,,0.0,sim,0.0,1.0,0.7503,0.5376,0.6264,3945.0,,,,,,,,,,
qwen15b-ft-genia,decl-12-decoder-15b-genia,genia,T1,descriptive,span_size,absoluta,0.70,,0.0,sim,0.0,1.0,0.7503,0.5376,0.6264,3945.0,,,,,,,,,,
qwen15b-ft-genia,decl-12-decoder-15b-genia,genia,T1,descriptive,span_size,absoluta,0.80,,,não,inalcançável,,,,,0.0,,,,,,,,,,
qwen15b-ft-genia,decl-12-decoder-15b-genia,genia,T1,descriptive,span_size,absoluta,0.90,,,não,inalcançável,,,,,0.0,,,,,,,,,,
qwen15b-ft-genia,decl-12-decoder-15b-genia,genia,T1,descriptive,span_size,absoluta,0.95,,,não,inalcançável,,,,,0.0,,,,,,,,,,
qwen15b-ft-genia,decl-12-decoder-15b-genia,genia,T1,descriptive,span_size,vao,0.25,0.8141,,não,inalcançável,,,,,0.0,,,,,,,,,,
qwen15b-ft-genia,decl-12-decoder-15b-genia,genia,T1,descriptive,span_size,vao,0.50,0.8761,,não,inalcançável,,,,,0.0,,,,,,,,,,
qwen15b-ft-genia,decl-12-decoder-15b-genia,genia,T1,descriptive,span_size,vao,0.75,0.9380,,não,inalcançável,,,,,0.0,,,,,,,,,,
qwen15b-ft-genia,decl-12-decoder-15b-genia,genia,T1,descriptive,span_size,vao,0.90,0.9752,,não,inalcançável,,,,,0.0,,,,,,,,,,
qwen15b-ft-genia,decl-12-decoder-15b-genia,genia,T1,descriptive,geometric_fraction,absoluta,0.70,,0.0,sim,0.0,1.0,0.7503,0.5376,0.6264,3945.0,,,,,,,,,,
qwen15b-ft-genia,decl-12-decoder-15b-genia,genia,T1,descriptive,geometric_fraction,absoluta,0.80,,0.2225,sim,0.9569,0.0431,0.8059,0.0249,0.0483,170.0,,,,,,,,,,
qwen15b-ft-genia,decl-12-decoder-15b-genia,genia,T1,descriptive,geometric_fraction,absoluta,0.90,,0.733,sim,0.9962,0.0038,0.9333,0.0025,0.0051,15.0,,,,,,,,,,
qwen15b-ft-genia,decl-12-decoder-15b-genia,genia,T1,descriptive,geometric_fraction,absoluta,0.95,,1.0,sim,0.9965,0.0035,1.0,0.0025,0.0051,14.0,,,,,,,,,,
qwen15b-ft-genia,decl-12-decoder-15b-genia,genia,T1,descriptive,geometric_fraction,vao,0.25,0.8141,0.2848,sim,0.9858,0.0142,0.8214,0.0084,0.0165,56.0,,,,,,,,,,
qwen15b-ft-genia,decl-12-decoder-15b-genia,genia,T1,descriptive,geometric_fraction,vao,0.50,0.8761,0.733,sim,0.9962,0.0038,0.9333,0.0025,0.0051,15.0,,,,,,,,,,
qwen15b-ft-genia,decl-12-decoder-15b-genia,genia,T1,descriptive,geometric_fraction,vao,0.75,0.9380,1.0,sim,0.9965,0.0035,1.0,0.0025,0.0051,14.0,,,,,,,,,,
qwen15b-ft-genia,decl-12-decoder-15b-genia,genia,T1,descriptive,geometric_fraction,vao,0.90,0.9752,1.0,sim,0.9965,0.0035,1.0,0.0025,0.0051,14.0,,,,,,,,,,
qwen15b-ft-genia,decl-12-decoder-15b-genia,genia,T1,descriptive,sentence_length,absoluta,0.70,,0.0,sim,0.0,1.0,0.7503,0.5376,0.6264,3945.0,,,,,,,,,,
qwen15b-ft-genia,decl-12-decoder-15b-genia,genia,T1,descriptive,sentence_length,absoluta,0.80,,,não,inalcançável,,,,,0.0,,,,,,,,,,
qwen15b-ft-genia,decl-12-decoder-15b-genia,genia,T1,descriptive,sentence_length,absoluta,0.90,,,não,inalcançável,,,,,0.0,,,,,,,,,,
qwen15b-ft-genia,decl-12-decoder-15b-genia,genia,T1,descriptive,sentence_length,absoluta,0.95,,,não,inalcançável,,,,,0.0,,,,,,,,,,
qwen15b-ft-genia,decl-12-decoder-15b-genia,genia,T1,descriptive,sentence_length,vao,0.25,0.8141,,não,inalcançável,,,,,0.0,,,,,,,,,,
qwen15b-ft-genia,decl-12-decoder-15b-genia,genia,T1,descriptive,sentence_length,vao,0.50,0.8761,,não,inalcançável,,,,,0.0,,,,,,,,,,
qwen15b-ft-genia,decl-12-decoder-15b-genia,genia,T1,descriptive,sentence_length,vao,0.75,0.9380,,não,inalcançável,,,,,0.0,,,,,,,,,,
qwen15b-ft-genia,decl-12-decoder-15b-genia,genia,T1,descriptive,sentence_length,vao,0.90,0.9752,,não,inalcançável,,,,,0.0,,,,,,,,,,
qwen15b-ft-genia,decl-12-decoder-15b-genia,genia,T1,descriptive,row_entropy_causal,absoluta,0.70,,0.0,sim,0.0,1.0,0.7503,0.5376,0.6264,3945.0,,,,,,,,,,
qwen15b-ft-genia,decl-12-decoder-15b-genia,genia,T1,descriptive,row_entropy_causal,absoluta,0.80,,,não,inalcançável,,,,,0.0,,,,,,,,,,
qwen15b-ft-genia,decl-12-decoder-15b-genia,genia,T1,descriptive,row_entropy_causal,absoluta,0.90,,,não,inalcançável,,,,,0.0,,,,,,,,,,
qwen15b-ft-genia,decl-12-decoder-15b-genia,genia,T1,descriptive,row_entropy_causal,absoluta,0.95,,,não,inalcançável,,,,,0.0,,,,,,,,,,
qwen15b-ft-genia,decl-12-decoder-15b-genia,genia,T1,descriptive,row_entropy_causal,vao,0.25,0.8141,,não,inalcançável,,,,,0.0,,,,,,,,,,
qwen15b-ft-genia,decl-12-decoder-15b-genia,genia,T1,descriptive,row_entropy_causal,vao,0.50,0.8761,,não,inalcançável,,,,,0.0,,,,,,,,,,
qwen15b-ft-genia,decl-12-decoder-15b-genia,genia,T1,descriptive,row_entropy_causal,vao,0.75,0.9380,,não,inalcançável,,,,,0.0,,,,,,,,,,
qwen15b-ft-genia,decl-12-decoder-15b-genia,genia,T1,descriptive,row_entropy_causal,vao,0.90,0.9752,,não,inalcançável,,,,,0.0,,,,,,,,,,
qwen15b-ft-genia,decl-12-decoder-15b-genia,genia,T1,descriptive,row_max_causal,absoluta,0.70,,0.0,sim,0.0,1.0,0.7503,0.5376,0.6264,3945.0,,,,,,,,,,
qwen15b-ft-genia,decl-12-decoder-15b-genia,genia,T1,descriptive,row_max_causal,absoluta,0.80,,0.199,sim,0.9962,0.0038,0.8,0.0022,0.0043,15.0,,,,,,,,,,
qwen15b-ft-genia,decl-12-decoder-15b-genia,genia,T1,descriptive,row_max_causal,absoluta,0.90,,1.0,sim,0.999,0.001,1.0,0.0007,0.0015,4.0,,,,,,,,,,
qwen15b-ft-genia,decl-12-decoder-15b-genia,genia,T1,descriptive,row_max_causal,absoluta,0.95,,1.0,sim,0.999,0.001,1.0,0.0007,0.0015,4.0,,,,,,,,,,
qwen15b-ft-genia,decl-12-decoder-15b-genia,genia,T1,descriptive,row_max_causal,vao,0.25,0.8141,0.4278,sim,0.9965,0.0035,0.8571,0.0022,0.0043,14.0,,,,,,,,,,
qwen15b-ft-genia,decl-12-decoder-15b-genia,genia,T1,descriptive,row_max_causal,vao,0.50,0.8761,1.0,sim,0.999,0.001,1.0,0.0007,0.0015,4.0,,,,,,,,,,
qwen15b-ft-genia,decl-12-decoder-15b-genia,genia,T1,descriptive,row_max_causal,vao,0.75,0.9380,1.0,sim,0.999,0.001,1.0,0.0007,0.0015,4.0,,,,,,,,,,
qwen15b-ft-genia,decl-12-decoder-15b-genia,genia,T1,descriptive,row_max_causal,vao,0.90,0.9752,1.0,sim,0.999,0.001,1.0,0.0007,0.0015,4.0,,,,,,,,,,
qwen15b-ft-genia,decl-12-decoder-15b-genia,genia,T1,descriptive,hidden_norm,absoluta,0.70,,0.0,sim,0.0,1.0,0.7503,0.5376,0.6264,3945.0,,,,,,,,,,
qwen15b-ft-genia,decl-12-decoder-15b-genia,genia,T1,descriptive,hidden_norm,absoluta,0.80,,0.199,sim,0.3574,0.6426,0.8,0.3683,0.5044,2535.0,,,,,,,,,,
qwen15b-ft-genia,decl-12-decoder-15b-genia,genia,T1,descriptive,hidden_norm,absoluta,0.90,,1.0,sim,0.9997,0.0003,1.0,0.0002,0.0004,1.0,,,,,,,,,,
qwen15b-ft-genia,decl-12-decoder-15b-genia,genia,T1,descriptive,hidden_norm,absoluta,0.95,,1.0,sim,0.9997,0.0003,1.0,0.0002,0.0004,1.0,,,,,,,,,,
qwen15b-ft-genia,decl-12-decoder-15b-genia,genia,T1,descriptive,hidden_norm,vao,0.25,0.8141,0.2569,sim,0.5163,0.4837,0.8145,0.2822,0.4192,1908.0,,,,,,,,,,
qwen15b-ft-genia,decl-12-decoder-15b-genia,genia,T1,descriptive,hidden_norm,vao,0.50,0.8761,0.5059,sim,0.961,0.039,0.8766,0.0245,0.0477,154.0,,,,,,,,,,
qwen15b-ft-genia,decl-12-decoder-15b-genia,genia,T1,descriptive,hidden_norm,vao,0.75,0.9380,1.0,sim,0.9997,0.0003,1.0,0.0002,0.0004,1.0,,,,,,,,,,
qwen15b-ft-genia,decl-12-decoder-15b-genia,genia,T1,descriptive,hidden_norm,vao,0.90,0.9752,1.0,sim,0.9997,0.0003,1.0,0.0002,0.0004,1.0,,,,,,,,,,
qwen15b-ft-genia,decl-12-decoder-15b-genia,genia,T1,descriptive,hidden_dist_centroide,absoluta,0.70,,0.0,sim,0.0,1.0,0.7503,0.5376,0.6264,3945.0,,,,,,,,,,
qwen15b-ft-genia,decl-12-decoder-15b-genia,genia,T1,descriptive,hidden_dist_centroide,absoluta,0.80,,,não,inalcançável,,,,,0.0,,,,,,,,,,
qwen15b-ft-genia,decl-12-decoder-15b-genia,genia,T1,descriptive,hidden_dist_centroide,absoluta,0.90,,,não,inalcançável,,,,,0.0,,,,,,,,,,
qwen15b-ft-genia,decl-12-decoder-15b-genia,genia,T1,descriptive,hidden_dist_centroide,absoluta,0.95,,,não,inalcançável,,,,,0.0,,,,,,,,,,
qwen15b-ft-genia,decl-12-decoder-15b-genia,genia,T1,descriptive,hidden_dist_centroide,vao,0.25,0.8141,,não,inalcançável,,,,,0.0,,,,,,,,,,
qwen15b-ft-genia,decl-12-decoder-15b-genia,genia,T1,descriptive,hidden_dist_centroide,vao,0.50,0.8761,,não,inalcançável,,,,,0.0,,,,,,,,,,
qwen15b-ft-genia,decl-12-decoder-15b-genia,genia,T1,descriptive,hidden_dist_centroide,vao,0.75,0.9380,,não,inalcançável,,,,,0.0,,,,,,,,,,
qwen15b-ft-genia,decl-12-decoder-15b-genia,genia,T1,descriptive,hidden_dist_centroide,vao,0.90,0.9752,,não,inalcançável,,,,,0.0,,,,,,,,,,
qwen15b-ft-genia,decl-12-decoder-15b-genia,genia,T1,descriptive,hidden_delta_camadas,absoluta,0.70,,0.0,sim,0.0,1.0,0.7503,0.5376,0.6264,3945.0,,,,,,,,,,
qwen15b-ft-genia,decl-12-decoder-15b-genia,genia,T1,descriptive,hidden_delta_camadas,absoluta,0.80,,1.0,sim,0.9995,0.0005,1.0,0.0004,0.0007,2.0,,,,,,,,,,
qwen15b-ft-genia,decl-12-decoder-15b-genia,genia,T1,descriptive,hidden_delta_camadas,absoluta,0.90,,1.0,sim,0.9995,0.0005,1.0,0.0004,0.0007,2.0,,,,,,,,,,
qwen15b-ft-genia,decl-12-decoder-15b-genia,genia,T1,descriptive,hidden_delta_camadas,absoluta,0.95,,1.0,sim,0.9995,0.0005,1.0,0.0004,0.0007,2.0,,,,,,,,,,
qwen15b-ft-genia,decl-12-decoder-15b-genia,genia,T1,descriptive,hidden_delta_camadas,vao,0.25,0.8141,1.0,sim,0.9995,0.0005,1.0,0.0004,0.0007,2.0,,,,,,,,,,
qwen15b-ft-genia,decl-12-decoder-15b-genia,genia,T1,descriptive,hidden_delta_camadas,vao,0.50,0.8761,1.0,sim,0.9995,0.0005,1.0,0.0004,0.0007,2.0,,,,,,,,,,
qwen15b-ft-genia,decl-12-decoder-15b-genia,genia,T1,descriptive,hidden_delta_camadas,vao,0.75,0.9380,1.0,sim,0.9995,0.0005,1.0,0.0004,0.0007,2.0,,,,,,,,,,
qwen15b-ft-genia,decl-12-decoder-15b-genia,genia,T1,descriptive,hidden_delta_camadas,vao,0.90,0.9752,1.0,sim,0.9995,0.0005,1.0,0.0004,0.0007,2.0,,,,,,,,,,
qwen15b-ft-genia,decl-12-decoder-15b-genia,genia,T1,descriptive,sonda_ocultos,absoluta,0.70,,0.0,sim,0.0,1.0,0.7503,0.5376,0.6264,3945.0,,,,,,,,,,
qwen15b-ft-genia,decl-12-decoder-15b-genia,genia,T1,descriptive,sonda_ocultos,absoluta,0.80,,0.1992,sim,0.143,0.857,0.8001,0.4913,0.6088,3381.0,,,,,,,,,,
qwen15b-ft-genia,decl-12-decoder-15b-genia,genia,T1,descriptive,sonda_ocultos,absoluta,0.90,,0.6008,sim,0.8499,0.1501,0.9003,0.0968,0.1748,592.0,,,,,,,,,,
qwen15b-ft-genia,decl-12-decoder-15b-genia,genia,T1,descriptive,sonda_ocultos,absoluta,0.95,,1.0,sim,0.9997,0.0003,1.0,0.0002,0.0004,1.0,,,,,,,,,,
qwen15b-ft-genia,decl-12-decoder-15b-genia,genia,T1,descriptive,sonda_ocultos,vao,0.25,0.8141,0.2562,sim,0.2056,0.7944,0.8143,0.4635,0.5907,3134.0,,,,,,,,,,
qwen15b-ft-genia,decl-12-decoder-15b-genia,genia,T1,descriptive,sonda_ocultos,vao,0.50,0.8761,0.5044,sim,0.6005,0.3995,0.8763,0.2508,0.39,1576.0,,,,,,,,,,
qwen15b-ft-genia,decl-12-decoder-15b-genia,genia,T1,descriptive,sonda_ocultos,vao,0.75,0.9380,1.0,sim,0.9997,0.0003,1.0,0.0002,0.0004,1.0,,,,,,,,,,
qwen15b-ft-genia,decl-12-decoder-15b-genia,genia,T1,descriptive,sonda_ocultos,vao,0.90,0.9752,1.0,sim,0.9997,0.0003,1.0,0.0002,0.0004,1.0,,,,,,,,,,
qwen15b-ft-genia,decl-12-decoder-15b-genia,genia,T1,descriptive,sonda_atencao_cabecas,absoluta,0.70,,0.0,sim,0.0,1.0,0.7503,0.5376,0.6264,3945.0,,,,,,,,,,
qwen15b-ft-genia,decl-12-decoder-15b-genia,genia,T1,descriptive,sonda_atencao_cabecas,absoluta,0.80,,0.1995,sim,0.2137,0.7863,0.8001,0.4508,0.5767,3102.0,,,,,,,,,,
qwen15b-ft-genia,decl-12-decoder-15b-genia,genia,T1,descriptive,sonda_atencao_cabecas,absoluta,0.90,,0.6099,sim,0.9219,0.0781,0.9026,0.0505,0.0956,308.0,,,,,,,,,,
qwen15b-ft-genia,decl-12-decoder-15b-genia,genia,T1,descriptive,sonda_atencao_cabecas,absoluta,0.95,,0.8331,sim,0.9878,0.0122,0.9583,0.0084,0.0166,48.0,,,,,,,,,,
qwen15b-ft-genia,decl-12-decoder-15b-genia,genia,T1,descriptive,sonda_atencao_cabecas,vao,0.25,0.8141,0.2557,sim,0.3303,0.6697,0.8142,0.3907,0.528,2642.0,,,,,,,,,,
qwen15b-ft-genia,decl-12-decoder-15b-genia,genia,T1,descriptive,sonda_atencao_cabecas,vao,0.50,0.8761,0.5046,sim,0.8545,0.1455,0.8763,0.0914,0.1655,574.0,,,,,,,,,,
qwen15b-ft-genia,decl-12-decoder-15b-genia,genia,T1,descriptive,sonda_atencao_cabecas,vao,0.75,0.9380,0.7548,sim,0.9876,0.0124,0.9388,0.0084,0.0166,49.0,,,,,,,,,,
qwen15b-ft-genia,decl-12-decoder-15b-genia,genia,T1,descriptive,sonda_atencao_cabecas,vao,0.90,0.9752,1.0,sim,0.9985,0.0015,1.0,0.0011,0.0022,6.0,,,,,,,,,,
qwen15b-ft-genia,decl-12-decoder-15b-genia,genia,T1,descriptive,span_mass,absoluta,0.70,,0.0,sim,0.0,1.0,0.7503,0.5376,0.6264,3945.0,,,,,,,,,,
qwen15b-ft-genia,decl-12-decoder-15b-genia,genia,T1,descriptive,span_mass,absoluta,0.80,,,não,inalcançável,,,,,0.0,,,,,,,,,,
qwen15b-ft-genia,decl-12-decoder-15b-genia,genia,T1,descriptive,span_mass,absoluta,0.90,,,não,inalcançável,,,,,0.0,,,,,,,,,,
qwen15b-ft-genia,decl-12-decoder-15b-genia,genia,T1,descriptive,span_mass,absoluta,0.95,,,não,inalcançável,,,,,0.0,,,,,,,,,,
qwen15b-ft-genia,decl-12-decoder-15b-genia,genia,T1,descriptive,span_mass,vao,0.25,0.8141,,não,inalcançável,,,,,0.0,,,,,,,,,,
qwen15b-ft-genia,decl-12-decoder-15b-genia,genia,T1,descriptive,span_mass,vao,0.50,0.8761,,não,inalcançável,,,,,0.0,,,,,,,,,,
qwen15b-ft-genia,decl-12-decoder-15b-genia,genia,T1,descriptive,span_mass,vao,0.75,0.9380,,não,inalcançável,,,,,0.0,,,,,,,,,,
qwen15b-ft-genia,decl-12-decoder-15b-genia,genia,T1,descriptive,span_mass,vao,0.90,0.9752,,não,inalcançável,,,,,0.0,,,,,,,,,,
qwen15b-ft-genia,decl-12-decoder-15b-genia,genia,T1,descriptive,model_confidence,absoluta,0.70,,0.0,sim,0.0,1.0,0.7503,0.5376,0.6264,3945.0,,,,,,,,,,
qwen15b-ft-genia,decl-12-decoder-15b-genia,genia,T1,descriptive,model_confidence,absoluta,0.80,,0.1995,sim,0.2124,0.7876,0.8001,0.4515,0.5773,3107.0,,,,,,,,,,
qwen15b-ft-genia,decl-12-decoder-15b-genia,genia,T1,descriptive,model_confidence,absoluta,0.90,,0.6173,sim,0.9602,0.0398,0.9045,0.0258,0.0502,157.0,,,,,,,,,,
qwen15b-ft-genia,decl-12-decoder-15b-genia,genia,T1,descriptive,model_confidence,absoluta,0.95,,,não,inalcançável,,,,,0.0,,,,,,,,,,
qwen15b-ft-genia,decl-12-decoder-15b-genia,genia,T1,descriptive,model_confidence,vao,0.25,0.8141,0.2555,sim,0.2923,0.7077,0.8141,0.4128,0.5478,2792.0,,,,,,,,,,
qwen15b-ft-genia,decl-12-decoder-15b-genia,genia,T1,descriptive,model_confidence,vao,0.50,0.8761,0.5073,sim,0.9196,0.0804,0.877,0.0505,0.0955,317.0,,,,,,,,,,
qwen15b-ft-genia,decl-12-decoder-15b-genia,genia,T1,descriptive,model_confidence,vao,0.75,0.9380,0.7573,sim,0.9916,0.0084,0.9394,0.0056,0.0112,33.0,,,,,,,,,,
qwen15b-ft-genia,decl-12-decoder-15b-genia,genia,T1,descriptive,model_confidence,vao,0.90,0.9752,,não,inalcançável,,,,,0.0,,,,,,,,,,
qwen15b-ft-genia,decl-12-decoder-15b-genia,genia,S2,task_verdict,span_mass,absoluta,0.70,,,sim,0.0,,,,,,model_confidence,0.0,0.0,0.0,0.0,3945.0,1290.0,2000.0,0.0,NÃO DISTINGUE (IC contém zero)
qwen15b-ft-genia,decl-12-decoder-15b-genia,genia,S2,task_verdict,span_mass,absoluta,0.80,,,não,inalcançável,,,,,,model_confidence,0.2124,,,,3945.0,1290.0,0.0,0.0,inalcançável para span_mass
qwen15b-ft-genia,decl-12-decoder-15b-genia,genia,S2,task_verdict,span_mass,absoluta,0.90,,,não,inalcançável,,,,,,model_confidence,0.9602,,,,3945.0,1290.0,0.0,0.0,inalcançável para span_mass
qwen15b-ft-genia,decl-12-decoder-15b-genia,genia,S2,task_verdict,span_mass,absoluta,0.95,,,não,inalcançável,,,,,,model_confidence,inalcançável,,,,3945.0,1290.0,0.0,0.0,inalcançável para span_mass e model_confidence
qwen15b-ft-genia,decl-12-decoder-15b-genia,genia,S2,task_verdict,span_mass,vao,0.25,0.8141,,não,inalcançável,,,,,,model_confidence,0.2923,,,,3945.0,1290.0,0.0,0.0,inalcançável para span_mass
qwen15b-ft-genia,decl-12-decoder-15b-genia,genia,S2,task_verdict,span_mass,vao,0.50,0.8761,,não,inalcançável,,,,,,model_confidence,0.9196,,,,3945.0,1290.0,0.0,0.0,inalcançável para span_mass
qwen15b-ft-genia,decl-12-decoder-15b-genia,genia,S2,task_verdict,span_mass,vao,0.75,0.9380,,não,inalcançável,,,,,,model_confidence,0.9916,,,,3945.0,1290.0,0.0,0.0,inalcançável para span_mass
qwen15b-ft-genia,decl-12-decoder-15b-genia,genia,S2,task_verdict,span_mass,vao,0.90,0.9752,,não,inalcançável,,,,,,model_confidence,inalcançável,,,,3945.0,1290.0,0.0,0.0,inalcançável para span_mass e model_confidence
qwen15b-ft-genia,decl-12-decoder-15b-genia,genia,S4,task_verdict,span_mass,absoluta,0.70,,,sim,0.0,,,,,,aggseq,0.0,0.0,0.0,0.0,3945.0,1290.0,2000.0,0.0,NÃO DISTINGUE (IC contém zero)
qwen15b-ft-genia,decl-12-decoder-15b-genia,genia,S4,task_verdict,span_mass,absoluta,0.80,,,não,inalcançável,,,,,,aggseq,0.0971,,,,3945.0,1290.0,0.0,0.0,inalcançável para span_mass
qwen15b-ft-genia,decl-12-decoder-15b-genia,genia,S4,task_verdict,span_mass,absoluta,0.90,,,não,inalcançável,,,,,,aggseq,inalcançável,,,,3945.0,1290.0,0.0,0.0,inalcançável para span_mass e aggseq
qwen15b-ft-genia,decl-12-decoder-15b-genia,genia,S4,task_verdict,span_mass,absoluta,0.95,,,não,inalcançável,,,,,,aggseq,inalcançável,,,,3945.0,1290.0,0.0,0.0,inalcançável para span_mass e aggseq
qwen15b-ft-genia,decl-12-decoder-15b-genia,genia,S4,task_verdict,span_mass,vao,0.25,0.8141,,não,inalcançável,,,,,,aggseq,0.1374,,,,3945.0,1290.0,0.0,0.0,inalcançável para span_mass
qwen15b-ft-genia,decl-12-decoder-15b-genia,genia,S4,task_verdict,span_mass,vao,0.50,0.8761,,não,inalcançável,,,,,,aggseq,0.9754,,,,3945.0,1290.0,0.0,0.0,inalcançável para span_mass
qwen15b-ft-genia,decl-12-decoder-15b-genia,genia,S4,task_verdict,span_mass,vao,0.75,0.9380,,não,inalcançável,,,,,,aggseq,inalcançável,,,,3945.0,1290.0,0.0,0.0,inalcançável para span_mass e aggseq
qwen15b-ft-genia,decl-12-decoder-15b-genia,genia,S4,task_verdict,span_mass,vao,0.90,0.9752,,não,inalcançável,,,,,,aggseq,inalcançável,,,,3945.0,1290.0,0.0,0.0,inalcançável para span_mass e aggseq
qwen15b-ft-genia,decl-12-decoder-15b-genia,genia,S6,task_verdict,row_entropy_causal,absoluta,0.70,,,sim,0.0,,,,,,model_confidence,0.0,0.0,0.0,0.0,3945.0,1290.0,2000.0,0.0,NÃO DISTINGUE (IC contém zero)
qwen15b-ft-genia,decl-12-decoder-15b-genia,genia,S6,task_verdict,row_entropy_causal,absoluta,0.80,,,não,inalcançável,,,,,,model_confidence,0.2124,,,,3945.0,1290.0,0.0,0.0,inalcançável para row_entropy_causal
qwen15b-ft-genia,decl-12-decoder-15b-genia,genia,S6,task_verdict,row_entropy_causal,absoluta,0.90,,,não,inalcançável,,,,,,model_confidence,0.9602,,,,3945.0,1290.0,0.0,0.0,inalcançável para row_entropy_causal
qwen15b-ft-genia,decl-12-decoder-15b-genia,genia,S6,task_verdict,row_entropy_causal,absoluta,0.95,,,não,inalcançável,,,,,,model_confidence,inalcançável,,,,3945.0,1290.0,0.0,0.0,inalcançável para row_entropy_causal e model_confidence
qwen15b-ft-genia,decl-12-decoder-15b-genia,genia,S6,task_verdict,row_entropy_causal,vao,0.25,0.8141,,não,inalcançável,,,,,,model_confidence,0.2923,,,,3945.0,1290.0,0.0,0.0,inalcançável para row_entropy_causal
qwen15b-ft-genia,decl-12-decoder-15b-genia,genia,S6,task_verdict,row_entropy_causal,vao,0.50,0.8761,,não,inalcançável,,,,,,model_confidence,0.9196,,,,3945.0,1290.0,0.0,0.0,inalcançável para row_entropy_causal
qwen15b-ft-genia,decl-12-decoder-15b-genia,genia,S6,task_verdict,row_entropy_causal,vao,0.75,0.9380,,não,inalcançável,,,,,,model_confidence,0.9916,,,,3945.0,1290.0,0.0,0.0,inalcançável para row_entropy_causal
qwen15b-ft-genia,decl-12-decoder-15b-genia,genia,S6,task_verdict,row_entropy_causal,vao,0.90,0.9752,,não,inalcançável,,,,,,model_confidence,inalcançável,,,,3945.0,1290.0,0.0,0.0,inalcançável para row_entropy_causal e model_confidence
qwen15b-ft-genia,decl-12-decoder-15b-genia,genia,S8,task_verdict,row_entropy_causal,absoluta,0.70,,,sim,0.0,,,,,,aggseq,0.0,0.0,0.0,0.0,3945.0,1290.0,2000.0,0.0,NÃO DISTINGUE (IC contém zero)
qwen15b-ft-genia,decl-12-decoder-15b-genia,genia,S8,task_verdict,row_entropy_causal,absoluta,0.80,,,não,inalcançável,,,,,,aggseq,0.0971,,,,3945.0,1290.0,0.0,0.0,inalcançável para row_entropy_causal
qwen15b-ft-genia,decl-12-decoder-15b-genia,genia,S8,task_verdict,row_entropy_causal,absoluta,0.90,,,não,inalcançável,,,,,,aggseq,inalcançável,,,,3945.0,1290.0,0.0,0.0,inalcançável para row_entropy_causal e aggseq
qwen15b-ft-genia,decl-12-decoder-15b-genia,genia,S8,task_verdict,row_entropy_causal,absoluta,0.95,,,não,inalcançável,,,,,,aggseq,inalcançável,,,,3945.0,1290.0,0.0,0.0,inalcançável para row_entropy_causal e aggseq
qwen15b-ft-genia,decl-12-decoder-15b-genia,genia,S8,task_verdict,row_entropy_causal,vao,0.25,0.8141,,não,inalcançável,,,,,,aggseq,0.1374,,,,3945.0,1290.0,0.0,0.0,inalcançável para row_entropy_causal
qwen15b-ft-genia,decl-12-decoder-15b-genia,genia,S8,task_verdict,row_entropy_causal,vao,0.50,0.8761,,não,inalcançável,,,,,,aggseq,0.9754,,,,3945.0,1290.0,0.0,0.0,inalcançável para row_entropy_causal
qwen15b-ft-genia,decl-12-decoder-15b-genia,genia,S8,task_verdict,row_entropy_causal,vao,0.75,0.9380,,não,inalcançável,,,,,,aggseq,inalcançável,,,,3945.0,1290.0,0.0,0.0,inalcançável para row_entropy_causal e aggseq
qwen15b-ft-genia,decl-12-decoder-15b-genia,genia,S8,task_verdict,row_entropy_causal,vao,0.90,0.9752,,não,inalcançável,,,,,,aggseq,inalcançável,,,,3945.0,1290.0,0.0,0.0,inalcançável para row_entropy_causal e aggseq
qwen15b-ft-genia,decl-12-decoder-15b-genia,genia,S10,task_verdict,row_max_causal,absoluta,0.70,,,sim,0.0,,,,,,model_confidence,0.0,0.0,0.0,0.0,3945.0,1290.0,2000.0,0.0,NÃO DISTINGUE (IC contém zero)
qwen15b-ft-genia,decl-12-decoder-15b-genia,genia,S10,task_verdict,row_max_causal,absoluta,0.80,,,sim,0.9962,,,,,,model_confidence,0.2124,0.7838,0.6129,0.8416,3945.0,1290.0,1962.0,38.0,row_max_causal EXIGE MAIS revisão
qwen15b-ft-genia,decl-12-decoder-15b-genia,genia,S10,task_verdict,row_max_causal,absoluta,0.90,,,sim,0.999,,,,,,model_confidence,0.9602,0.0388,0.0047,0.1786,3945.0,1290.0,1820.0,180.0,row_max_causal EXIGE MAIS revisão
qwen15b-ft-genia,decl-12-decoder-15b-genia,genia,S10,task_verdict,row_max_causal,absoluta,0.95,,,não,0.999,,,,,,model_confidence,inalcançável,,,,3945.0,1290.0,0.0,0.0,inalcançável para model_confidence
qwen15b-ft-genia,decl-12-decoder-15b-genia,genia,S10,task_verdict,row_max_causal,vao,0.25,0.8141,,sim,0.9965,,,,,,model_confidence,0.2923,0.7042,0.5786,0.7882,3945.0,1290.0,1954.0,46.0,row_max_causal EXIGE MAIS revisão
qwen15b-ft-genia,decl-12-decoder-15b-genia,genia,S10,task_verdict,row_max_causal,vao,0.50,0.8761,,sim,0.999,,,,,,model_confidence,0.9196,0.0793,0.0152,0.4022,3945.0,1290.0,1922.0,78.0,row_max_causal EXIGE MAIS revisão
qwen15b-ft-genia,decl-12-decoder-15b-genia,genia,S10,task_verdict,row_max_causal,vao,0.75,0.9380,,sim,0.999,,,,,,model_confidence,0.9916,0.0074,-0.0005,0.0541,3945.0,1290.0,1255.0,745.0,NÃO DISTINGUE (IC contém zero)
qwen15b-ft-genia,decl-12-decoder-15b-genia,genia,S10,task_verdict,row_max_causal,vao,0.90,0.9752,,não,0.999,,,,,,model_confidence,inalcançável,,,,3945.0,1290.0,0.0,0.0,inalcançável para model_confidence
qwen15b-ft-genia,decl-12-decoder-15b-genia,genia,S12,task_verdict,row_max_causal,absoluta,0.70,,,sim,0.0,,,,,,aggseq,0.0,0.0,0.0,0.0,3945.0,1290.0,2000.0,0.0,NÃO DISTINGUE (IC contém zero)
qwen15b-ft-genia,decl-12-decoder-15b-genia,genia,S12,task_verdict,row_max_causal,absoluta,0.80,,,sim,0.9962,,,,,,aggseq,0.0971,0.8991,0.7172,0.931,3945.0,1290.0,1962.0,38.0,row_max_causal EXIGE MAIS revisão
qwen15b-ft-genia,decl-12-decoder-15b-genia,genia,S12,task_verdict,row_max_causal,absoluta,0.90,,,não,0.999,,,,,,aggseq,inalcançável,,,,3945.0,1290.0,0.0,0.0,inalcançável para aggseq
qwen15b-ft-genia,decl-12-decoder-15b-genia,genia,S12,task_verdict,row_max_causal,absoluta,0.95,,,não,0.999,,,,,,aggseq,inalcançável,,,,3945.0,1290.0,0.0,0.0,inalcançável para aggseq
qwen15b-ft-genia,decl-12-decoder-15b-genia,genia,S12,task_verdict,row_max_causal,vao,0.25,0.8141,,sim,0.9965,,,,,,aggseq,0.1374,0.8591,0.793,0.9011,3945.0,1290.0,1954.0,46.0,row_max_causal EXIGE MAIS revisão
qwen15b-ft-genia,decl-12-decoder-15b-genia,genia,S12,task_verdict,row_max_causal,vao,0.50,0.8761,,sim,0.999,,,,,,aggseq,0.9754,0.0236,-0.001,0.6866,3945.0,1290.0,1766.0,234.0,NÃO DISTINGUE (IC contém zero)
qwen15b-ft-genia,decl-12-decoder-15b-genia,genia,S12,task_verdict,row_max_causal,vao,0.75,0.9380,,não,0.999,,,,,,aggseq,inalcançável,,,,3945.0,1290.0,0.0,0.0,inalcançável para aggseq
qwen15b-ft-genia,decl-12-decoder-15b-genia,genia,S12,task_verdict,row_max_causal,vao,0.90,0.9752,,não,0.999,,,,,,aggseq,inalcançável,,,,3945.0,1290.0,0.0,0.0,inalcançável para aggseq
qwen15b-ft-genia,decl-12-decoder-15b-genia,genia,S14,task_verdict,hidden_norm,absoluta,0.70,,,sim,0.0,,,,,,model_confidence,0.0,0.0,0.0,0.0,3945.0,1290.0,2000.0,0.0,NÃO DISTINGUE (IC contém zero)
qwen15b-ft-genia,decl-12-decoder-15b-genia,genia,S14,task_verdict,hidden_norm,absoluta,0.80,,,sim,0.3574,,,,,,model_confidence,0.2124,0.145,0.0194,0.3374,3945.0,1290.0,2000.0,0.0,hidden_norm EXIGE MAIS revisão
qwen15b-ft-genia,decl-12-decoder-15b-genia,genia,S14,task_verdict,hidden_norm,absoluta,0.90,,,sim,0.9997,,,,,,model_confidence,0.9602,0.0395,-0.0436,0.1603,3945.0,1290.0,1680.0,320.0,NÃO DISTINGUE (IC contém zero)
qwen15b-ft-genia,decl-12-decoder-15b-genia,genia,S14,task_verdict,hidden_norm,absoluta,0.95,,,não,0.9997,,,,,,model_confidence,inalcançável,,,,3945.0,1290.0,0.0,0.0,inalcançável para model_confidence
qwen15b-ft-genia,decl-12-decoder-15b-genia,genia,S14,task_verdict,hidden_norm,vao,0.25,0.8141,,sim,0.5163,,,,,,model_confidence,0.2923,0.2241,0.066,0.5498,3945.0,1290.0,1999.0,1.0,hidden_norm EXIGE MAIS revisão
qwen15b-ft-genia,decl-12-decoder-15b-genia,genia,S14,task_verdict,hidden_norm,vao,0.50,0.8761,,sim,0.961,,,,,,model_confidence,0.9196,0.0413,-0.0488,0.3564,3945.0,1290.0,1883.0,117.0,NÃO DISTINGUE (IC contém zero)
qwen15b-ft-genia,decl-12-decoder-15b-genia,genia,S14,task_verdict,hidden_norm,vao,0.75,0.9380,,sim,0.9997,,,,,,model_confidence,0.9916,0.0081,-0.0239,0.0496,3945.0,1290.0,1038.0,962.0,NÃO DISTINGUE (IC contém zero)
qwen15b-ft-genia,decl-12-decoder-15b-genia,genia,S14,task_verdict,hidden_norm,vao,0.90,0.9752,,não,0.9997,,,,,,model_confidence,inalcançável,,,,3945.0,1290.0,0.0,0.0,inalcançável para model_confidence
qwen15b-ft-genia,decl-12-decoder-15b-genia,genia,S16,task_verdict,hidden_norm,absoluta,0.70,,,sim,0.0,,,,,,aggseq,0.0,0.0,0.0,0.0,3945.0,1290.0,2000.0,0.0,NÃO DISTINGUE (IC contém zero)
qwen15b-ft-genia,decl-12-decoder-15b-genia,genia,S16,task_verdict,hidden_norm,absoluta,0.80,,,sim,0.3574,,,,,,aggseq,0.0971,0.2603,0.1271,0.4961,3945.0,1290.0,2000.0,0.0,hidden_norm EXIGE MAIS revisão
qwen15b-ft-genia,decl-12-decoder-15b-genia,genia,S16,task_verdict,hidden_norm,absoluta,0.90,,,não,0.9997,,,,,,aggseq,inalcançável,,,,3945.0,1290.0,0.0,0.0,inalcançável para aggseq
qwen15b-ft-genia,decl-12-decoder-15b-genia,genia,S16,task_verdict,hidden_norm,absoluta,0.95,,,não,0.9997,,,,,,aggseq,inalcançável,,,,3945.0,1290.0,0.0,0.0,inalcançável para aggseq
qwen15b-ft-genia,decl-12-decoder-15b-genia,genia,S16,task_verdict,hidden_norm,vao,0.25,0.8141,,sim,0.5163,,,,,,aggseq,0.1374,0.379,0.2175,0.719,3945.0,1290.0,1999.0,1.0,hidden_norm EXIGE MAIS revisão
qwen15b-ft-genia,decl-12-decoder-15b-genia,genia,S16,task_verdict,hidden_norm,vao,0.50,0.8761,,sim,0.961,,,,,,aggseq,0.9754,-0.0144,-0.0782,0.6417,3945.0,1290.0,1730.0,270.0,NÃO DISTINGUE (IC contém zero)
qwen15b-ft-genia,decl-12-decoder-15b-genia,genia,S16,task_verdict,hidden_norm,vao,0.75,0.9380,,não,0.9997,,,,,,aggseq,inalcançável,,,,3945.0,1290.0,0.0,0.0,inalcançável para aggseq
qwen15b-ft-genia,decl-12-decoder-15b-genia,genia,S16,task_verdict,hidden_norm,vao,0.90,0.9752,,não,0.9997,,,,,,aggseq,inalcançável,,,,3945.0,1290.0,0.0,0.0,inalcançável para aggseq
qwen15b-ft-genia,decl-12-decoder-15b-genia,genia,S18,task_verdict,hidden_dist_centroide,absoluta,0.70,,,sim,0.0,,,,,,model_confidence,0.0,0.0,0.0,0.0,3945.0,1290.0,2000.0,0.0,NÃO DISTINGUE (IC contém zero)
qwen15b-ft-genia,decl-12-decoder-15b-genia,genia,S18,task_verdict,hidden_dist_centroide,absoluta,0.80,,,não,inalcançável,,,,,,model_confidence,0.2124,,,,3945.0,1290.0,0.0,0.0,inalcançável para hidden_dist_centroide
qwen15b-ft-genia,decl-12-decoder-15b-genia,genia,S18,task_verdict,hidden_dist_centroide,absoluta,0.90,,,não,inalcançável,,,,,,model_confidence,0.9602,,,,3945.0,1290.0,0.0,0.0,inalcançável para hidden_dist_centroide
qwen15b-ft-genia,decl-12-decoder-15b-genia,genia,S18,task_verdict,hidden_dist_centroide,absoluta,0.95,,,não,inalcançável,,,,,,model_confidence,inalcançável,,,,3945.0,1290.0,0.0,0.0,inalcançável para hidden_dist_centroide e model_confidence
qwen15b-ft-genia,decl-12-decoder-15b-genia,genia,S18,task_verdict,hidden_dist_centroide,vao,0.25,0.8141,,não,inalcançável,,,,,,model_confidence,0.2923,,,,3945.0,1290.0,0.0,0.0,inalcançável para hidden_dist_centroide
qwen15b-ft-genia,decl-12-decoder-15b-genia,genia,S18,task_verdict,hidden_dist_centroide,vao,0.50,0.8761,,não,inalcançável,,,,,,model_confidence,0.9196,,,,3945.0,1290.0,0.0,0.0,inalcançável para hidden_dist_centroide
qwen15b-ft-genia,decl-12-decoder-15b-genia,genia,S18,task_verdict,hidden_dist_centroide,vao,0.75,0.9380,,não,inalcançável,,,,,,model_confidence,0.9916,,,,3945.0,1290.0,0.0,0.0,inalcançável para hidden_dist_centroide
qwen15b-ft-genia,decl-12-decoder-15b-genia,genia,S18,task_verdict,hidden_dist_centroide,vao,0.90,0.9752,,não,inalcançável,,,,,,model_confidence,inalcançável,,,,3945.0,1290.0,0.0,0.0,inalcançável para hidden_dist_centroide e model_confidence
qwen15b-ft-genia,decl-12-decoder-15b-genia,genia,S20,task_verdict,hidden_dist_centroide,absoluta,0.70,,,sim,0.0,,,,,,aggseq,0.0,0.0,0.0,0.0,3945.0,1290.0,2000.0,0.0,NÃO DISTINGUE (IC contém zero)
qwen15b-ft-genia,decl-12-decoder-15b-genia,genia,S20,task_verdict,hidden_dist_centroide,absoluta,0.80,,,não,inalcançável,,,,,,aggseq,0.0971,,,,3945.0,1290.0,0.0,0.0,inalcançável para hidden_dist_centroide
qwen15b-ft-genia,decl-12-decoder-15b-genia,genia,S20,task_verdict,hidden_dist_centroide,absoluta,0.90,,,não,inalcançável,,,,,,aggseq,inalcançável,,,,3945.0,1290.0,0.0,0.0,inalcançável para hidden_dist_centroide e aggseq
qwen15b-ft-genia,decl-12-decoder-15b-genia,genia,S20,task_verdict,hidden_dist_centroide,absoluta,0.95,,,não,inalcançável,,,,,,aggseq,inalcançável,,,,3945.0,1290.0,0.0,0.0,inalcançável para hidden_dist_centroide e aggseq
qwen15b-ft-genia,decl-12-decoder-15b-genia,genia,S20,task_verdict,hidden_dist_centroide,vao,0.25,0.8141,,não,inalcançável,,,,,,aggseq,0.1374,,,,3945.0,1290.0,0.0,0.0,inalcançável para hidden_dist_centroide
qwen15b-ft-genia,decl-12-decoder-15b-genia,genia,S20,task_verdict,hidden_dist_centroide,vao,0.50,0.8761,,não,inalcançável,,,,,,aggseq,0.9754,,,,3945.0,1290.0,0.0,0.0,inalcançável para hidden_dist_centroide
qwen15b-ft-genia,decl-12-decoder-15b-genia,genia,S20,task_verdict,hidden_dist_centroide,vao,0.75,0.9380,,não,inalcançável,,,,,,aggseq,inalcançável,,,,3945.0,1290.0,0.0,0.0,inalcançável para hidden_dist_centroide e aggseq
qwen15b-ft-genia,decl-12-decoder-15b-genia,genia,S20,task_verdict,hidden_dist_centroide,vao,0.90,0.9752,,não,inalcançável,,,,,,aggseq,inalcançável,,,,3945.0,1290.0,0.0,0.0,inalcançável para hidden_dist_centroide e aggseq
qwen15b-ft-genia,decl-12-decoder-15b-genia,genia,S22,task_verdict,hidden_delta_camadas,absoluta,0.70,,,sim,0.0,,,,,,model_confidence,0.0,0.0,0.0,0.0,3945.0,1290.0,2000.0,0.0,NÃO DISTINGUE (IC contém zero)
qwen15b-ft-genia,decl-12-decoder-15b-genia,genia,S22,task_verdict,hidden_delta_camadas,absoluta,0.80,,,sim,0.9995,,,,,,model_confidence,0.2124,0.7871,0.6059,0.8436,3945.0,1290.0,1884.0,116.0,hidden_delta_camadas EXIGE MAIS revisão
qwen15b-ft-genia,decl-12-decoder-15b-genia,genia,S22,task_verdict,hidden_delta_camadas,absoluta,0.90,,,sim,0.9995,,,,,,model_confidence,0.9602,0.0393,0.0053,0.1827,3945.0,1290.0,1701.0,299.0,hidden_delta_camadas EXIGE MAIS revisão
qwen15b-ft-genia,decl-12-decoder-15b-genia,genia,S22,task_verdict,hidden_delta_camadas,absoluta,0.95,,,não,0.9995,,,,,,model_confidence,inalcançável,,,,3945.0,1290.0,0.0,0.0,inalcançável para model_confidence
qwen15b-ft-genia,decl-12-decoder-15b-genia,genia,S22,task_verdict,hidden_delta_camadas,vao,0.25,0.8141,,sim,0.9995,,,,,,model_confidence,0.2923,0.7072,0.583,0.7893,3945.0,1290.0,1868.0,132.0,hidden_delta_camadas EXIGE MAIS revisão
qwen15b-ft-genia,decl-12-decoder-15b-genia,genia,S22,task_verdict,hidden_delta_camadas,vao,0.50,0.8761,,sim,0.9995,,,,,,model_confidence,0.9196,0.0798,0.0163,0.4021,3945.0,1290.0,1798.0,202.0,hidden_delta_camadas EXIGE MAIS revisão
qwen15b-ft-genia,decl-12-decoder-15b-genia,genia,S22,task_verdict,hidden_delta_camadas,vao,0.75,0.9380,,sim,0.9995,,,,,,model_confidence,0.9916,0.0079,-0.0002,0.0559,3945.0,1290.0,1177.0,823.0,NÃO DISTINGUE (IC contém zero)
qwen15b-ft-genia,decl-12-decoder-15b-genia,genia,S22,task_verdict,hidden_delta_camadas,vao,0.90,0.9752,,não,0.9995,,,,,,model_confidence,inalcançável,,,,3945.0,1290.0,0.0,0.0,inalcançável para model_confidence
qwen15b-ft-genia,decl-12-decoder-15b-genia,genia,S24,task_verdict,hidden_delta_camadas,absoluta,0.70,,,sim,0.0,,,,,,aggseq,0.0,0.0,0.0,0.0,3945.0,1290.0,2000.0,0.0,NÃO DISTINGUE (IC contém zero)
qwen15b-ft-genia,decl-12-decoder-15b-genia,genia,S24,task_verdict,hidden_delta_camadas,absoluta,0.80,,,sim,0.9995,,,,,,aggseq,0.0971,0.9024,0.7294,0.9317,3945.0,1290.0,1884.0,116.0,hidden_delta_camadas EXIGE MAIS revisão
qwen15b-ft-genia,decl-12-decoder-15b-genia,genia,S24,task_verdict,hidden_delta_camadas,absoluta,0.90,,,não,0.9995,,,,,,aggseq,inalcançável,,,,3945.0,1290.0,0.0,0.0,inalcançável para aggseq
qwen15b-ft-genia,decl-12-decoder-15b-genia,genia,S24,task_verdict,hidden_delta_camadas,absoluta,0.95,,,não,0.9995,,,,,,aggseq,inalcançável,,,,3945.0,1290.0,0.0,0.0,inalcançável para aggseq
qwen15b-ft-genia,decl-12-decoder-15b-genia,genia,S24,task_verdict,hidden_delta_camadas,vao,0.25,0.8141,,sim,0.9995,,,,,,aggseq,0.1374,0.8621,0.796,0.9022,3945.0,1290.0,1868.0,132.0,hidden_delta_camadas EXIGE MAIS revisão
qwen15b-ft-genia,decl-12-decoder-15b-genia,genia,S24,task_verdict,hidden_delta_camadas,vao,0.50,0.8761,,sim,0.9995,,,,,,aggseq,0.9754,0.0241,-0.0002,0.689,3945.0,1290.0,1652.0,348.0,NÃO DISTINGUE (IC contém zero)
qwen15b-ft-genia,decl-12-decoder-15b-genia,genia,S24,task_verdict,hidden_delta_camadas,vao,0.75,0.9380,,não,0.9995,,,,,,aggseq,inalcançável,,,,3945.0,1290.0,0.0,0.0,inalcançável para aggseq
qwen15b-ft-genia,decl-12-decoder-15b-genia,genia,S24,task_verdict,hidden_delta_camadas,vao,0.90,0.9752,,não,0.9995,,,,,,aggseq,inalcançável,,,,3945.0,1290.0,0.0,0.0,inalcançável para aggseq
qwen15b-ft-genia,decl-12-decoder-15b-genia,genia,E26,task_verdict,sonda_ocultos,absoluta,0.70,,,sim,0.0,,,,,,model_confidence,0.0,0.0,0.0,0.0,3945.0,1290.0,2000.0,0.0,NÃO DISTINGUE (IC contém zero)
qwen15b-ft-genia,decl-12-decoder-15b-genia,genia,E26,task_verdict,sonda_ocultos,absoluta,0.80,,,sim,0.143,,,,,,model_confidence,0.2124,-0.0695,-0.1301,-0.0304,3945.0,1290.0,2000.0,0.0,sonda_ocultos EXIGE MENOS revisão
qwen15b-ft-genia,decl-12-decoder-15b-genia,genia,E26,task_verdict,sonda_ocultos,absoluta,0.90,,,sim,0.8499,,,,,,model_confidence,0.9602,-0.1103,-0.2549,0.0692,3945.0,1290.0,1854.0,146.0,NÃO DISTINGUE (IC contém zero)
qwen15b-ft-genia,decl-12-decoder-15b-genia,genia,E26,task_verdict,sonda_ocultos,absoluta,0.95,,,não,0.9997,,,,,,model_confidence,inalcançável,,,,3945.0,1290.0,0.0,0.0,inalcançável para model_confidence
qwen15b-ft-genia,decl-12-decoder-15b-genia,genia,E26,task_verdict,sonda_ocultos,vao,0.25,0.8141,,sim,0.2056,,,,,,model_confidence,0.2923,-0.0867,-0.1708,-0.0292,3945.0,1290.0,2000.0,0.0,sonda_ocultos EXIGE MENOS revisão
qwen15b-ft-genia,decl-12-decoder-15b-genia,genia,E26,task_verdict,sonda_ocultos,vao,0.50,0.8761,,sim,0.6005,,,,,,model_confidence,0.9196,-0.3191,-0.4578,0.0839,3945.0,1290.0,1982.0,18.0,NÃO DISTINGUE (IC contém zero)
qwen15b-ft-genia,decl-12-decoder-15b-genia,genia,E26,task_verdict,sonda_ocultos,vao,0.75,0.9380,,sim,0.9997,,,,,,model_confidence,0.9916,0.0081,-0.0634,0.051,3945.0,1290.0,1076.0,924.0,NÃO DISTINGUE (IC contém zero)
qwen15b-ft-genia,decl-12-decoder-15b-genia,genia,E26,task_verdict,sonda_ocultos,vao,0.90,0.9752,,não,0.9997,,,,,,model_confidence,inalcançável,,,,3945.0,1290.0,0.0,0.0,inalcançável para model_confidence
qwen15b-ft-genia,decl-12-decoder-15b-genia,genia,E28,task_verdict,sonda_ocultos,absoluta,0.70,,,sim,0.0,,,,,,aggseq,0.0,0.0,0.0,0.0,3945.0,1290.0,2000.0,0.0,NÃO DISTINGUE (IC contém zero)
qwen15b-ft-genia,decl-12-decoder-15b-genia,genia,E28,task_verdict,sonda_ocultos,absoluta,0.80,,,sim,0.143,,,,,,aggseq,0.0971,0.0459,0.0201,0.0863,3945.0,1290.0,2000.0,0.0,sonda_ocultos EXIGE MAIS revisão
qwen15b-ft-genia,decl-12-decoder-15b-genia,genia,E28,task_verdict,sonda_ocultos,absoluta,0.90,,,não,0.8499,,,,,,aggseq,inalcançável,,,,3945.0,1290.0,0.0,0.0,inalcançável para aggseq
qwen15b-ft-genia,decl-12-decoder-15b-genia,genia,E28,task_verdict,sonda_ocultos,absoluta,0.95,,,não,0.9997,,,,,,aggseq,inalcançável,,,,3945.0,1290.0,0.0,0.0,inalcançável para aggseq
qwen15b-ft-genia,decl-12-decoder-15b-genia,genia,E28,task_verdict,sonda_ocultos,vao,0.25,0.8141,,sim,0.2056,,,,,,aggseq,0.1374,0.0682,0.0309,0.1252,3945.0,1290.0,2000.0,0.0,sonda_ocultos EXIGE MAIS revisão
qwen15b-ft-genia,decl-12-decoder-15b-genia,genia,E28,task_verdict,sonda_ocultos,vao,0.50,0.8761,,sim,0.6005,,,,,,aggseq,0.9754,-0.3749,-0.4956,0.3681,3945.0,1290.0,1819.0,181.0,NÃO DISTINGUE (IC contém zero)
qwen15b-ft-genia,decl-12-decoder-15b-genia,genia,E28,task_verdict,sonda_ocultos,vao,0.75,0.9380,,não,0.9997,,,,,,aggseq,inalcançável,,,,3945.0,1290.0,0.0,0.0,inalcançável para aggseq
qwen15b-ft-genia,decl-12-decoder-15b-genia,genia,E28,task_verdict,sonda_ocultos,vao,0.90,0.9752,,não,0.9997,,,,,,aggseq,inalcançável,,,,3945.0,1290.0,0.0,0.0,inalcançável para aggseq
qwen15b-ft-genia,decl-12-decoder-15b-genia,genia,E30,task_verdict,sonda_atencao_cabecas,absoluta,0.70,,,sim,0.0,,,,,,model_confidence,0.0,0.0,0.0,0.0,3945.0,1290.0,2000.0,0.0,NÃO DISTINGUE (IC contém zero)
qwen15b-ft-genia,decl-12-decoder-15b-genia,genia,E30,task_verdict,sonda_atencao_cabecas,absoluta,0.80,,,sim,0.2137,,,,,,model_confidence,0.2124,0.0013,-0.0727,0.0851,3945.0,1290.0,2000.0,0.0,NÃO DISTINGUE (IC contém zero)
qwen15b-ft-genia,decl-12-decoder-15b-genia,genia,E30,task_verdict,sonda_atencao_cabecas,absoluta,0.90,,,sim,0.9219,,,,,,model_confidence,0.9602,-0.0383,-0.1265,0.0958,3945.0,1290.0,1877.0,123.0,NÃO DISTINGUE (IC contém zero)
qwen15b-ft-genia,decl-12-decoder-15b-genia,genia,E30,task_verdict,sonda_atencao_cabecas,absoluta,0.95,,,não,0.9878,,,,,,model_confidence,inalcançável,,,,3945.0,1290.0,0.0,0.0,inalcançável para model_confidence
qwen15b-ft-genia,decl-12-decoder-15b-genia,genia,E30,task_verdict,sonda_atencao_cabecas,vao,0.25,0.8141,,sim,0.3303,,,,,,model_confidence,0.2923,0.038,-0.074,0.0972,3945.0,1290.0,2000.0,0.0,NÃO DISTINGUE (IC contém zero)
qwen15b-ft-genia,decl-12-decoder-15b-genia,genia,E30,task_verdict,sonda_atencao_cabecas,vao,0.50,0.8761,,sim,0.8545,,,,,,model_confidence,0.9196,-0.0651,-0.2063,0.2597,3945.0,1290.0,1982.0,18.0,NÃO DISTINGUE (IC contém zero)
qwen15b-ft-genia,decl-12-decoder-15b-genia,genia,E30,task_verdict,sonda_atencao_cabecas,vao,0.75,0.9380,,sim,0.9876,,,,,,model_confidence,0.9916,-0.0041,-0.0647,0.041,3945.0,1290.0,1298.0,702.0,NÃO DISTINGUE (IC contém zero)
qwen15b-ft-genia,decl-12-decoder-15b-genia,genia,E30,task_verdict,sonda_atencao_cabecas,vao,0.90,0.9752,,não,0.9985,,,,,,model_confidence,inalcançável,,,,3945.0,1290.0,0.0,0.0,inalcançável para model_confidence
qwen15b-ft-genia,decl-12-decoder-15b-genia,genia,E32,task_verdict,sonda_atencao_cabecas,absoluta,0.70,,,sim,0.0,,,,,,aggseq,0.0,0.0,0.0,0.0,3945.0,1290.0,2000.0,0.0,NÃO DISTINGUE (IC contém zero)
qwen15b-ft-genia,decl-12-decoder-15b-genia,genia,E32,task_verdict,sonda_atencao_cabecas,absoluta,0.80,,,sim,0.2137,,,,,,aggseq,0.0971,0.1166,0.0638,0.2122,3945.0,1290.0,2000.0,0.0,sonda_atencao_cabecas EXIGE MAIS revisão
qwen15b-ft-genia,decl-12-decoder-15b-genia,genia,E32,task_verdict,sonda_atencao_cabecas,absoluta,0.90,,,não,0.9219,,,,,,aggseq,inalcançável,,,,3945.0,1290.0,0.0,0.0,inalcançável para aggseq
qwen15b-ft-genia,decl-12-decoder-15b-genia,genia,E32,task_verdict,sonda_atencao_cabecas,absoluta,0.95,,,não,0.9878,,,,,,aggseq,inalcançável,,,,3945.0,1290.0,0.0,0.0,inalcançável para aggseq
qwen15b-ft-genia,decl-12-decoder-15b-genia,genia,E32,task_verdict,sonda_atencao_cabecas,vao,0.25,0.8141,,sim,0.3303,,,,,,aggseq,0.1374,0.1929,0.0947,0.2488,3945.0,1290.0,2000.0,0.0,sonda_atencao_cabecas EXIGE MAIS revisão
qwen15b-ft-genia,decl-12-decoder-15b-genia,genia,E32,task_verdict,sonda_atencao_cabecas,vao,0.50,0.8761,,sim,0.8545,,,,,,aggseq,0.9754,-0.1209,-0.2583,0.5476,3945.0,1290.0,1819.0,181.0,NÃO DISTINGUE (IC contém zero)
qwen15b-ft-genia,decl-12-decoder-15b-genia,genia,E32,task_verdict,sonda_atencao_cabecas,vao,0.75,0.9380,,não,0.9876,,,,,,aggseq,inalcançável,,,,3945.0,1290.0,0.0,0.0,inalcançável para aggseq
qwen15b-ft-genia,decl-12-decoder-15b-genia,genia,E32,task_verdict,sonda_atencao_cabecas,vao,0.90,0.9752,,não,0.9985,,,,,,aggseq,inalcançável,,,,3945.0,1290.0,0.0,0.0,inalcançável para aggseq
qwen15b-ft-genia,adenda-01,genia,T1,descriptive,(sem supervisor),—,—,,0.0,sim,0.0,1.0,0.7503,0.5376,0.6264,3945.0,,,,,,,,,,
qwen15b-ft-genia,adenda-01,genia,T1,descriptive,span_size,absoluta,0.70,,0.0,sim,0.0,1.0,0.7503,0.5376,0.6264,3945.0,,,,,,,,,,
qwen15b-ft-genia,adenda-01,genia,T1,descriptive,span_size,absoluta,0.80,,,não,inalcançável,,,,,0.0,,,,,,,,,,
qwen15b-ft-genia,adenda-01,genia,T1,descriptive,span_size,absoluta,0.90,,,não,inalcançável,,,,,0.0,,,,,,,,,,
qwen15b-ft-genia,adenda-01,genia,T1,descriptive,span_size,absoluta,0.95,,,não,inalcançável,,,,,0.0,,,,,,,,,,
qwen15b-ft-genia,adenda-01,genia,T1,descriptive,span_size,vao,0.25,0.8141,,não,inalcançável,,,,,0.0,,,,,,,,,,
qwen15b-ft-genia,adenda-01,genia,T1,descriptive,span_size,vao,0.50,0.8761,,não,inalcançável,,,,,0.0,,,,,,,,,,
qwen15b-ft-genia,adenda-01,genia,T1,descriptive,span_size,vao,0.75,0.9380,,não,inalcançável,,,,,0.0,,,,,,,,,,
qwen15b-ft-genia,adenda-01,genia,T1,descriptive,span_size,vao,0.90,0.9752,,não,inalcançável,,,,,0.0,,,,,,,,,,
qwen15b-ft-genia,adenda-01,genia,T1,descriptive,geometric_fraction,absoluta,0.70,,0.0,sim,0.0,1.0,0.7503,0.5376,0.6264,3945.0,,,,,,,,,,
qwen15b-ft-genia,adenda-01,genia,T1,descriptive,geometric_fraction,absoluta,0.80,,0.2225,sim,0.9569,0.0431,0.8059,0.0249,0.0483,170.0,,,,,,,,,,
qwen15b-ft-genia,adenda-01,genia,T1,descriptive,geometric_fraction,absoluta,0.90,,0.733,sim,0.9962,0.0038,0.9333,0.0025,0.0051,15.0,,,,,,,,,,
qwen15b-ft-genia,adenda-01,genia,T1,descriptive,geometric_fraction,absoluta,0.95,,1.0,sim,0.9965,0.0035,1.0,0.0025,0.0051,14.0,,,,,,,,,,
qwen15b-ft-genia,adenda-01,genia,T1,descriptive,geometric_fraction,vao,0.25,0.8141,0.2848,sim,0.9858,0.0142,0.8214,0.0084,0.0165,56.0,,,,,,,,,,
qwen15b-ft-genia,adenda-01,genia,T1,descriptive,geometric_fraction,vao,0.50,0.8761,0.733,sim,0.9962,0.0038,0.9333,0.0025,0.0051,15.0,,,,,,,,,,
qwen15b-ft-genia,adenda-01,genia,T1,descriptive,geometric_fraction,vao,0.75,0.9380,1.0,sim,0.9965,0.0035,1.0,0.0025,0.0051,14.0,,,,,,,,,,
qwen15b-ft-genia,adenda-01,genia,T1,descriptive,geometric_fraction,vao,0.90,0.9752,1.0,sim,0.9965,0.0035,1.0,0.0025,0.0051,14.0,,,,,,,,,,
qwen15b-ft-genia,adenda-01,genia,T1,descriptive,sentence_length,absoluta,0.70,,0.0,sim,0.0,1.0,0.7503,0.5376,0.6264,3945.0,,,,,,,,,,
qwen15b-ft-genia,adenda-01,genia,T1,descriptive,sentence_length,absoluta,0.80,,,não,inalcançável,,,,,0.0,,,,,,,,,,
qwen15b-ft-genia,adenda-01,genia,T1,descriptive,sentence_length,absoluta,0.90,,,não,inalcançável,,,,,0.0,,,,,,,,,,
qwen15b-ft-genia,adenda-01,genia,T1,descriptive,sentence_length,absoluta,0.95,,,não,inalcançável,,,,,0.0,,,,,,,,,,
qwen15b-ft-genia,adenda-01,genia,T1,descriptive,sentence_length,vao,0.25,0.8141,,não,inalcançável,,,,,0.0,,,,,,,,,,
qwen15b-ft-genia,adenda-01,genia,T1,descriptive,sentence_length,vao,0.50,0.8761,,não,inalcançável,,,,,0.0,,,,,,,,,,
qwen15b-ft-genia,adenda-01,genia,T1,descriptive,sentence_length,vao,0.75,0.9380,,não,inalcançável,,,,,0.0,,,,,,,,,,
qwen15b-ft-genia,adenda-01,genia,T1,descriptive,sentence_length,vao,0.90,0.9752,,não,inalcançável,,,,,0.0,,,,,,,,,,
qwen15b-ft-genia,adenda-01,genia,T1,descriptive,row_entropy_causal,absoluta,0.70,,0.0,sim,0.0,1.0,0.7503,0.5376,0.6264,3945.0,,,,,,,,,,
qwen15b-ft-genia,adenda-01,genia,T1,descriptive,row_entropy_causal,absoluta,0.80,,,não,inalcançável,,,,,0.0,,,,,,,,,,
qwen15b-ft-genia,adenda-01,genia,T1,descriptive,row_entropy_causal,absoluta,0.90,,,não,inalcançável,,,,,0.0,,,,,,,,,,
qwen15b-ft-genia,adenda-01,genia,T1,descriptive,row_entropy_causal,absoluta,0.95,,,não,inalcançável,,,,,0.0,,,,,,,,,,
qwen15b-ft-genia,adenda-01,genia,T1,descriptive,row_entropy_causal,vao,0.25,0.8141,,não,inalcançável,,,,,0.0,,,,,,,,,,
qwen15b-ft-genia,adenda-01,genia,T1,descriptive,row_entropy_causal,vao,0.50,0.8761,,não,inalcançável,,,,,0.0,,,,,,,,,,
qwen15b-ft-genia,adenda-01,genia,T1,descriptive,row_entropy_causal,vao,0.75,0.9380,,não,inalcançável,,,,,0.0,,,,,,,,,,
qwen15b-ft-genia,adenda-01,genia,T1,descriptive,row_entropy_causal,vao,0.90,0.9752,,não,inalcançável,,,,,0.0,,,,,,,,,,
qwen15b-ft-genia,adenda-01,genia,T1,descriptive,row_max_causal,absoluta,0.70,,0.0,sim,0.0,1.0,0.7503,0.5376,0.6264,3945.0,,,,,,,,,,
qwen15b-ft-genia,adenda-01,genia,T1,descriptive,row_max_causal,absoluta,0.80,,0.199,sim,0.9962,0.0038,0.8,0.0022,0.0043,15.0,,,,,,,,,,
qwen15b-ft-genia,adenda-01,genia,T1,descriptive,row_max_causal,absoluta,0.90,,1.0,sim,0.999,0.001,1.0,0.0007,0.0015,4.0,,,,,,,,,,
qwen15b-ft-genia,adenda-01,genia,T1,descriptive,row_max_causal,absoluta,0.95,,1.0,sim,0.999,0.001,1.0,0.0007,0.0015,4.0,,,,,,,,,,
qwen15b-ft-genia,adenda-01,genia,T1,descriptive,row_max_causal,vao,0.25,0.8141,0.4278,sim,0.9965,0.0035,0.8571,0.0022,0.0043,14.0,,,,,,,,,,
qwen15b-ft-genia,adenda-01,genia,T1,descriptive,row_max_causal,vao,0.50,0.8761,1.0,sim,0.999,0.001,1.0,0.0007,0.0015,4.0,,,,,,,,,,
qwen15b-ft-genia,adenda-01,genia,T1,descriptive,row_max_causal,vao,0.75,0.9380,1.0,sim,0.999,0.001,1.0,0.0007,0.0015,4.0,,,,,,,,,,
qwen15b-ft-genia,adenda-01,genia,T1,descriptive,row_max_causal,vao,0.90,0.9752,1.0,sim,0.999,0.001,1.0,0.0007,0.0015,4.0,,,,,,,,,,
qwen15b-ft-genia,adenda-01,genia,T1,descriptive,hidden_norm,absoluta,0.70,,0.0,sim,0.0,1.0,0.7503,0.5376,0.6264,3945.0,,,,,,,,,,
qwen15b-ft-genia,adenda-01,genia,T1,descriptive,hidden_norm,absoluta,0.80,,0.199,sim,0.3574,0.6426,0.8,0.3683,0.5044,2535.0,,,,,,,,,,
qwen15b-ft-genia,adenda-01,genia,T1,descriptive,hidden_norm,absoluta,0.90,,1.0,sim,0.9997,0.0003,1.0,0.0002,0.0004,1.0,,,,,,,,,,
qwen15b-ft-genia,adenda-01,genia,T1,descriptive,hidden_norm,absoluta,0.95,,1.0,sim,0.9997,0.0003,1.0,0.0002,0.0004,1.0,,,,,,,,,,
qwen15b-ft-genia,adenda-01,genia,T1,descriptive,hidden_norm,vao,0.25,0.8141,0.2569,sim,0.5163,0.4837,0.8145,0.2822,0.4192,1908.0,,,,,,,,,,
qwen15b-ft-genia,adenda-01,genia,T1,descriptive,hidden_norm,vao,0.50,0.8761,0.5059,sim,0.961,0.039,0.8766,0.0245,0.0477,154.0,,,,,,,,,,
qwen15b-ft-genia,adenda-01,genia,T1,descriptive,hidden_norm,vao,0.75,0.9380,1.0,sim,0.9997,0.0003,1.0,0.0002,0.0004,1.0,,,,,,,,,,
qwen15b-ft-genia,adenda-01,genia,T1,descriptive,hidden_norm,vao,0.90,0.9752,1.0,sim,0.9997,0.0003,1.0,0.0002,0.0004,1.0,,,,,,,,,,
qwen15b-ft-genia,adenda-01,genia,T1,descriptive,hidden_dist_centroide,absoluta,0.70,,0.0,sim,0.0,1.0,0.7503,0.5376,0.6264,3945.0,,,,,,,,,,
qwen15b-ft-genia,adenda-01,genia,T1,descriptive,hidden_dist_centroide,absoluta,0.80,,,não,inalcançável,,,,,0.0,,,,,,,,,,
qwen15b-ft-genia,adenda-01,genia,T1,descriptive,hidden_dist_centroide,absoluta,0.90,,,não,inalcançável,,,,,0.0,,,,,,,,,,
qwen15b-ft-genia,adenda-01,genia,T1,descriptive,hidden_dist_centroide,absoluta,0.95,,,não,inalcançável,,,,,0.0,,,,,,,,,,
qwen15b-ft-genia,adenda-01,genia,T1,descriptive,hidden_dist_centroide,vao,0.25,0.8141,,não,inalcançável,,,,,0.0,,,,,,,,,,
qwen15b-ft-genia,adenda-01,genia,T1,descriptive,hidden_dist_centroide,vao,0.50,0.8761,,não,inalcançável,,,,,0.0,,,,,,,,,,
qwen15b-ft-genia,adenda-01,genia,T1,descriptive,hidden_dist_centroide,vao,0.75,0.9380,,não,inalcançável,,,,,0.0,,,,,,,,,,
qwen15b-ft-genia,adenda-01,genia,T1,descriptive,hidden_dist_centroide,vao,0.90,0.9752,,não,inalcançável,,,,,0.0,,,,,,,,,,
qwen15b-ft-genia,adenda-01,genia,T1,descriptive,hidden_delta_camadas,absoluta,0.70,,0.0,sim,0.0,1.0,0.7503,0.5376,0.6264,3945.0,,,,,,,,,,
qwen15b-ft-genia,adenda-01,genia,T1,descriptive,hidden_delta_camadas,absoluta,0.80,,1.0,sim,0.9995,0.0005,1.0,0.0004,0.0007,2.0,,,,,,,,,,
qwen15b-ft-genia,adenda-01,genia,T1,descriptive,hidden_delta_camadas,absoluta,0.90,,1.0,sim,0.9995,0.0005,1.0,0.0004,0.0007,2.0,,,,,,,,,,
qwen15b-ft-genia,adenda-01,genia,T1,descriptive,hidden_delta_camadas,absoluta,0.95,,1.0,sim,0.9995,0.0005,1.0,0.0004,0.0007,2.0,,,,,,,,,,
qwen15b-ft-genia,adenda-01,genia,T1,descriptive,hidden_delta_camadas,vao,0.25,0.8141,1.0,sim,0.9995,0.0005,1.0,0.0004,0.0007,2.0,,,,,,,,,,
qwen15b-ft-genia,adenda-01,genia,T1,descriptive,hidden_delta_camadas,vao,0.50,0.8761,1.0,sim,0.9995,0.0005,1.0,0.0004,0.0007,2.0,,,,,,,,,,
qwen15b-ft-genia,adenda-01,genia,T1,descriptive,hidden_delta_camadas,vao,0.75,0.9380,1.0,sim,0.9995,0.0005,1.0,0.0004,0.0007,2.0,,,,,,,,,,
qwen15b-ft-genia,adenda-01,genia,T1,descriptive,hidden_delta_camadas,vao,0.90,0.9752,1.0,sim,0.9995,0.0005,1.0,0.0004,0.0007,2.0,,,,,,,,,,
qwen15b-ft-genia,adenda-01,genia,T1,descriptive,sonda_ocultos,absoluta,0.70,,0.0,sim,0.0,1.0,0.7503,0.5376,0.6264,3945.0,,,,,,,,,,
qwen15b-ft-genia,adenda-01,genia,T1,descriptive,sonda_ocultos,absoluta,0.80,,0.1992,sim,0.143,0.857,0.8001,0.4913,0.6088,3381.0,,,,,,,,,,
qwen15b-ft-genia,adenda-01,genia,T1,descriptive,sonda_ocultos,absoluta,0.90,,0.6008,sim,0.8499,0.1501,0.9003,0.0968,0.1748,592.0,,,,,,,,,,
qwen15b-ft-genia,adenda-01,genia,T1,descriptive,sonda_ocultos,absoluta,0.95,,1.0,sim,0.9997,0.0003,1.0,0.0002,0.0004,1.0,,,,,,,,,,
qwen15b-ft-genia,adenda-01,genia,T1,descriptive,sonda_ocultos,vao,0.25,0.8141,0.2562,sim,0.2056,0.7944,0.8143,0.4635,0.5907,3134.0,,,,,,,,,,
qwen15b-ft-genia,adenda-01,genia,T1,descriptive,sonda_ocultos,vao,0.50,0.8761,0.5044,sim,0.6005,0.3995,0.8763,0.2508,0.39,1576.0,,,,,,,,,,
qwen15b-ft-genia,adenda-01,genia,T1,descriptive,sonda_ocultos,vao,0.75,0.9380,1.0,sim,0.9997,0.0003,1.0,0.0002,0.0004,1.0,,,,,,,,,,
qwen15b-ft-genia,adenda-01,genia,T1,descriptive,sonda_ocultos,vao,0.90,0.9752,1.0,sim,0.9997,0.0003,1.0,0.0002,0.0004,1.0,,,,,,,,,,
qwen15b-ft-genia,adenda-01,genia,T1,descriptive,sonda_atencao_cabecas,absoluta,0.70,,0.0,sim,0.0,1.0,0.7503,0.5376,0.6264,3945.0,,,,,,,,,,
qwen15b-ft-genia,adenda-01,genia,T1,descriptive,sonda_atencao_cabecas,absoluta,0.80,,0.1995,sim,0.2137,0.7863,0.8001,0.4508,0.5767,3102.0,,,,,,,,,,
qwen15b-ft-genia,adenda-01,genia,T1,descriptive,sonda_atencao_cabecas,absoluta,0.90,,0.6099,sim,0.9219,0.0781,0.9026,0.0505,0.0956,308.0,,,,,,,,,,
qwen15b-ft-genia,adenda-01,genia,T1,descriptive,sonda_atencao_cabecas,absoluta,0.95,,0.8331,sim,0.9878,0.0122,0.9583,0.0084,0.0166,48.0,,,,,,,,,,
qwen15b-ft-genia,adenda-01,genia,T1,descriptive,sonda_atencao_cabecas,vao,0.25,0.8141,0.2557,sim,0.3303,0.6697,0.8142,0.3907,0.528,2642.0,,,,,,,,,,
qwen15b-ft-genia,adenda-01,genia,T1,descriptive,sonda_atencao_cabecas,vao,0.50,0.8761,0.5046,sim,0.8545,0.1455,0.8763,0.0914,0.1655,574.0,,,,,,,,,,
qwen15b-ft-genia,adenda-01,genia,T1,descriptive,sonda_atencao_cabecas,vao,0.75,0.9380,0.7548,sim,0.9876,0.0124,0.9388,0.0084,0.0166,49.0,,,,,,,,,,
qwen15b-ft-genia,adenda-01,genia,T1,descriptive,sonda_atencao_cabecas,vao,0.90,0.9752,1.0,sim,0.9985,0.0015,1.0,0.0011,0.0022,6.0,,,,,,,,,,
qwen15b-ft-genia,adenda-01,genia,T1,descriptive,span_mass,absoluta,0.70,,0.0,sim,0.0,1.0,0.7503,0.5376,0.6264,3945.0,,,,,,,,,,
qwen15b-ft-genia,adenda-01,genia,T1,descriptive,span_mass,absoluta,0.80,,,não,inalcançável,,,,,0.0,,,,,,,,,,
qwen15b-ft-genia,adenda-01,genia,T1,descriptive,span_mass,absoluta,0.90,,,não,inalcançável,,,,,0.0,,,,,,,,,,
qwen15b-ft-genia,adenda-01,genia,T1,descriptive,span_mass,absoluta,0.95,,,não,inalcançável,,,,,0.0,,,,,,,,,,
qwen15b-ft-genia,adenda-01,genia,T1,descriptive,span_mass,vao,0.25,0.8141,,não,inalcançável,,,,,0.0,,,,,,,,,,
qwen15b-ft-genia,adenda-01,genia,T1,descriptive,span_mass,vao,0.50,0.8761,,não,inalcançável,,,,,0.0,,,,,,,,,,
qwen15b-ft-genia,adenda-01,genia,T1,descriptive,span_mass,vao,0.75,0.9380,,não,inalcançável,,,,,0.0,,,,,,,,,,
qwen15b-ft-genia,adenda-01,genia,T1,descriptive,span_mass,vao,0.90,0.9752,,não,inalcançável,,,,,0.0,,,,,,,,,,
qwen15b-ft-genia,adenda-01,genia,T1,descriptive,model_confidence,absoluta,0.70,,0.0,sim,0.0,1.0,0.7503,0.5376,0.6264,3945.0,,,,,,,,,,
qwen15b-ft-genia,adenda-01,genia,T1,descriptive,model_confidence,absoluta,0.80,,0.1995,sim,0.2124,0.7876,0.8001,0.4515,0.5773,3107.0,,,,,,,,,,
qwen15b-ft-genia,adenda-01,genia,T1,descriptive,model_confidence,absoluta,0.90,,0.6173,sim,0.9602,0.0398,0.9045,0.0258,0.0502,157.0,,,,,,,,,,
qwen15b-ft-genia,adenda-01,genia,T1,descriptive,model_confidence,absoluta,0.95,,,não,inalcançável,,,,,0.0,,,,,,,,,,
qwen15b-ft-genia,adenda-01,genia,T1,descriptive,model_confidence,vao,0.25,0.8141,0.2555,sim,0.2923,0.7077,0.8141,0.4128,0.5478,2792.0,,,,,,,,,,
qwen15b-ft-genia,adenda-01,genia,T1,descriptive,model_confidence,vao,0.50,0.8761,0.5073,sim,0.9196,0.0804,0.877,0.0505,0.0955,317.0,,,,,,,,,,
qwen15b-ft-genia,adenda-01,genia,T1,descriptive,model_confidence,vao,0.75,0.9380,0.7573,sim,0.9916,0.0084,0.9394,0.0056,0.0112,33.0,,,,,,,,,,
qwen15b-ft-genia,adenda-01,genia,T1,descriptive,model_confidence,vao,0.90,0.9752,,não,inalcançável,,,,,0.0,,,,,,,,,,
qwen15b-ft-genia,adenda-01,genia,AD1-R-sonda_ocultos,task_verdict,sonda_ocultos,absoluta,0.70,,,sim,0.0,,,,,,base_treinada,0.0,0.0,0.0,0.0,3945.0,1290.0,2000.0,0.0,NÃO DISTINGUE (IC contém zero)
qwen15b-ft-genia,adenda-01,genia,AD1-R-sonda_ocultos,task_verdict,sonda_ocultos,absoluta,0.80,,,sim,0.143,,,,,,base_treinada,0.3262,-0.1833,-0.4088,-0.0545,3945.0,1290.0,2000.0,0.0,sonda_ocultos EXIGE MENOS revisão
qwen15b-ft-genia,adenda-01,genia,AD1-R-sonda_ocultos,task_verdict,sonda_ocultos,absoluta,0.90,,,não,0.8499,,,,,,base_treinada,inalcançável,,,,3945.0,1290.0,0.0,0.0,inalcançável para base_treinada
qwen15b-ft-genia,adenda-01,genia,AD1-R-sonda_ocultos,task_verdict,sonda_ocultos,absoluta,0.95,,,não,0.9997,,,,,,base_treinada,inalcançável,,,,3945.0,1290.0,0.0,0.0,inalcançável para base_treinada
qwen15b-ft-genia,adenda-01,genia,AD1-R-sonda_ocultos,task_verdict,sonda_ocultos,vao,0.25,0.8141,,sim,0.2056,,,,,,base_treinada,0.5262,-0.3207,-0.4573,-0.1283,3945.0,1290.0,2000.0,0.0,sonda_ocultos EXIGE MENOS revisão
qwen15b-ft-genia,adenda-01,genia,AD1-R-sonda_ocultos,task_verdict,sonda_ocultos,vao,0.50,0.8761,,sim,0.6005,,,,,,base_treinada,0.9156,-0.3151,-0.4704,-0.0636,3945.0,1290.0,1815.0,185.0,sonda_ocultos EXIGE MENOS revisão
qwen15b-ft-genia,adenda-01,genia,AD1-R-sonda_ocultos,task_verdict,sonda_ocultos,vao,0.75,0.9380,,não,0.9997,,,,,,base_treinada,inalcançável,,,,3945.0,1290.0,0.0,0.0,inalcançável para base_treinada
qwen15b-ft-genia,adenda-01,genia,AD1-R-sonda_ocultos,task_verdict,sonda_ocultos,vao,0.90,0.9752,,não,0.9997,,,,,,base_treinada,inalcançável,,,,3945.0,1290.0,0.0,0.0,inalcançável para base_treinada
qwen15b-ft-genia,adenda-01,genia,AD1-R-sonda_atencao_cabecas,task_verdict,sonda_atencao_cabecas,absoluta,0.70,,,sim,0.0,,,,,,base_treinada,0.0,0.0,0.0,0.0,3945.0,1290.0,2000.0,0.0,NÃO DISTINGUE (IC contém zero)
qwen15b-ft-genia,adenda-01,genia,AD1-R-sonda_atencao_cabecas,task_verdict,sonda_atencao_cabecas,absoluta,0.80,,,sim,0.2137,,,,,,base_treinada,0.3262,-0.1125,-0.314,0.0054,3945.0,1290.0,2000.0,0.0,NÃO DISTINGUE (IC contém zero)
qwen15b-ft-genia,adenda-01,genia,AD1-R-sonda_atencao_cabecas,task_verdict,sonda_atencao_cabecas,absoluta,0.90,,,não,0.9219,,,,,,base_treinada,inalcançável,,,,3945.0,1290.0,0.0,0.0,inalcançável para base_treinada
qwen15b-ft-genia,adenda-01,genia,AD1-R-sonda_atencao_cabecas,task_verdict,sonda_atencao_cabecas,absoluta,0.95,,,não,0.9878,,,,,,base_treinada,inalcançável,,,,3945.0,1290.0,0.0,0.0,inalcançável para base_treinada
qwen15b-ft-genia,adenda-01,genia,AD1-R-sonda_atencao_cabecas,task_verdict,sonda_atencao_cabecas,vao,0.25,0.8141,,sim,0.3303,,,,,,base_treinada,0.5262,-0.1959,-0.3428,-0.0139,3945.0,1290.0,2000.0,0.0,sonda_atencao_cabecas EXIGE MENOS revisão
qwen15b-ft-genia,adenda-01,genia,AD1-R-sonda_atencao_cabecas,task_verdict,sonda_atencao_cabecas,vao,0.50,0.8761,,sim,0.8545,,,,,,base_treinada,0.9156,-0.0611,-0.2679,0.0808,3945.0,1290.0,1815.0,185.0,NÃO DISTINGUE (IC contém zero)
qwen15b-ft-genia,adenda-01,genia,AD1-R-sonda_atencao_cabecas,task_verdict,sonda_atencao_cabecas,vao,0.75,0.9380,,não,0.9876,,,,,,base_treinada,inalcançável,,,,3945.0,1290.0,0.0,0.0,inalcançável para base_treinada
qwen15b-ft-genia,adenda-01,genia,AD1-R-sonda_atencao_cabecas,task_verdict,sonda_atencao_cabecas,vao,0.90,0.9752,,não,0.9985,,,,,,base_treinada,inalcançável,,,,3945.0,1290.0,0.0,0.0,inalcançável para base_treinada
qwen15b-ft-genia,adenda-01,genia,AD1-R-sonda_ocultos_ajustada,task_verdict,sonda_ocultos_ajustada,absoluta,0.70,,,sim,0.0,,,,,,base_treinada_ajustada,0.0,0.0,0.0,0.0,3945.0,1290.0,2000.0,0.0,NÃO DISTINGUE (IC contém zero)
qwen15b-ft-genia,adenda-01,genia,AD1-R-sonda_ocultos_ajustada,task_verdict,sonda_ocultos_ajustada,absoluta,0.80,,,sim,0.1275,,,,,,base_treinada_ajustada,0.3115,-0.184,-0.4151,-0.0645,3945.0,1290.0,2000.0,0.0,sonda_ocultos_ajustada EXIGE MENOS revisão
qwen15b-ft-genia,adenda-01,genia,AD1-R-sonda_ocultos_ajustada,task_verdict,sonda_ocultos_ajustada,absoluta,0.90,,,não,0.6058,,,,,,base_treinada_ajustada,inalcançável,,,,3945.0,1290.0,0.0,0.0,inalcançável para base_treinada_ajustada
qwen15b-ft-genia,adenda-01,genia,AD1-R-sonda_ocultos_ajustada,task_verdict,sonda_ocultos_ajustada,absoluta,0.95,,,não,0.8978,,,,,,base_treinada_ajustada,inalcançável,,,,3945.0,1290.0,0.0,0.0,inalcançável para base_treinada_ajustada
qwen15b-ft-genia,adenda-01,genia,AD1-R-sonda_ocultos_ajustada,task_verdict,sonda_ocultos_ajustada,vao,0.25,0.8141,,sim,0.1924,,,,,,base_treinada_ajustada,0.5361,-0.3437,-0.4664,-0.1397,3945.0,1290.0,2000.0,0.0,sonda_ocultos_ajustada EXIGE MENOS revisão
qwen15b-ft-genia,adenda-01,genia,AD1-R-sonda_ocultos_ajustada,task_verdict,sonda_ocultos_ajustada,vao,0.50,0.8761,,sim,0.4738,,,,,,base_treinada_ajustada,0.9298,-0.456,-0.5365,-0.3086,3945.0,1290.0,1793.0,207.0,sonda_ocultos_ajustada EXIGE MENOS revisão
qwen15b-ft-genia,adenda-01,genia,AD1-R-sonda_ocultos_ajustada,task_verdict,sonda_ocultos_ajustada,vao,0.75,0.9380,,não,0.8388,,,,,,base_treinada_ajustada,inalcançável,,,,3945.0,1290.0,0.0,0.0,inalcançável para base_treinada_ajustada
qwen15b-ft-genia,adenda-01,genia,AD1-R-sonda_ocultos_ajustada,task_verdict,sonda_ocultos_ajustada,vao,0.90,0.9752,,não,0.9957,,,,,,base_treinada_ajustada,inalcançável,,,,3945.0,1290.0,0.0,0.0,inalcançável para base_treinada_ajustada
qwen15b-ft-genia,adenda-01,genia,AD1-R-sonda_atencao_cabecas_ajustada,task_verdict,sonda_atencao_cabecas_ajustada,absoluta,0.70,,,sim,0.0,,,,,,base_treinada_ajustada,0.0,0.0,0.0,0.0,3945.0,1290.0,2000.0,0.0,NÃO DISTINGUE (IC contém zero)
qwen15b-ft-genia,adenda-01,genia,AD1-R-sonda_atencao_cabecas_ajustada,task_verdict,sonda_atencao_cabecas_ajustada,absoluta,0.80,,,sim,0.1148,,,,,,base_treinada_ajustada,0.3115,-0.1967,-0.4346,-0.0712,3945.0,1290.0,2000.0,0.0,sonda_atencao_cabecas_ajustada EXIGE MENOS revisão
qwen15b-ft-genia,adenda-01,genia,AD1-R-sonda_atencao_cabecas_ajustada,task_verdict,sonda_atencao_cabecas_ajustada,absoluta,0.90,,,não,0.6649,,,,,,base_treinada_ajustada,inalcançável,,,,3945.0,1290.0,0.0,0.0,inalcançável para base_treinada_ajustada
qwen15b-ft-genia,adenda-01,genia,AD1-R-sonda_atencao_cabecas_ajustada,task_verdict,sonda_atencao_cabecas_ajustada,absoluta,0.95,,,não,0.9098,,,,,,base_treinada_ajustada,inalcançável,,,,3945.0,1290.0,0.0,0.0,inalcançável para base_treinada_ajustada
qwen15b-ft-genia,adenda-01,genia,AD1-R-sonda_atencao_cabecas_ajustada,task_verdict,sonda_atencao_cabecas_ajustada,vao,0.25,0.8141,,sim,0.1716,,,,,,base_treinada_ajustada,0.5361,-0.3645,-0.4925,-0.1571,3945.0,1290.0,2000.0,0.0,sonda_atencao_cabecas_ajustada EXIGE MENOS revisão
qwen15b-ft-genia,adenda-01,genia,AD1-R-sonda_atencao_cabecas_ajustada,task_verdict,sonda_atencao_cabecas_ajustada,vao,0.50,0.8761,,sim,0.5293,,,,,,base_treinada_ajustada,0.9298,-0.4005,-0.499,-0.2642,3945.0,1290.0,1793.0,207.0,sonda_atencao_cabecas_ajustada EXIGE MENOS revisão
qwen15b-ft-genia,adenda-01,genia,AD1-R-sonda_atencao_cabecas_ajustada,task_verdict,sonda_atencao_cabecas_ajustada,vao,0.75,0.9380,,não,0.8294,,,,,,base_treinada_ajustada,inalcançável,,,,3945.0,1290.0,0.0,0.0,inalcançável para base_treinada_ajustada
qwen15b-ft-genia,adenda-01,genia,AD1-R-sonda_atencao_cabecas_ajustada,task_verdict,sonda_atencao_cabecas_ajustada,vao,0.90,0.9752,,não,0.9815,,,,,,base_treinada_ajustada,inalcançável,,,,3945.0,1290.0,0.0,0.0,inalcançável para base_treinada_ajustada
qwen15b-ft-conll2003,decl-13-decoder-15b-conll,conll2003,T1,descriptive,(sem supervisor),—,—,,0.0,sim,0.0,1.0,0.8192,0.6436,0.7209,4437.0,,,,,,,,,,
qwen15b-ft-conll2003,decl-13-decoder-15b-conll,conll2003,T1,descriptive,span_size,absoluta,0.70,,0.0,sim,0.0,1.0,0.8192,0.6436,0.7209,4437.0,,,,,,,,,,
qwen15b-ft-conll2003,decl-13-decoder-15b-conll,conll2003,T1,descriptive,span_size,absoluta,0.80,,0.0,sim,0.0,1.0,0.8192,0.6436,0.7209,4437.0,,,,,,,,,,
qwen15b-ft-conll2003,decl-13-decoder-15b-conll,conll2003,T1,descriptive,span_size,absoluta,0.90,,,não,inalcançável,,,,,0.0,,,,,,,,,,
qwen15b-ft-conll2003,decl-13-decoder-15b-conll,conll2003,T1,descriptive,span_size,absoluta,0.95,,,não,inalcançável,,,,,0.0,,,,,,,,,,
qwen15b-ft-conll2003,decl-13-decoder-15b-conll,conll2003,T1,descriptive,span_size,vao,0.25,0.8704,,não,inalcançável,,,,,0.0,,,,,,,,,,
qwen15b-ft-conll2003,decl-13-decoder-15b-conll,conll2003,T1,descriptive,span_size,vao,0.50,0.9136,,não,inalcançável,,,,,0.0,,,,,,,,,,
qwen15b-ft-conll2003,decl-13-decoder-15b-conll,conll2003,T1,descriptive,span_size,vao,0.75,0.9568,,não,inalcançável,,,,,0.0,,,,,,,,,,
qwen15b-ft-conll2003,decl-13-decoder-15b-conll,conll2003,T1,descriptive,span_size,vao,0.90,0.9827,,não,inalcançável,,,,,0.0,,,,,,,,,,
qwen15b-ft-conll2003,decl-13-decoder-15b-conll,conll2003,T1,descriptive,geometric_fraction,absoluta,0.70,,0.0,sim,0.0,1.0,0.8192,0.6436,0.7209,4437.0,,,,,,,,,,
qwen15b-ft-conll2003,decl-13-decoder-15b-conll,conll2003,T1,descriptive,geometric_fraction,absoluta,0.80,,0.0,sim,0.0,1.0,0.8192,0.6436,0.7209,4437.0,,,,,,,,,,
qwen15b-ft-conll2003,decl-13-decoder-15b-conll,conll2003,T1,descriptive,geometric_fraction,absoluta,0.90,,0.4485,sim,0.6473,0.3527,0.9003,0.2495,0.3907,1565.0,,,,,,,,,,
qwen15b-ft-conll2003,decl-13-decoder-15b-conll,conll2003,T1,descriptive,geometric_fraction,absoluta,0.95,,0.7695,sim,0.9946,0.0054,0.9583,0.0041,0.0081,24.0,,,,,,,,,,
qwen15b-ft-conll2003,decl-13-decoder-15b-conll,conll2003,T1,descriptive,geometric_fraction,vao,0.25,0.8704,0.2908,sim,0.4778,0.5222,0.8718,0.3576,0.5072,2317.0,,,,,,,,,,
qwen15b-ft-conll2003,decl-13-decoder-15b-conll,conll2003,T1,descriptive,geometric_fraction,vao,0.50,0.9136,0.539,sim,0.9892,0.0108,0.9167,0.0078,0.0154,48.0,,,,,,,,,,
qwen15b-ft-conll2003,decl-13-decoder-15b-conll,conll2003,T1,descriptive,geometric_fraction,vao,0.75,0.9568,0.7695,sim,0.9946,0.0054,0.9583,0.0041,0.0081,24.0,,,,,,,,,,
qwen15b-ft-conll2003,decl-13-decoder-15b-conll,conll2003,T1,descriptive,geometric_fraction,vao,0.90,0.9827,1.0,sim,0.9955,0.0045,1.0,0.0035,0.0071,20.0,,,,,,,,,,
qwen15b-ft-conll2003,decl-13-decoder-15b-conll,conll2003,T1,descriptive,sentence_length,absoluta,0.70,,0.0,sim,0.0,1.0,0.8192,0.6436,0.7209,4437.0,,,,,,,,,,
qwen15b-ft-conll2003,decl-13-decoder-15b-conll,conll2003,T1,descriptive,sentence_length,absoluta,0.80,,0.0,sim,0.0,1.0,0.8192,0.6436,0.7209,4437.0,,,,,,,,,,
qwen15b-ft-conll2003,decl-13-decoder-15b-conll,conll2003,T1,descriptive,sentence_length,absoluta,0.90,,0.4857,sim,0.9103,0.0897,0.907,0.0639,0.1194,398.0,,,,,,,,,,
qwen15b-ft-conll2003,decl-13-decoder-15b-conll,conll2003,T1,descriptive,sentence_length,absoluta,0.95,,0.7427,sim,0.9806,0.0194,0.9535,0.0145,0.0286,86.0,,,,,,,,,,
qwen15b-ft-conll2003,decl-13-decoder-15b-conll,conll2003,T1,descriptive,sentence_length,vao,0.25,0.8704,0.2865,sim,0.6313,0.3687,0.871,0.2523,0.3913,1636.0,,,,,,,,,,
qwen15b-ft-conll2003,decl-13-decoder-15b-conll,conll2003,T1,descriptive,sentence_length,vao,0.50,0.9136,0.5842,sim,0.931,0.069,0.9248,0.0501,0.0951,306.0,,,,,,,,,,
qwen15b-ft-conll2003,decl-13-decoder-15b-conll,conll2003,T1,descriptive,sentence_length,vao,0.75,0.9568,0.7757,sim,0.9833,0.0167,0.9595,0.0126,0.0248,74.0,,,,,,,,,,
qwen15b-ft-conll2003,decl-13-decoder-15b-conll,conll2003,T1,descriptive,sentence_length,vao,0.90,0.9827,1.0,sim,0.9935,0.0065,1.0,0.0051,0.0102,29.0,,,,,,,,,,
qwen15b-ft-conll2003,decl-13-decoder-15b-conll,conll2003,T1,descriptive,row_entropy_causal,absoluta,0.70,,0.0,sim,0.0,1.0,0.8192,0.6436,0.7209,4437.0,,,,,,,,,,
qwen15b-ft-conll2003,decl-13-decoder-15b-conll,conll2003,T1,descriptive,row_entropy_causal,absoluta,0.80,,0.0,sim,0.0,1.0,0.8192,0.6436,0.7209,4437.0,,,,,,,,,,
qwen15b-ft-conll2003,decl-13-decoder-15b-conll,conll2003,T1,descriptive,row_entropy_causal,absoluta,0.90,,0.4468,sim,0.9955,0.0045,0.9,0.0032,0.0064,20.0,,,,,,,,,,
qwen15b-ft-conll2003,decl-13-decoder-15b-conll,conll2003,T1,descriptive,row_entropy_causal,absoluta,0.95,,1.0,sim,0.9995,0.0005,1.0,0.0004,0.0007,2.0,,,,,,,,,,
qwen15b-ft-conll2003,decl-13-decoder-15b-conll,conll2003,T1,descriptive,row_entropy_causal,vao,0.25,0.8704,0.2836,sim,0.3281,0.6719,0.8705,0.4595,0.6015,2981.0,,,,,,,,,,
qwen15b-ft-conll2003,decl-13-decoder-15b-conll,conll2003,T1,descriptive,row_entropy_causal,vao,0.50,0.9136,0.6048,sim,0.9968,0.0032,0.9286,0.0023,0.0046,14.0,,,,,,,,,,
qwen15b-ft-conll2003,decl-13-decoder-15b-conll,conll2003,T1,descriptive,row_entropy_causal,vao,0.75,0.9568,1.0,sim,0.9995,0.0005,1.0,0.0004,0.0007,2.0,,,,,,,,,,
qwen15b-ft-conll2003,decl-13-decoder-15b-conll,conll2003,T1,descriptive,row_entropy_causal,vao,0.90,0.9827,1.0,sim,0.9995,0.0005,1.0,0.0004,0.0007,2.0,,,,,,,,,,
qwen15b-ft-conll2003,decl-13-decoder-15b-conll,conll2003,T1,descriptive,row_max_causal,absoluta,0.70,,0.0,sim,0.0,1.0,0.8192,0.6436,0.7209,4437.0,,,,,,,,,,
qwen15b-ft-conll2003,decl-13-decoder-15b-conll,conll2003,T1,descriptive,row_max_causal,absoluta,0.80,,0.0,sim,0.0,1.0,0.8192,0.6436,0.7209,4437.0,,,,,,,,,,
qwen15b-ft-conll2003,decl-13-decoder-15b-conll,conll2003,T1,descriptive,row_max_causal,absoluta,0.90,,0.4468,sim,0.9977,0.0023,0.9,0.0016,0.0032,10.0,,,,,,,,,,
qwen15b-ft-conll2003,decl-13-decoder-15b-conll,conll2003,T1,descriptive,row_max_causal,absoluta,0.95,,1.0,sim,0.9982,0.0018,1.0,0.0014,0.0028,8.0,,,,,,,,,,
qwen15b-ft-conll2003,decl-13-decoder-15b-conll,conll2003,T1,descriptive,row_max_causal,vao,0.25,0.8704,0.2887,sim,0.3444,0.6556,0.8714,0.4488,0.5925,2909.0,,,,,,,,,,
qwen15b-ft-conll2003,decl-13-decoder-15b-conll,conll2003,T1,descriptive,row_max_causal,vao,0.50,0.9136,1.0,sim,0.9982,0.0018,1.0,0.0014,0.0028,8.0,,,,,,,,,,
qwen15b-ft-conll2003,decl-13-decoder-15b-conll,conll2003,T1,descriptive,row_max_causal,vao,0.75,0.9568,1.0,sim,0.9982,0.0018,1.0,0.0014,0.0028,8.0,,,,,,,,,,
qwen15b-ft-conll2003,decl-13-decoder-15b-conll,conll2003,T1,descriptive,row_max_causal,vao,0.90,0.9827,1.0,sim,0.9982,0.0018,1.0,0.0014,0.0028,8.0,,,,,,,,,,
qwen15b-ft-conll2003,decl-13-decoder-15b-conll,conll2003,T1,descriptive,hidden_norm,absoluta,0.70,,0.0,sim,0.0,1.0,0.8192,0.6436,0.7209,4437.0,,,,,,,,,,
qwen15b-ft-conll2003,decl-13-decoder-15b-conll,conll2003,T1,descriptive,hidden_norm,absoluta,0.80,,0.0,sim,0.0,1.0,0.8192,0.6436,0.7209,4437.0,,,,,,,,,,
qwen15b-ft-conll2003,decl-13-decoder-15b-conll,conll2003,T1,descriptive,hidden_norm,absoluta,0.90,,0.4474,sim,0.6209,0.3791,0.9001,0.2681,0.4131,1682.0,,,,,,,,,,
qwen15b-ft-conll2003,decl-13-decoder-15b-conll,conll2003,T1,descriptive,hidden_norm,absoluta,0.95,,0.7323,sim,0.9162,0.0838,0.9516,0.0627,0.1176,372.0,,,,,,,,,,
qwen15b-ft-conll2003,decl-13-decoder-15b-conll,conll2003,T1,descriptive,hidden_norm,vao,0.25,0.8704,0.2831,sim,0.3599,0.6401,0.8704,0.4377,0.5825,2840.0,,,,,,,,,,
qwen15b-ft-conll2003,decl-13-decoder-15b-conll,conll2003,T1,descriptive,hidden_norm,vao,0.50,0.9136,0.5241,sim,0.7406,0.2594,0.914,0.1863,0.3095,1151.0,,,,,,,,,,
qwen15b-ft-conll2003,decl-13-decoder-15b-conll,conll2003,T1,descriptive,hidden_norm,vao,0.75,0.9568,0.7624,sim,0.9265,0.0735,0.9571,0.0552,0.1045,326.0,,,,,,,,,,
qwen15b-ft-conll2003,decl-13-decoder-15b-conll,conll2003,T1,descriptive,hidden_norm,vao,0.90,0.9827,1.0,sim,0.9881,0.0119,1.0,0.0094,0.0186,53.0,,,,,,,,,,
qwen15b-ft-conll2003,decl-13-decoder-15b-conll,conll2003,T1,descriptive,hidden_dist_centroide,absoluta,0.70,,0.0,sim,0.0,1.0,0.8192,0.6436,0.7209,4437.0,,,,,,,,,,
qwen15b-ft-conll2003,decl-13-decoder-15b-conll,conll2003,T1,descriptive,hidden_dist_centroide,absoluta,0.80,,0.0,sim,0.0,1.0,0.8192,0.6436,0.7209,4437.0,,,,,,,,,,
qwen15b-ft-conll2003,decl-13-decoder-15b-conll,conll2003,T1,descriptive,hidden_dist_centroide,absoluta,0.90,,1.0,sim,0.9998,0.0002,1.0,0.0002,0.0004,1.0,,,,,,,,,,
qwen15b-ft-conll2003,decl-13-decoder-15b-conll,conll2003,T1,descriptive,hidden_dist_centroide,absoluta,0.95,,1.0,sim,0.9998,0.0002,1.0,0.0002,0.0004,1.0,,,,,,,,,,
qwen15b-ft-conll2003,decl-13-decoder-15b-conll,conll2003,T1,descriptive,hidden_dist_centroide,vao,0.25,0.8704,0.3084,sim,0.991,0.009,0.875,0.0062,0.0123,40.0,,,,,,,,,,
qwen15b-ft-conll2003,decl-13-decoder-15b-conll,conll2003,T1,descriptive,hidden_dist_centroide,vao,0.50,0.9136,1.0,sim,0.9998,0.0002,1.0,0.0002,0.0004,1.0,,,,,,,,,,
qwen15b-ft-conll2003,decl-13-decoder-15b-conll,conll2003,T1,descriptive,hidden_dist_centroide,vao,0.75,0.9568,1.0,sim,0.9998,0.0002,1.0,0.0002,0.0004,1.0,,,,,,,,,,
qwen15b-ft-conll2003,decl-13-decoder-15b-conll,conll2003,T1,descriptive,hidden_dist_centroide,vao,0.90,0.9827,1.0,sim,0.9998,0.0002,1.0,0.0002,0.0004,1.0,,,,,,,,,,
qwen15b-ft-conll2003,decl-13-decoder-15b-conll,conll2003,T1,descriptive,hidden_delta_camadas,absoluta,0.70,,0.0,sim,0.0,1.0,0.8192,0.6436,0.7209,4437.0,,,,,,,,,,
qwen15b-ft-conll2003,decl-13-decoder-15b-conll,conll2003,T1,descriptive,hidden_delta_camadas,absoluta,0.80,,0.0,sim,0.0,1.0,0.8192,0.6436,0.7209,4437.0,,,,,,,,,,
qwen15b-ft-conll2003,decl-13-decoder-15b-conll,conll2003,T1,descriptive,hidden_delta_camadas,absoluta,0.90,,0.4472,sim,0.2353,0.7647,0.9001,0.5407,0.6756,3393.0,,,,,,,,,,
qwen15b-ft-conll2003,decl-13-decoder-15b-conll,conll2003,T1,descriptive,hidden_delta_camadas,absoluta,0.95,,0.7269,sim,0.822,0.178,0.9506,0.133,0.2333,790.0,,,,,,,,,,
qwen15b-ft-conll2003,decl-13-decoder-15b-conll,conll2003,T1,descriptive,hidden_delta_camadas,vao,0.25,0.8704,0.2839,sim,0.105,0.895,0.8706,0.6121,0.7188,3971.0,,,,,,,,,,
qwen15b-ft-conll2003,decl-13-decoder-15b-conll,conll2003,T1,descriptive,hidden_delta_camadas,vao,0.50,0.9136,0.5255,sim,0.3904,0.6096,0.9142,0.4379,0.5921,2705.0,,,,,,,,,,
qwen15b-ft-conll2003,decl-13-decoder-15b-conll,conll2003,T1,descriptive,hidden_delta_camadas,vao,0.75,0.9568,0.7739,sim,0.9173,0.0827,0.9591,0.0623,0.117,367.0,,,,,,,,,,
qwen15b-ft-conll2003,decl-13-decoder-15b-conll,conll2003,T1,descriptive,hidden_delta_camadas,vao,0.90,0.9827,0.918,sim,0.9696,0.0304,0.9852,0.0235,0.046,135.0,,,,,,,,,,
qwen15b-ft-conll2003,decl-13-decoder-15b-conll,conll2003,T1,descriptive,sonda_ocultos,absoluta,0.70,,0.0,sim,0.0,1.0,0.8192,0.6436,0.7209,4437.0,,,,,,,,,,
qwen15b-ft-conll2003,decl-13-decoder-15b-conll,conll2003,T1,descriptive,sonda_ocultos,absoluta,0.80,,0.0,sim,0.0,1.0,0.8192,0.6436,0.7209,4437.0,,,,,,,,,,
qwen15b-ft-conll2003,decl-13-decoder-15b-conll,conll2003,T1,descriptive,sonda_ocultos,absoluta,0.90,,0.4476,sim,0.0904,0.9096,0.9001,0.6432,0.7503,4036.0,,,,,,,,,,
qwen15b-ft-conll2003,decl-13-decoder-15b-conll,conll2003,T1,descriptive,sonda_ocultos,absoluta,0.95,,0.7235,sim,0.2107,0.7893,0.95,0.5891,0.7272,3502.0,,,,,,,,,,
qwen15b-ft-conll2003,decl-13-decoder-15b-conll,conll2003,T1,descriptive,sonda_ocultos,vao,0.25,0.8704,0.2831,sim,0.059,0.941,0.8704,0.6434,0.7399,4175.0,,,,,,,,,,
qwen15b-ft-conll2003,decl-13-decoder-15b-conll,conll2003,T1,descriptive,sonda_ocultos,vao,0.50,0.9136,0.522,sim,0.1053,0.8947,0.9136,0.6422,0.7542,3970.0,,,,,,,,,,
qwen15b-ft-conll2003,decl-13-decoder-15b-conll,conll2003,T1,descriptive,sonda_ocultos,vao,0.75,0.9568,0.7623,sim,0.2657,0.7343,0.957,0.5521,0.7002,3258.0,,,,,,,,,,
qwen15b-ft-conll2003,decl-13-decoder-15b-conll,conll2003,T1,descriptive,sonda_ocultos,vao,0.90,0.9827,1.0,sim,0.9975,0.0025,1.0,0.0019,0.0039,11.0,,,,,,,,,,
qwen15b-ft-conll2003,decl-13-decoder-15b-conll,conll2003,T1,descriptive,sonda_atencao_cabecas,absoluta,0.70,,0.0,sim,0.0,1.0,0.8192,0.6436,0.7209,4437.0,,,,,,,,,,
qwen15b-ft-conll2003,decl-13-decoder-15b-conll,conll2003,T1,descriptive,sonda_atencao_cabecas,absoluta,0.80,,0.0,sim,0.0,1.0,0.8192,0.6436,0.7209,4437.0,,,,,,,,,,
qwen15b-ft-conll2003,decl-13-decoder-15b-conll,conll2003,T1,descriptive,sonda_atencao_cabecas,absoluta,0.90,,0.4483,sim,0.0938,0.9062,0.9003,0.6409,0.7488,4021.0,,,,,,,,,,
qwen15b-ft-conll2003,decl-13-decoder-15b-conll,conll2003,T1,descriptive,sonda_atencao_cabecas,absoluta,0.95,,0.7236,sim,0.2556,0.7444,0.95,0.5556,0.7012,3303.0,,,,,,,,,,
qwen15b-ft-conll2003,decl-13-decoder-15b-conll,conll2003,T1,descriptive,sonda_atencao_cabecas,vao,0.25,0.8704,0.2829,sim,0.0593,0.9407,0.8704,0.6432,0.7398,4174.0,,,,,,,,,,
qwen15b-ft-conll2003,decl-13-decoder-15b-conll,conll2003,T1,descriptive,sonda_atencao_cabecas,vao,0.50,0.9136,0.5228,sim,0.1116,0.8884,0.9137,0.6377,0.7512,3942.0,,,,,,,,,,
qwen15b-ft-conll2003,decl-13-decoder-15b-conll,conll2003,T1,descriptive,sonda_atencao_cabecas,vao,0.75,0.9568,0.7621,sim,0.3187,0.6813,0.957,0.5122,0.6673,3023.0,,,,,,,,,,
qwen15b-ft-conll2003,decl-13-decoder-15b-conll,conll2003,T1,descriptive,sonda_atencao_cabecas,vao,0.90,0.9827,0.9117,sim,0.8871,0.1129,0.984,0.0873,0.1604,501.0,,,,,,,,,,
qwen15b-ft-conll2003,decl-13-decoder-15b-conll,conll2003,T1,descriptive,span_mass,absoluta,0.70,,0.0,sim,0.0,1.0,0.8192,0.6436,0.7209,4437.0,,,,,,,,,,
qwen15b-ft-conll2003,decl-13-decoder-15b-conll,conll2003,T1,descriptive,span_mass,absoluta,0.80,,0.0,sim,0.0,1.0,0.8192,0.6436,0.7209,4437.0,,,,,,,,,,
qwen15b-ft-conll2003,decl-13-decoder-15b-conll,conll2003,T1,descriptive,span_mass,absoluta,0.90,,0.4495,sim,0.9547,0.0453,0.9005,0.032,0.0619,201.0,,,,,,,,,,
qwen15b-ft-conll2003,decl-13-decoder-15b-conll,conll2003,T1,descriptive,span_mass,absoluta,0.95,,0.7301,sim,0.9908,0.0092,0.9512,0.0069,0.0137,41.0,,,,,,,,,,
qwen15b-ft-conll2003,decl-13-decoder-15b-conll,conll2003,T1,descriptive,span_mass,vao,0.25,0.8704,0.293,sim,0.7884,0.2116,0.8722,0.145,0.2487,939.0,,,,,,,,,,
qwen15b-ft-conll2003,decl-13-decoder-15b-conll,conll2003,T1,descriptive,span_mass,vao,0.50,0.9136,0.5744,sim,0.9883,0.0117,0.9231,0.0085,0.0168,52.0,,,,,,,,,,
qwen15b-ft-conll2003,decl-13-decoder-15b-conll,conll2003,T1,descriptive,span_mass,vao,0.75,0.9568,0.8324,sim,0.9926,0.0074,0.9697,0.0057,0.0113,33.0,,,,,,,,,,
qwen15b-ft-conll2003,decl-13-decoder-15b-conll,conll2003,T1,descriptive,span_mass,vao,0.90,0.9827,1.0,sim,0.9932,0.0068,1.0,0.0053,0.0106,30.0,,,,,,,,,,
qwen15b-ft-conll2003,decl-13-decoder-15b-conll,conll2003,T1,descriptive,model_confidence,absoluta,0.70,,0.0,sim,0.0,1.0,0.8192,0.6436,0.7209,4437.0,,,,,,,,,,
qwen15b-ft-conll2003,decl-13-decoder-15b-conll,conll2003,T1,descriptive,model_confidence,absoluta,0.80,,0.0,sim,0.0,1.0,0.8192,0.6436,0.7209,4437.0,,,,,,,,,,
qwen15b-ft-conll2003,decl-13-decoder-15b-conll,conll2003,T1,descriptive,model_confidence,absoluta,0.90,,0.4473,sim,0.1224,0.8776,0.9001,0.6206,0.7346,3894.0,,,,,,,,,,
qwen15b-ft-conll2003,decl-13-decoder-15b-conll,conll2003,T1,descriptive,model_confidence,absoluta,0.95,,0.7234,sim,0.3825,0.6175,0.95,0.4609,0.6206,2740.0,,,,,,,,,,
qwen15b-ft-conll2003,decl-13-decoder-15b-conll,conll2003,T1,descriptive,model_confidence,vao,0.25,0.8704,0.284,sim,0.0701,0.9299,0.8706,0.636,0.735,4126.0,,,,,,,,,,
qwen15b-ft-conll2003,decl-13-decoder-15b-conll,conll2003,T1,descriptive,model_confidence,vao,0.50,0.9136,0.5266,sim,0.1571,0.8429,0.9144,0.6055,0.7286,3740.0,,,,,,,,,,
qwen15b-ft-conll2003,decl-13-decoder-15b-conll,conll2003,T1,descriptive,model_confidence,vao,0.75,0.9568,0.7619,sim,0.4659,0.5341,0.957,0.4016,0.5657,2370.0,,,,,,,,,,
qwen15b-ft-conll2003,decl-13-decoder-15b-conll,conll2003,T1,descriptive,model_confidence,vao,0.90,0.9827,,não,inalcançável,,,,,0.0,,,,,,,,,,
qwen15b-ft-conll2003,decl-13-decoder-15b-conll,conll2003,S2,task_verdict,span_mass,absoluta,0.70,,,sim,0.0,,,,,,model_confidence,0.0,0.0,0.0,0.0,4437.0,2395.0,2000.0,0.0,NÃO DISTINGUE (IC contém zero)
qwen15b-ft-conll2003,decl-13-decoder-15b-conll,conll2003,S2,task_verdict,span_mass,absoluta,0.80,,,sim,0.0,,,,,,model_confidence,0.0,0.0,0.0,0.0,4437.0,2395.0,2000.0,0.0,NÃO DISTINGUE (IC contém zero)
qwen15b-ft-conll2003,decl-13-decoder-15b-conll,conll2003,S2,task_verdict,span_mass,absoluta,0.90,,,sim,0.9547,,,,,,model_confidence,0.1224,0.8323,0.6821,0.8793,4437.0,2395.0,2000.0,0.0,span_mass EXIGE MAIS revisão
qwen15b-ft-conll2003,decl-13-decoder-15b-conll,conll2003,S2,task_verdict,span_mass,absoluta,0.95,,,sim,0.9908,,,,,,model_confidence,0.3825,0.6083,0.5178,0.6947,4437.0,2395.0,2000.0,0.0,span_mass EXIGE MAIS revisão
qwen15b-ft-conll2003,decl-13-decoder-15b-conll,conll2003,S2,task_verdict,span_mass,vao,0.25,0.8704,,sim,0.7884,,,,,,model_confidence,0.0701,0.7183,0.6241,0.8922,4437.0,2395.0,2000.0,0.0,span_mass EXIGE MAIS revisão
qwen15b-ft-conll2003,decl-13-decoder-15b-conll,conll2003,S2,task_verdict,span_mass,vao,0.50,0.9136,,sim,0.9883,,,,,,model_confidence,0.1571,0.8312,0.7348,0.8545,4437.0,2395.0,2000.0,0.0,span_mass EXIGE MAIS revisão
qwen15b-ft-conll2003,decl-13-decoder-15b-conll,conll2003,S2,task_verdict,span_mass,vao,0.75,0.9568,,sim,0.9926,,,,,,model_confidence,0.4659,0.5267,0.4517,0.6233,4437.0,2395.0,2000.0,0.0,span_mass EXIGE MAIS revisão
qwen15b-ft-conll2003,decl-13-decoder-15b-conll,conll2003,S2,task_verdict,span_mass,vao,0.90,0.9827,,não,0.9932,,,,,,model_confidence,inalcançável,,,,4437.0,2395.0,0.0,0.0,inalcançável para model_confidence
qwen15b-ft-conll2003,decl-13-decoder-15b-conll,conll2003,S4,task_verdict,span_mass,absoluta,0.70,,,sim,0.0,,,,,,aggseq,0.0,0.0,0.0,0.0,4437.0,2395.0,2000.0,0.0,NÃO DISTINGUE (IC contém zero)
qwen15b-ft-conll2003,decl-13-decoder-15b-conll,conll2003,S4,task_verdict,span_mass,absoluta,0.80,,,sim,0.0,,,,,,aggseq,0.0,0.0,0.0,0.0,4437.0,2395.0,2000.0,0.0,NÃO DISTINGUE (IC contém zero)
qwen15b-ft-conll2003,decl-13-decoder-15b-conll,conll2003,S4,task_verdict,span_mass,absoluta,0.90,,,sim,0.9547,,,,,,aggseq,0.1161,0.8386,0.6873,0.8839,4437.0,2395.0,2000.0,0.0,span_mass EXIGE MAIS revisão
qwen15b-ft-conll2003,decl-13-decoder-15b-conll,conll2003,S4,task_verdict,span_mass,absoluta,0.95,,,sim,0.9908,,,,,,aggseq,0.2653,0.7255,0.6492,0.7608,4437.0,2395.0,2000.0,0.0,span_mass EXIGE MAIS revisão
qwen15b-ft-conll2003,decl-13-decoder-15b-conll,conll2003,S4,task_verdict,span_mass,vao,0.25,0.8704,,sim,0.7884,,,,,,aggseq,0.0674,0.721,0.6247,0.8923,4437.0,2395.0,2000.0,0.0,span_mass EXIGE MAIS revisão
qwen15b-ft-conll2003,decl-13-decoder-15b-conll,conll2003,S4,task_verdict,span_mass,vao,0.50,0.9136,,sim,0.9883,,,,,,aggseq,0.1382,0.8501,0.751,0.8669,4437.0,2395.0,2000.0,0.0,span_mass EXIGE MAIS revisão
qwen15b-ft-conll2003,decl-13-decoder-15b-conll,conll2003,S4,task_verdict,span_mass,vao,0.75,0.9568,,sim,0.9926,,,,,,aggseq,0.3038,0.6888,0.6151,0.7321,4437.0,2395.0,2000.0,0.0,span_mass EXIGE MAIS revisão
qwen15b-ft-conll2003,decl-13-decoder-15b-conll,conll2003,S4,task_verdict,span_mass,vao,0.90,0.9827,,sim,0.9932,,,,,,aggseq,0.9984,-0.0052,-0.0119,0.0739,4437.0,2395.0,1989.0,11.0,NÃO DISTINGUE (IC contém zero)
qwen15b-ft-conll2003,decl-13-decoder-15b-conll,conll2003,S6,task_verdict,row_entropy_causal,absoluta,0.70,,,sim,0.0,,,,,,model_confidence,0.0,0.0,0.0,0.0,4437.0,2395.0,2000.0,0.0,NÃO DISTINGUE (IC contém zero)
qwen15b-ft-conll2003,decl-13-decoder-15b-conll,conll2003,S6,task_verdict,row_entropy_causal,absoluta,0.80,,,sim,0.0,,,,,,model_confidence,0.0,0.0,0.0,0.0,4437.0,2395.0,2000.0,0.0,NÃO DISTINGUE (IC contém zero)
qwen15b-ft-conll2003,decl-13-decoder-15b-conll,conll2003,S6,task_verdict,row_entropy_causal,absoluta,0.90,,,sim,0.9955,,,,,,model_confidence,0.1224,0.8731,0.2988,0.887,4437.0,2395.0,2000.0,0.0,row_entropy_causal EXIGE MAIS revisão
qwen15b-ft-conll2003,decl-13-decoder-15b-conll,conll2003,S6,task_verdict,row_entropy_causal,absoluta,0.95,,,sim,0.9995,,,,,,model_confidence,0.3825,0.6171,0.5242,0.7069,4437.0,2395.0,2000.0,0.0,row_entropy_causal EXIGE MAIS revisão
qwen15b-ft-conll2003,decl-13-decoder-15b-conll,conll2003,S6,task_verdict,row_entropy_causal,vao,0.25,0.8704,,sim,0.3281,,,,,,model_confidence,0.0701,0.2581,0.2066,0.2893,4437.0,2395.0,2000.0,0.0,row_entropy_causal EXIGE MAIS revisão
qwen15b-ft-conll2003,decl-13-decoder-15b-conll,conll2003,S6,task_verdict,row_entropy_causal,vao,0.50,0.9136,,sim,0.9968,,,,,,model_confidence,0.1571,0.8398,0.6636,0.863,4437.0,2395.0,2000.0,0.0,row_entropy_causal EXIGE MAIS revisão
qwen15b-ft-conll2003,decl-13-decoder-15b-conll,conll2003,S6,task_verdict,row_entropy_causal,vao,0.75,0.9568,,sim,0.9995,,,,,,model_confidence,0.4659,0.5337,0.4586,0.6299,4437.0,2395.0,2000.0,0.0,row_entropy_causal EXIGE MAIS revisão
qwen15b-ft-conll2003,decl-13-decoder-15b-conll,conll2003,S6,task_verdict,row_entropy_causal,vao,0.90,0.9827,,não,0.9995,,,,,,model_confidence,inalcançável,,,,4437.0,2395.0,0.0,0.0,inalcançável para model_confidence
qwen15b-ft-conll2003,decl-13-decoder-15b-conll,conll2003,S8,task_verdict,row_entropy_causal,absoluta,0.70,,,sim,0.0,,,,,,aggseq,0.0,0.0,0.0,0.0,4437.0,2395.0,2000.0,0.0,NÃO DISTINGUE (IC contém zero)
qwen15b-ft-conll2003,decl-13-decoder-15b-conll,conll2003,S8,task_verdict,row_entropy_causal,absoluta,0.80,,,sim,0.0,,,,,,aggseq,0.0,0.0,0.0,0.0,4437.0,2395.0,2000.0,0.0,NÃO DISTINGUE (IC contém zero)
qwen15b-ft-conll2003,decl-13-decoder-15b-conll,conll2003,S8,task_verdict,row_entropy_causal,absoluta,0.90,,,sim,0.9955,,,,,,aggseq,0.1161,0.8794,0.3029,0.8929,4437.0,2395.0,2000.0,0.0,row_entropy_causal EXIGE MAIS revisão
qwen15b-ft-conll2003,decl-13-decoder-15b-conll,conll2003,S8,task_verdict,row_entropy_causal,absoluta,0.95,,,sim,0.9995,,,,,,aggseq,0.2653,0.7343,0.6564,0.7683,4437.0,2395.0,2000.0,0.0,row_entropy_causal EXIGE MAIS revisão
qwen15b-ft-conll2003,decl-13-decoder-15b-conll,conll2003,S8,task_verdict,row_entropy_causal,vao,0.25,0.8704,,sim,0.3281,,,,,,aggseq,0.0674,0.2608,0.206,0.2919,4437.0,2395.0,2000.0,0.0,row_entropy_causal EXIGE MAIS revisão
qwen15b-ft-conll2003,decl-13-decoder-15b-conll,conll2003,S8,task_verdict,row_entropy_causal,vao,0.50,0.9136,,sim,0.9968,,,,,,aggseq,0.1382,0.8587,0.6779,0.8755,4437.0,2395.0,2000.0,0.0,row_entropy_causal EXIGE MAIS revisão
qwen15b-ft-conll2003,decl-13-decoder-15b-conll,conll2003,S8,task_verdict,row_entropy_causal,vao,0.75,0.9568,,sim,0.9995,,,,,,aggseq,0.3038,0.6957,0.6218,0.7387,4437.0,2395.0,2000.0,0.0,row_entropy_causal EXIGE MAIS revisão
qwen15b-ft-conll2003,decl-13-decoder-15b-conll,conll2003,S8,task_verdict,row_entropy_causal,vao,0.90,0.9827,,sim,0.9995,,,,,,aggseq,0.9984,0.0011,-0.0058,0.0791,4437.0,2395.0,1989.0,11.0,NÃO DISTINGUE (IC contém zero)
qwen15b-ft-conll2003,decl-13-decoder-15b-conll,conll2003,S10,task_verdict,row_max_causal,absoluta,0.70,,,sim,0.0,,,,,,model_confidence,0.0,0.0,0.0,0.0,4437.0,2395.0,2000.0,0.0,NÃO DISTINGUE (IC contém zero)
qwen15b-ft-conll2003,decl-13-decoder-15b-conll,conll2003,S10,task_verdict,row_max_causal,absoluta,0.80,,,sim,0.0,,,,,,model_confidence,0.0,0.0,0.0,0.0,4437.0,2395.0,2000.0,0.0,NÃO DISTINGUE (IC contém zero)
qwen15b-ft-conll2003,decl-13-decoder-15b-conll,conll2003,S10,task_verdict,row_max_causal,absoluta,0.90,,,sim,0.9977,,,,,,model_confidence,0.1224,0.8754,0.3543,0.8925,4437.0,2395.0,1996.0,4.0,row_max_causal EXIGE MAIS revisão
qwen15b-ft-conll2003,decl-13-decoder-15b-conll,conll2003,S10,task_verdict,row_max_causal,absoluta,0.95,,,sim,0.9982,,,,,,model_confidence,0.3825,0.6157,0.524,0.7094,4437.0,2395.0,1994.0,6.0,row_max_causal EXIGE MAIS revisão
qwen15b-ft-conll2003,decl-13-decoder-15b-conll,conll2003,S10,task_verdict,row_max_causal,vao,0.25,0.8704,,sim,0.3444,,,,,,model_confidence,0.0701,0.2743,0.2151,0.3483,4437.0,2395.0,2000.0,0.0,row_max_causal EXIGE MAIS revisão
qwen15b-ft-conll2003,decl-13-decoder-15b-conll,conll2003,S10,task_verdict,row_max_causal,vao,0.50,0.9136,,sim,0.9982,,,,,,model_confidence,0.1571,0.8411,0.761,0.8664,4437.0,2395.0,1995.0,5.0,row_max_causal EXIGE MAIS revisão
qwen15b-ft-conll2003,decl-13-decoder-15b-conll,conll2003,S10,task_verdict,row_max_causal,vao,0.75,0.9568,,sim,0.9982,,,,,,model_confidence,0.4659,0.5323,0.4596,0.6295,4437.0,2395.0,1994.0,6.0,row_max_causal EXIGE MAIS revisão
qwen15b-ft-conll2003,decl-13-decoder-15b-conll,conll2003,S10,task_verdict,row_max_causal,vao,0.90,0.9827,,não,0.9982,,,,,,model_confidence,inalcançável,,,,4437.0,2395.0,0.0,0.0,inalcançável para model_confidence
qwen15b-ft-conll2003,decl-13-decoder-15b-conll,conll2003,S12,task_verdict,row_max_causal,absoluta,0.70,,,sim,0.0,,,,,,aggseq,0.0,0.0,0.0,0.0,4437.0,2395.0,2000.0,0.0,NÃO DISTINGUE (IC contém zero)
qwen15b-ft-conll2003,decl-13-decoder-15b-conll,conll2003,S12,task_verdict,row_max_causal,absoluta,0.80,,,sim,0.0,,,,,,aggseq,0.0,0.0,0.0,0.0,4437.0,2395.0,2000.0,0.0,NÃO DISTINGUE (IC contém zero)
qwen15b-ft-conll2003,decl-13-decoder-15b-conll,conll2003,S12,task_verdict,row_max_causal,absoluta,0.90,,,sim,0.9977,,,,,,aggseq,0.1161,0.8817,0.3593,0.8974,4437.0,2395.0,1996.0,4.0,row_max_causal EXIGE MAIS revisão
qwen15b-ft-conll2003,decl-13-decoder-15b-conll,conll2003,S12,task_verdict,row_max_causal,absoluta,0.95,,,sim,0.9982,,,,,,aggseq,0.2653,0.7329,0.6568,0.7681,4437.0,2395.0,1994.0,6.0,row_max_causal EXIGE MAIS revisão
qwen15b-ft-conll2003,decl-13-decoder-15b-conll,conll2003,S12,task_verdict,row_max_causal,vao,0.25,0.8704,,sim,0.3444,,,,,,aggseq,0.0674,0.277,0.2138,0.3518,4437.0,2395.0,2000.0,0.0,row_max_causal EXIGE MAIS revisão
qwen15b-ft-conll2003,decl-13-decoder-15b-conll,conll2003,S12,task_verdict,row_max_causal,vao,0.50,0.9136,,sim,0.9982,,,,,,aggseq,0.1382,0.86,0.7796,0.8763,4437.0,2395.0,1995.0,5.0,row_max_causal EXIGE MAIS revisão
qwen15b-ft-conll2003,decl-13-decoder-15b-conll,conll2003,S12,task_verdict,row_max_causal,vao,0.75,0.9568,,sim,0.9982,,,,,,aggseq,0.3038,0.6944,0.6218,0.7389,4437.0,2395.0,1994.0,6.0,row_max_causal EXIGE MAIS revisão
qwen15b-ft-conll2003,decl-13-decoder-15b-conll,conll2003,S12,task_verdict,row_max_causal,vao,0.90,0.9827,,sim,0.9982,,,,,,aggseq,0.9984,-0.0002,-0.0036,0.0788,4437.0,2395.0,1983.0,17.0,NÃO DISTINGUE (IC contém zero)
qwen15b-ft-conll2003,decl-13-decoder-15b-conll,conll2003,S14,task_verdict,hidden_norm,absoluta,0.70,,,sim,0.0,,,,,,model_confidence,0.0,0.0,0.0,0.0,4437.0,2395.0,2000.0,0.0,NÃO DISTINGUE (IC contém zero)
qwen15b-ft-conll2003,decl-13-decoder-15b-conll,conll2003,S14,task_verdict,hidden_norm,absoluta,0.80,,,sim,0.0,,,,,,model_confidence,0.0,0.0,0.0,0.0,4437.0,2395.0,2000.0,0.0,NÃO DISTINGUE (IC contém zero)
qwen15b-ft-conll2003,decl-13-decoder-15b-conll,conll2003,S14,task_verdict,hidden_norm,absoluta,0.90,,,sim,0.6209,,,,,,model_confidence,0.1224,0.4985,0.4225,0.6142,4437.0,2395.0,2000.0,0.0,hidden_norm EXIGE MAIS revisão
qwen15b-ft-conll2003,decl-13-decoder-15b-conll,conll2003,S14,task_verdict,hidden_norm,absoluta,0.95,,,sim,0.9162,,,,,,model_confidence,0.3825,0.5337,0.4425,0.6236,4437.0,2395.0,2000.0,0.0,hidden_norm EXIGE MAIS revisão
qwen15b-ft-conll2003,decl-13-decoder-15b-conll,conll2003,S14,task_verdict,hidden_norm,vao,0.25,0.8704,,sim,0.3599,,,,,,model_confidence,0.0701,0.2898,0.094,0.4655,4437.0,2395.0,2000.0,0.0,hidden_norm EXIGE MAIS revisão
qwen15b-ft-conll2003,decl-13-decoder-15b-conll,conll2003,S14,task_verdict,hidden_norm,vao,0.50,0.9136,,sim,0.7406,,,,,,model_confidence,0.1571,0.5835,0.4656,0.6877,4437.0,2395.0,2000.0,0.0,hidden_norm EXIGE MAIS revisão
qwen15b-ft-conll2003,decl-13-decoder-15b-conll,conll2003,S14,task_verdict,hidden_norm,vao,0.75,0.9568,,sim,0.9265,,,,,,model_confidence,0.4659,0.4607,0.3815,0.5634,4437.0,2395.0,2000.0,0.0,hidden_norm EXIGE MAIS revisão
qwen15b-ft-conll2003,decl-13-decoder-15b-conll,conll2003,S14,task_verdict,hidden_norm,vao,0.90,0.9827,,não,0.9881,,,,,,model_confidence,inalcançável,,,,4437.0,2395.0,0.0,0.0,inalcançável para model_confidence
qwen15b-ft-conll2003,decl-13-decoder-15b-conll,conll2003,S16,task_verdict,hidden_norm,absoluta,0.70,,,sim,0.0,,,,,,aggseq,0.0,0.0,0.0,0.0,4437.0,2395.0,2000.0,0.0,NÃO DISTINGUE (IC contém zero)
qwen15b-ft-conll2003,decl-13-decoder-15b-conll,conll2003,S16,task_verdict,hidden_norm,absoluta,0.80,,,sim,0.0,,,,,,aggseq,0.0,0.0,0.0,0.0,4437.0,2395.0,2000.0,0.0,NÃO DISTINGUE (IC contém zero)
qwen15b-ft-conll2003,decl-13-decoder-15b-conll,conll2003,S16,task_verdict,hidden_norm,absoluta,0.90,,,sim,0.6209,,,,,,aggseq,0.1161,0.5048,0.4288,0.6219,4437.0,2395.0,2000.0,0.0,hidden_norm EXIGE MAIS revisão
qwen15b-ft-conll2003,decl-13-decoder-15b-conll,conll2003,S16,task_verdict,hidden_norm,absoluta,0.95,,,sim,0.9162,,,,,,aggseq,0.2653,0.6509,0.5748,0.6984,4437.0,2395.0,2000.0,0.0,hidden_norm EXIGE MAIS revisão
qwen15b-ft-conll2003,decl-13-decoder-15b-conll,conll2003,S16,task_verdict,hidden_norm,vao,0.25,0.8704,,sim,0.3599,,,,,,aggseq,0.0674,0.2925,0.0959,0.4673,4437.0,2395.0,2000.0,0.0,hidden_norm EXIGE MAIS revisão
qwen15b-ft-conll2003,decl-13-decoder-15b-conll,conll2003,S16,task_verdict,hidden_norm,vao,0.50,0.9136,,sim,0.7406,,,,,,aggseq,0.1382,0.6024,0.4807,0.7062,4437.0,2395.0,2000.0,0.0,hidden_norm EXIGE MAIS revisão
qwen15b-ft-conll2003,decl-13-decoder-15b-conll,conll2003,S16,task_verdict,hidden_norm,vao,0.75,0.9568,,sim,0.9265,,,,,,aggseq,0.3038,0.6227,0.5451,0.6941,4437.0,2395.0,2000.0,0.0,hidden_norm EXIGE MAIS revisão
qwen15b-ft-conll2003,decl-13-decoder-15b-conll,conll2003,S16,task_verdict,hidden_norm,vao,0.90,0.9827,,sim,0.9881,,,,,,aggseq,0.9984,-0.0104,-0.0657,0.0485,4437.0,2395.0,1989.0,11.0,NÃO DISTINGUE (IC contém zero)
qwen15b-ft-conll2003,decl-13-decoder-15b-conll,conll2003,S18,task_verdict,hidden_dist_centroide,absoluta,0.70,,,sim,0.0,,,,,,model_confidence,0.0,0.0,0.0,0.0,4437.0,2395.0,2000.0,0.0,NÃO DISTINGUE (IC contém zero)
qwen15b-ft-conll2003,decl-13-decoder-15b-conll,conll2003,S18,task_verdict,hidden_dist_centroide,absoluta,0.80,,,sim,0.0,,,,,,model_confidence,0.0,0.0,0.0,0.0,4437.0,2395.0,2000.0,0.0,NÃO DISTINGUE (IC contém zero)
qwen15b-ft-conll2003,decl-13-decoder-15b-conll,conll2003,S18,task_verdict,hidden_dist_centroide,absoluta,0.90,,,sim,0.9998,,,,,,model_confidence,0.1224,0.8774,0.8415,0.8969,4437.0,2395.0,1713.0,287.0,hidden_dist_centroide EXIGE MAIS revisão
qwen15b-ft-conll2003,decl-13-decoder-15b-conll,conll2003,S18,task_verdict,hidden_dist_centroide,absoluta,0.95,,,sim,0.9998,,,,,,model_confidence,0.3825,0.6173,0.5254,0.7034,4437.0,2395.0,1528.0,472.0,hidden_dist_centroide EXIGE MAIS revisão
qwen15b-ft-conll2003,decl-13-decoder-15b-conll,conll2003,S18,task_verdict,hidden_dist_centroide,vao,0.25,0.8704,,sim,0.991,,,,,,model_confidence,0.0701,0.9209,0.8962,0.9432,4437.0,2395.0,1832.0,168.0,hidden_dist_centroide EXIGE MAIS revisão
qwen15b-ft-conll2003,decl-13-decoder-15b-conll,conll2003,S18,task_verdict,hidden_dist_centroide,vao,0.50,0.9136,,sim,0.9998,,,,,,model_confidence,0.1571,0.8427,0.8101,0.8678,4437.0,2395.0,1654.0,346.0,hidden_dist_centroide EXIGE MAIS revisão
qwen15b-ft-conll2003,decl-13-decoder-15b-conll,conll2003,S18,task_verdict,hidden_dist_centroide,vao,0.75,0.9568,,sim,0.9998,,,,,,model_confidence,0.4659,0.5339,0.4612,0.6288,4437.0,2395.0,1513.0,487.0,hidden_dist_centroide EXIGE MAIS revisão
qwen15b-ft-conll2003,decl-13-decoder-15b-conll,conll2003,S18,task_verdict,hidden_dist_centroide,vao,0.90,0.9827,,não,0.9998,,,,,,model_confidence,inalcançável,,,,4437.0,2395.0,0.0,0.0,inalcançável para model_confidence
qwen15b-ft-conll2003,decl-13-decoder-15b-conll,conll2003,S20,task_verdict,hidden_dist_centroide,absoluta,0.70,,,sim,0.0,,,,,,aggseq,0.0,0.0,0.0,0.0,4437.0,2395.0,2000.0,0.0,NÃO DISTINGUE (IC contém zero)
qwen15b-ft-conll2003,decl-13-decoder-15b-conll,conll2003,S20,task_verdict,hidden_dist_centroide,absoluta,0.80,,,sim,0.0,,,,,,aggseq,0.0,0.0,0.0,0.0,4437.0,2395.0,2000.0,0.0,NÃO DISTINGUE (IC contém zero)
qwen15b-ft-conll2003,decl-13-decoder-15b-conll,conll2003,S20,task_verdict,hidden_dist_centroide,absoluta,0.90,,,sim,0.9998,,,,,,aggseq,0.1161,0.8837,0.8546,0.9019,4437.0,2395.0,1713.0,287.0,hidden_dist_centroide EXIGE MAIS revisão
qwen15b-ft-conll2003,decl-13-decoder-15b-conll,conll2003,S20,task_verdict,hidden_dist_centroide,absoluta,0.95,,,sim,0.9998,,,,,,aggseq,0.2653,0.7345,0.6573,0.7697,4437.0,2395.0,1528.0,472.0,hidden_dist_centroide EXIGE MAIS revisão
qwen15b-ft-conll2003,decl-13-decoder-15b-conll,conll2003,S20,task_verdict,hidden_dist_centroide,vao,0.25,0.8704,,sim,0.991,,,,,,aggseq,0.0674,0.9236,0.9002,0.9418,4437.0,2395.0,1832.0,168.0,hidden_dist_centroide EXIGE MAIS revisão
qwen15b-ft-conll2003,decl-13-decoder-15b-conll,conll2003,S20,task_verdict,hidden_dist_centroide,vao,0.50,0.9136,,sim,0.9998,,,,,,aggseq,0.1382,0.8616,0.8295,0.8786,4437.0,2395.0,1654.0,346.0,hidden_dist_centroide EXIGE MAIS revisão
qwen15b-ft-conll2003,decl-13-decoder-15b-conll,conll2003,S20,task_verdict,hidden_dist_centroide,vao,0.75,0.9568,,sim,0.9998,,,,,,aggseq,0.3038,0.696,0.6218,0.7418,4437.0,2395.0,1513.0,487.0,hidden_dist_centroide EXIGE MAIS revisão
qwen15b-ft-conll2003,decl-13-decoder-15b-conll,conll2003,S20,task_verdict,hidden_dist_centroide,vao,0.90,0.9827,,sim,0.9998,,,,,,aggseq,0.9984,0.0014,-0.0036,0.0784,4437.0,2395.0,1487.0,513.0,NÃO DISTINGUE (IC contém zero)
qwen15b-ft-conll2003,decl-13-decoder-15b-conll,conll2003,S22,task_verdict,hidden_delta_camadas,absoluta,0.70,,,sim,0.0,,,,,,model_confidence,0.0,0.0,0.0,0.0,4437.0,2395.0,2000.0,0.0,NÃO DISTINGUE (IC contém zero)
qwen15b-ft-conll2003,decl-13-decoder-15b-conll,conll2003,S22,task_verdict,hidden_delta_camadas,absoluta,0.80,,,sim,0.0,,,,,,model_confidence,0.0,0.0,0.0,0.0,4437.0,2395.0,2000.0,0.0,NÃO DISTINGUE (IC contém zero)
qwen15b-ft-conll2003,decl-13-decoder-15b-conll,conll2003,S22,task_verdict,hidden_delta_camadas,absoluta,0.90,,,sim,0.2353,,,,,,model_confidence,0.1224,0.1129,0.0641,0.243,4437.0,2395.0,2000.0,0.0,hidden_delta_camadas EXIGE MAIS revisão
qwen15b-ft-conll2003,decl-13-decoder-15b-conll,conll2003,S22,task_verdict,hidden_delta_camadas,absoluta,0.95,,,sim,0.822,,,,,,model_confidence,0.3825,0.4395,0.3546,0.5827,4437.0,2395.0,2000.0,0.0,hidden_delta_camadas EXIGE MAIS revisão
qwen15b-ft-conll2003,decl-13-decoder-15b-conll,conll2003,S22,task_verdict,hidden_delta_camadas,vao,0.25,0.8704,,sim,0.105,,,,,,model_confidence,0.0701,0.0349,0.0088,0.0516,4437.0,2395.0,2000.0,0.0,hidden_delta_camadas EXIGE MAIS revisão
qwen15b-ft-conll2003,decl-13-decoder-15b-conll,conll2003,S22,task_verdict,hidden_delta_camadas,vao,0.50,0.9136,,sim,0.3904,,,,,,model_confidence,0.1571,0.2333,0.1228,0.434,4437.0,2395.0,2000.0,0.0,hidden_delta_camadas EXIGE MAIS revisão
qwen15b-ft-conll2003,decl-13-decoder-15b-conll,conll2003,S22,task_verdict,hidden_delta_camadas,vao,0.75,0.9568,,sim,0.9173,,,,,,model_confidence,0.4659,0.4514,0.3105,0.5461,4437.0,2395.0,2000.0,0.0,hidden_delta_camadas EXIGE MAIS revisão
qwen15b-ft-conll2003,decl-13-decoder-15b-conll,conll2003,S22,task_verdict,hidden_delta_camadas,vao,0.90,0.9827,,não,0.9696,,,,,,model_confidence,inalcançável,,,,4437.0,2395.0,0.0,0.0,inalcançável para model_confidence
qwen15b-ft-conll2003,decl-13-decoder-15b-conll,conll2003,S24,task_verdict,hidden_delta_camadas,absoluta,0.70,,,sim,0.0,,,,,,aggseq,0.0,0.0,0.0,0.0,4437.0,2395.0,2000.0,0.0,NÃO DISTINGUE (IC contém zero)
qwen15b-ft-conll2003,decl-13-decoder-15b-conll,conll2003,S24,task_verdict,hidden_delta_camadas,absoluta,0.80,,,sim,0.0,,,,,,aggseq,0.0,0.0,0.0,0.0,4437.0,2395.0,2000.0,0.0,NÃO DISTINGUE (IC contém zero)
qwen15b-ft-conll2003,decl-13-decoder-15b-conll,conll2003,S24,task_verdict,hidden_delta_camadas,absoluta,0.90,,,sim,0.2353,,,,,,aggseq,0.1161,0.1192,0.0691,0.2537,4437.0,2395.0,2000.0,0.0,hidden_delta_camadas EXIGE MAIS revisão
qwen15b-ft-conll2003,decl-13-decoder-15b-conll,conll2003,S24,task_verdict,hidden_delta_camadas,absoluta,0.95,,,sim,0.822,,,,,,aggseq,0.2653,0.5567,0.5038,0.6836,4437.0,2395.0,2000.0,0.0,hidden_delta_camadas EXIGE MAIS revisão
qwen15b-ft-conll2003,decl-13-decoder-15b-conll,conll2003,S24,task_verdict,hidden_delta_camadas,vao,0.25,0.8704,,sim,0.105,,,,,,aggseq,0.0674,0.0376,0.0079,0.0541,4437.0,2395.0,2000.0,0.0,hidden_delta_camadas EXIGE MAIS revisão
qwen15b-ft-conll2003,decl-13-decoder-15b-conll,conll2003,S24,task_verdict,hidden_delta_camadas,vao,0.50,0.9136,,sim,0.3904,,,,,,aggseq,0.1382,0.2522,0.1316,0.4516,4437.0,2395.0,2000.0,0.0,hidden_delta_camadas EXIGE MAIS revisão
qwen15b-ft-conll2003,decl-13-decoder-15b-conll,conll2003,S24,task_verdict,hidden_delta_camadas,vao,0.75,0.9568,,sim,0.9173,,,,,,aggseq,0.3038,0.6135,0.4595,0.669,4437.0,2395.0,2000.0,0.0,hidden_delta_camadas EXIGE MAIS revisão
qwen15b-ft-conll2003,decl-13-decoder-15b-conll,conll2003,S24,task_verdict,hidden_delta_camadas,vao,0.90,0.9827,,sim,0.9696,,,,,,aggseq,0.9984,-0.0288,-0.066,0.0408,4437.0,2395.0,1989.0,11.0,NÃO DISTINGUE (IC contém zero)
qwen15b-ft-conll2003,decl-13-decoder-15b-conll,conll2003,E26,task_verdict,sonda_ocultos,absoluta,0.70,,,sim,0.0,,,,,,model_confidence,0.0,0.0,0.0,0.0,4437.0,2395.0,2000.0,0.0,NÃO DISTINGUE (IC contém zero)
qwen15b-ft-conll2003,decl-13-decoder-15b-conll,conll2003,E26,task_verdict,sonda_ocultos,absoluta,0.80,,,sim,0.0,,,,,,model_confidence,0.0,0.0,0.0,0.0,4437.0,2395.0,2000.0,0.0,NÃO DISTINGUE (IC contém zero)
qwen15b-ft-conll2003,decl-13-decoder-15b-conll,conll2003,E26,task_verdict,sonda_ocultos,absoluta,0.90,,,sim,0.0904,,,,,,model_confidence,0.1224,-0.032,-0.0472,-0.0195,4437.0,2395.0,2000.0,0.0,sonda_ocultos EXIGE MENOS revisão
qwen15b-ft-conll2003,decl-13-decoder-15b-conll,conll2003,E26,task_verdict,sonda_ocultos,absoluta,0.95,,,sim,0.2107,,,,,,model_confidence,0.3825,-0.1717,-0.2601,-0.112,4437.0,2395.0,2000.0,0.0,sonda_ocultos EXIGE MENOS revisão
qwen15b-ft-conll2003,decl-13-decoder-15b-conll,conll2003,E26,task_verdict,sonda_ocultos,vao,0.25,0.8704,,sim,0.059,,,,,,model_confidence,0.0701,-0.011,-0.0162,-0.0041,4437.0,2395.0,2000.0,0.0,sonda_ocultos EXIGE MENOS revisão
qwen15b-ft-conll2003,decl-13-decoder-15b-conll,conll2003,E26,task_verdict,sonda_ocultos,vao,0.50,0.9136,,sim,0.1053,,,,,,model_confidence,0.1571,-0.0518,-0.0651,-0.0335,4437.0,2395.0,2000.0,0.0,sonda_ocultos EXIGE MENOS revisão
qwen15b-ft-conll2003,decl-13-decoder-15b-conll,conll2003,E26,task_verdict,sonda_ocultos,vao,0.75,0.9568,,sim,0.2657,,,,,,model_confidence,0.4659,-0.2001,-0.2758,-0.0153,4437.0,2395.0,2000.0,0.0,sonda_ocultos EXIGE MENOS revisão
qwen15b-ft-conll2003,decl-13-decoder-15b-conll,conll2003,E26,task_verdict,sonda_ocultos,vao,0.90,0.9827,,não,0.9975,,,,,,model_confidence,inalcançável,,,,4437.0,2395.0,0.0,0.0,inalcançável para model_confidence
qwen15b-ft-conll2003,decl-13-decoder-15b-conll,conll2003,E28,task_verdict,sonda_ocultos,absoluta,0.70,,,sim,0.0,,,,,,aggseq,0.0,0.0,0.0,0.0,4437.0,2395.0,2000.0,0.0,NÃO DISTINGUE (IC contém zero)
qwen15b-ft-conll2003,decl-13-decoder-15b-conll,conll2003,E28,task_verdict,sonda_ocultos,absoluta,0.80,,,sim,0.0,,,,,,aggseq,0.0,0.0,0.0,0.0,4437.0,2395.0,2000.0,0.0,NÃO DISTINGUE (IC contém zero)
qwen15b-ft-conll2003,decl-13-decoder-15b-conll,conll2003,E28,task_verdict,sonda_ocultos,absoluta,0.90,,,sim,0.0904,,,,,,aggseq,0.1161,-0.0257,-0.0336,-0.0152,4437.0,2395.0,2000.0,0.0,sonda_ocultos EXIGE MENOS revisão
qwen15b-ft-conll2003,decl-13-decoder-15b-conll,conll2003,E28,task_verdict,sonda_ocultos,absoluta,0.95,,,sim,0.2107,,,,,,aggseq,0.2653,-0.0545,-0.1138,-0.0142,4437.0,2395.0,2000.0,0.0,sonda_ocultos EXIGE MENOS revisão
qwen15b-ft-conll2003,decl-13-decoder-15b-conll,conll2003,E28,task_verdict,sonda_ocultos,vao,0.25,0.8704,,sim,0.059,,,,,,aggseq,0.0674,-0.0083,-0.0128,-0.0047,4437.0,2395.0,2000.0,0.0,sonda_ocultos EXIGE MENOS revisão
qwen15b-ft-conll2003,decl-13-decoder-15b-conll,conll2003,E28,task_verdict,sonda_ocultos,vao,0.50,0.9136,,sim,0.1053,,,,,,aggseq,0.1382,-0.0329,-0.0444,-0.0242,4437.0,2395.0,2000.0,0.0,sonda_ocultos EXIGE MENOS revisão
qwen15b-ft-conll2003,decl-13-decoder-15b-conll,conll2003,E28,task_verdict,sonda_ocultos,vao,0.75,0.9568,,sim,0.2657,,,,,,aggseq,0.3038,-0.0381,-0.1334,0.1225,4437.0,2395.0,2000.0,0.0,NÃO DISTINGUE (IC contém zero)
qwen15b-ft-conll2003,decl-13-decoder-15b-conll,conll2003,E28,task_verdict,sonda_ocultos,vao,0.90,0.9827,,sim,0.9975,,,,,,aggseq,0.9984,-0.0009,-0.1044,0.0507,4437.0,2395.0,1989.0,11.0,NÃO DISTINGUE (IC contém zero)
qwen15b-ft-conll2003,decl-13-decoder-15b-conll,conll2003,E30,task_verdict,sonda_atencao_cabecas,absoluta,0.70,,,sim,0.0,,,,,,model_confidence,0.0,0.0,0.0,0.0,4437.0,2395.0,2000.0,0.0,NÃO DISTINGUE (IC contém zero)
qwen15b-ft-conll2003,decl-13-decoder-15b-conll,conll2003,E30,task_verdict,sonda_atencao_cabecas,absoluta,0.80,,,sim,0.0,,,,,,model_confidence,0.0,0.0,0.0,0.0,4437.0,2395.0,2000.0,0.0,NÃO DISTINGUE (IC contém zero)
qwen15b-ft-conll2003,decl-13-decoder-15b-conll,conll2003,E30,task_verdict,sonda_atencao_cabecas,absoluta,0.90,,,sim,0.0938,,,,,,model_confidence,0.1224,-0.0286,-0.0438,-0.0174,4437.0,2395.0,2000.0,0.0,sonda_atencao_cabecas EXIGE MENOS revisão
qwen15b-ft-conll2003,decl-13-decoder-15b-conll,conll2003,E30,task_verdict,sonda_atencao_cabecas,absoluta,0.95,,,sim,0.2556,,,,,,model_confidence,0.3825,-0.1269,-0.2112,-0.0566,4437.0,2395.0,2000.0,0.0,sonda_atencao_cabecas EXIGE MENOS revisão
qwen15b-ft-conll2003,decl-13-decoder-15b-conll,conll2003,E30,task_verdict,sonda_atencao_cabecas,vao,0.25,0.8704,,sim,0.0593,,,,,,model_confidence,0.0701,-0.0108,-0.0157,-0.0037,4437.0,2395.0,2000.0,0.0,sonda_atencao_cabecas EXIGE MENOS revisão
qwen15b-ft-conll2003,decl-13-decoder-15b-conll,conll2003,E30,task_verdict,sonda_atencao_cabecas,vao,0.50,0.9136,,sim,0.1116,,,,,,model_confidence,0.1571,-0.0455,-0.0587,-0.0287,4437.0,2395.0,2000.0,0.0,sonda_atencao_cabecas EXIGE MENOS revisão
qwen15b-ft-conll2003,decl-13-decoder-15b-conll,conll2003,E30,task_verdict,sonda_atencao_cabecas,vao,0.75,0.9568,,sim,0.3187,,,,,,model_confidence,0.4659,-0.1472,-0.2296,-0.0501,4437.0,2395.0,2000.0,0.0,sonda_atencao_cabecas EXIGE MENOS revisão
qwen15b-ft-conll2003,decl-13-decoder-15b-conll,conll2003,E30,task_verdict,sonda_atencao_cabecas,vao,0.90,0.9827,,não,0.8871,,,,,,model_confidence,inalcançável,,,,4437.0,2395.0,0.0,0.0,inalcançável para model_confidence
qwen15b-ft-conll2003,decl-13-decoder-15b-conll,conll2003,E32,task_verdict,sonda_atencao_cabecas,absoluta,0.70,,,sim,0.0,,,,,,aggseq,0.0,0.0,0.0,0.0,4437.0,2395.0,2000.0,0.0,NÃO DISTINGUE (IC contém zero)
qwen15b-ft-conll2003,decl-13-decoder-15b-conll,conll2003,E32,task_verdict,sonda_atencao_cabecas,absoluta,0.80,,,sim,0.0,,,,,,aggseq,0.0,0.0,0.0,0.0,4437.0,2395.0,2000.0,0.0,NÃO DISTINGUE (IC contém zero)
qwen15b-ft-conll2003,decl-13-decoder-15b-conll,conll2003,E32,task_verdict,sonda_atencao_cabecas,absoluta,0.90,,,sim,0.0938,,,,,,aggseq,0.1161,-0.0223,-0.03,-0.0131,4437.0,2395.0,2000.0,0.0,sonda_atencao_cabecas EXIGE MENOS revisão
qwen15b-ft-conll2003,decl-13-decoder-15b-conll,conll2003,E32,task_verdict,sonda_atencao_cabecas,absoluta,0.95,,,sim,0.2556,,,,,,aggseq,0.2653,-0.0097,-0.0578,0.0423,4437.0,2395.0,2000.0,0.0,NÃO DISTINGUE (IC contém zero)
qwen15b-ft-conll2003,decl-13-decoder-15b-conll,conll2003,E32,task_verdict,sonda_atencao_cabecas,vao,0.25,0.8704,,sim,0.0593,,,,,,aggseq,0.0674,-0.0081,-0.0123,-0.0045,4437.0,2395.0,2000.0,0.0,sonda_atencao_cabecas EXIGE MENOS revisão
qwen15b-ft-conll2003,decl-13-decoder-15b-conll,conll2003,E32,task_verdict,sonda_atencao_cabecas,vao,0.50,0.9136,,sim,0.1116,,,,,,aggseq,0.1382,-0.0266,-0.0391,-0.0182,4437.0,2395.0,2000.0,0.0,sonda_atencao_cabecas EXIGE MENOS revisão
qwen15b-ft-conll2003,decl-13-decoder-15b-conll,conll2003,E32,task_verdict,sonda_atencao_cabecas,vao,0.75,0.9568,,sim,0.3187,,,,,,aggseq,0.3038,0.0149,-0.0772,0.0952,4437.0,2395.0,2000.0,0.0,NÃO DISTINGUE (IC contém zero)
qwen15b-ft-conll2003,decl-13-decoder-15b-conll,conll2003,E32,task_verdict,sonda_atencao_cabecas,vao,0.90,0.9827,,sim,0.8871,,,,,,aggseq,0.9984,-0.1113,-0.2911,0.0023,4437.0,2395.0,1989.0,11.0,NÃO DISTINGUE (IC contém zero)
qwen15b-ft-conll2003,adenda-01,conll2003,T1,descriptive,(sem supervisor),—,—,,0.0,sim,0.0,1.0,0.8192,0.6436,0.7209,4437.0,,,,,,,,,,
qwen15b-ft-conll2003,adenda-01,conll2003,T1,descriptive,span_size,absoluta,0.70,,0.0,sim,0.0,1.0,0.8192,0.6436,0.7209,4437.0,,,,,,,,,,
qwen15b-ft-conll2003,adenda-01,conll2003,T1,descriptive,span_size,absoluta,0.80,,0.0,sim,0.0,1.0,0.8192,0.6436,0.7209,4437.0,,,,,,,,,,
qwen15b-ft-conll2003,adenda-01,conll2003,T1,descriptive,span_size,absoluta,0.90,,,não,inalcançável,,,,,0.0,,,,,,,,,,
qwen15b-ft-conll2003,adenda-01,conll2003,T1,descriptive,span_size,absoluta,0.95,,,não,inalcançável,,,,,0.0,,,,,,,,,,
qwen15b-ft-conll2003,adenda-01,conll2003,T1,descriptive,span_size,vao,0.25,0.8704,,não,inalcançável,,,,,0.0,,,,,,,,,,
qwen15b-ft-conll2003,adenda-01,conll2003,T1,descriptive,span_size,vao,0.50,0.9136,,não,inalcançável,,,,,0.0,,,,,,,,,,
qwen15b-ft-conll2003,adenda-01,conll2003,T1,descriptive,span_size,vao,0.75,0.9568,,não,inalcançável,,,,,0.0,,,,,,,,,,
qwen15b-ft-conll2003,adenda-01,conll2003,T1,descriptive,span_size,vao,0.90,0.9827,,não,inalcançável,,,,,0.0,,,,,,,,,,
qwen15b-ft-conll2003,adenda-01,conll2003,T1,descriptive,geometric_fraction,absoluta,0.70,,0.0,sim,0.0,1.0,0.8192,0.6436,0.7209,4437.0,,,,,,,,,,
qwen15b-ft-conll2003,adenda-01,conll2003,T1,descriptive,geometric_fraction,absoluta,0.80,,0.0,sim,0.0,1.0,0.8192,0.6436,0.7209,4437.0,,,,,,,,,,
qwen15b-ft-conll2003,adenda-01,conll2003,T1,descriptive,geometric_fraction,absoluta,0.90,,0.4485,sim,0.6473,0.3527,0.9003,0.2495,0.3907,1565.0,,,,,,,,,,
qwen15b-ft-conll2003,adenda-01,conll2003,T1,descriptive,geometric_fraction,absoluta,0.95,,0.7695,sim,0.9946,0.0054,0.9583,0.0041,0.0081,24.0,,,,,,,,,,
qwen15b-ft-conll2003,adenda-01,conll2003,T1,descriptive,geometric_fraction,vao,0.25,0.8704,0.2908,sim,0.4778,0.5222,0.8718,0.3576,0.5072,2317.0,,,,,,,,,,
qwen15b-ft-conll2003,adenda-01,conll2003,T1,descriptive,geometric_fraction,vao,0.50,0.9136,0.539,sim,0.9892,0.0108,0.9167,0.0078,0.0154,48.0,,,,,,,,,,
qwen15b-ft-conll2003,adenda-01,conll2003,T1,descriptive,geometric_fraction,vao,0.75,0.9568,0.7695,sim,0.9946,0.0054,0.9583,0.0041,0.0081,24.0,,,,,,,,,,
qwen15b-ft-conll2003,adenda-01,conll2003,T1,descriptive,geometric_fraction,vao,0.90,0.9827,1.0,sim,0.9955,0.0045,1.0,0.0035,0.0071,20.0,,,,,,,,,,
qwen15b-ft-conll2003,adenda-01,conll2003,T1,descriptive,sentence_length,absoluta,0.70,,0.0,sim,0.0,1.0,0.8192,0.6436,0.7209,4437.0,,,,,,,,,,
qwen15b-ft-conll2003,adenda-01,conll2003,T1,descriptive,sentence_length,absoluta,0.80,,0.0,sim,0.0,1.0,0.8192,0.6436,0.7209,4437.0,,,,,,,,,,
qwen15b-ft-conll2003,adenda-01,conll2003,T1,descriptive,sentence_length,absoluta,0.90,,0.4857,sim,0.9103,0.0897,0.907,0.0639,0.1194,398.0,,,,,,,,,,
qwen15b-ft-conll2003,adenda-01,conll2003,T1,descriptive,sentence_length,absoluta,0.95,,0.7427,sim,0.9806,0.0194,0.9535,0.0145,0.0286,86.0,,,,,,,,,,
qwen15b-ft-conll2003,adenda-01,conll2003,T1,descriptive,sentence_length,vao,0.25,0.8704,0.2865,sim,0.6313,0.3687,0.871,0.2523,0.3913,1636.0,,,,,,,,,,
qwen15b-ft-conll2003,adenda-01,conll2003,T1,descriptive,sentence_length,vao,0.50,0.9136,0.5842,sim,0.931,0.069,0.9248,0.0501,0.0951,306.0,,,,,,,,,,
qwen15b-ft-conll2003,adenda-01,conll2003,T1,descriptive,sentence_length,vao,0.75,0.9568,0.7757,sim,0.9833,0.0167,0.9595,0.0126,0.0248,74.0,,,,,,,,,,
qwen15b-ft-conll2003,adenda-01,conll2003,T1,descriptive,sentence_length,vao,0.90,0.9827,1.0,sim,0.9935,0.0065,1.0,0.0051,0.0102,29.0,,,,,,,,,,
qwen15b-ft-conll2003,adenda-01,conll2003,T1,descriptive,row_entropy_causal,absoluta,0.70,,0.0,sim,0.0,1.0,0.8192,0.6436,0.7209,4437.0,,,,,,,,,,
qwen15b-ft-conll2003,adenda-01,conll2003,T1,descriptive,row_entropy_causal,absoluta,0.80,,0.0,sim,0.0,1.0,0.8192,0.6436,0.7209,4437.0,,,,,,,,,,
qwen15b-ft-conll2003,adenda-01,conll2003,T1,descriptive,row_entropy_causal,absoluta,0.90,,0.4468,sim,0.9955,0.0045,0.9,0.0032,0.0064,20.0,,,,,,,,,,
qwen15b-ft-conll2003,adenda-01,conll2003,T1,descriptive,row_entropy_causal,absoluta,0.95,,1.0,sim,0.9995,0.0005,1.0,0.0004,0.0007,2.0,,,,,,,,,,
qwen15b-ft-conll2003,adenda-01,conll2003,T1,descriptive,row_entropy_causal,vao,0.25,0.8704,0.2836,sim,0.3281,0.6719,0.8705,0.4595,0.6015,2981.0,,,,,,,,,,
qwen15b-ft-conll2003,adenda-01,conll2003,T1,descriptive,row_entropy_causal,vao,0.50,0.9136,0.6048,sim,0.9968,0.0032,0.9286,0.0023,0.0046,14.0,,,,,,,,,,
qwen15b-ft-conll2003,adenda-01,conll2003,T1,descriptive,row_entropy_causal,vao,0.75,0.9568,1.0,sim,0.9995,0.0005,1.0,0.0004,0.0007,2.0,,,,,,,,,,
qwen15b-ft-conll2003,adenda-01,conll2003,T1,descriptive,row_entropy_causal,vao,0.90,0.9827,1.0,sim,0.9995,0.0005,1.0,0.0004,0.0007,2.0,,,,,,,,,,
qwen15b-ft-conll2003,adenda-01,conll2003,T1,descriptive,row_max_causal,absoluta,0.70,,0.0,sim,0.0,1.0,0.8192,0.6436,0.7209,4437.0,,,,,,,,,,
qwen15b-ft-conll2003,adenda-01,conll2003,T1,descriptive,row_max_causal,absoluta,0.80,,0.0,sim,0.0,1.0,0.8192,0.6436,0.7209,4437.0,,,,,,,,,,
qwen15b-ft-conll2003,adenda-01,conll2003,T1,descriptive,row_max_causal,absoluta,0.90,,0.4468,sim,0.9977,0.0023,0.9,0.0016,0.0032,10.0,,,,,,,,,,
qwen15b-ft-conll2003,adenda-01,conll2003,T1,descriptive,row_max_causal,absoluta,0.95,,1.0,sim,0.9982,0.0018,1.0,0.0014,0.0028,8.0,,,,,,,,,,
qwen15b-ft-conll2003,adenda-01,conll2003,T1,descriptive,row_max_causal,vao,0.25,0.8704,0.2887,sim,0.3444,0.6556,0.8714,0.4488,0.5925,2909.0,,,,,,,,,,
qwen15b-ft-conll2003,adenda-01,conll2003,T1,descriptive,row_max_causal,vao,0.50,0.9136,1.0,sim,0.9982,0.0018,1.0,0.0014,0.0028,8.0,,,,,,,,,,
qwen15b-ft-conll2003,adenda-01,conll2003,T1,descriptive,row_max_causal,vao,0.75,0.9568,1.0,sim,0.9982,0.0018,1.0,0.0014,0.0028,8.0,,,,,,,,,,
qwen15b-ft-conll2003,adenda-01,conll2003,T1,descriptive,row_max_causal,vao,0.90,0.9827,1.0,sim,0.9982,0.0018,1.0,0.0014,0.0028,8.0,,,,,,,,,,
qwen15b-ft-conll2003,adenda-01,conll2003,T1,descriptive,hidden_norm,absoluta,0.70,,0.0,sim,0.0,1.0,0.8192,0.6436,0.7209,4437.0,,,,,,,,,,
qwen15b-ft-conll2003,adenda-01,conll2003,T1,descriptive,hidden_norm,absoluta,0.80,,0.0,sim,0.0,1.0,0.8192,0.6436,0.7209,4437.0,,,,,,,,,,
qwen15b-ft-conll2003,adenda-01,conll2003,T1,descriptive,hidden_norm,absoluta,0.90,,0.4474,sim,0.6209,0.3791,0.9001,0.2681,0.4131,1682.0,,,,,,,,,,
qwen15b-ft-conll2003,adenda-01,conll2003,T1,descriptive,hidden_norm,absoluta,0.95,,0.7323,sim,0.9162,0.0838,0.9516,0.0627,0.1176,372.0,,,,,,,,,,
qwen15b-ft-conll2003,adenda-01,conll2003,T1,descriptive,hidden_norm,vao,0.25,0.8704,0.2831,sim,0.3599,0.6401,0.8704,0.4377,0.5825,2840.0,,,,,,,,,,
qwen15b-ft-conll2003,adenda-01,conll2003,T1,descriptive,hidden_norm,vao,0.50,0.9136,0.5241,sim,0.7406,0.2594,0.914,0.1863,0.3095,1151.0,,,,,,,,,,
qwen15b-ft-conll2003,adenda-01,conll2003,T1,descriptive,hidden_norm,vao,0.75,0.9568,0.7624,sim,0.9265,0.0735,0.9571,0.0552,0.1045,326.0,,,,,,,,,,
qwen15b-ft-conll2003,adenda-01,conll2003,T1,descriptive,hidden_norm,vao,0.90,0.9827,1.0,sim,0.9881,0.0119,1.0,0.0094,0.0186,53.0,,,,,,,,,,
qwen15b-ft-conll2003,adenda-01,conll2003,T1,descriptive,hidden_dist_centroide,absoluta,0.70,,0.0,sim,0.0,1.0,0.8192,0.6436,0.7209,4437.0,,,,,,,,,,
qwen15b-ft-conll2003,adenda-01,conll2003,T1,descriptive,hidden_dist_centroide,absoluta,0.80,,0.0,sim,0.0,1.0,0.8192,0.6436,0.7209,4437.0,,,,,,,,,,
qwen15b-ft-conll2003,adenda-01,conll2003,T1,descriptive,hidden_dist_centroide,absoluta,0.90,,1.0,sim,0.9998,0.0002,1.0,0.0002,0.0004,1.0,,,,,,,,,,
qwen15b-ft-conll2003,adenda-01,conll2003,T1,descriptive,hidden_dist_centroide,absoluta,0.95,,1.0,sim,0.9998,0.0002,1.0,0.0002,0.0004,1.0,,,,,,,,,,
qwen15b-ft-conll2003,adenda-01,conll2003,T1,descriptive,hidden_dist_centroide,vao,0.25,0.8704,0.3084,sim,0.991,0.009,0.875,0.0062,0.0123,40.0,,,,,,,,,,
qwen15b-ft-conll2003,adenda-01,conll2003,T1,descriptive,hidden_dist_centroide,vao,0.50,0.9136,1.0,sim,0.9998,0.0002,1.0,0.0002,0.0004,1.0,,,,,,,,,,
qwen15b-ft-conll2003,adenda-01,conll2003,T1,descriptive,hidden_dist_centroide,vao,0.75,0.9568,1.0,sim,0.9998,0.0002,1.0,0.0002,0.0004,1.0,,,,,,,,,,
qwen15b-ft-conll2003,adenda-01,conll2003,T1,descriptive,hidden_dist_centroide,vao,0.90,0.9827,1.0,sim,0.9998,0.0002,1.0,0.0002,0.0004,1.0,,,,,,,,,,
qwen15b-ft-conll2003,adenda-01,conll2003,T1,descriptive,hidden_delta_camadas,absoluta,0.70,,0.0,sim,0.0,1.0,0.8192,0.6436,0.7209,4437.0,,,,,,,,,,
qwen15b-ft-conll2003,adenda-01,conll2003,T1,descriptive,hidden_delta_camadas,absoluta,0.80,,0.0,sim,0.0,1.0,0.8192,0.6436,0.7209,4437.0,,,,,,,,,,
qwen15b-ft-conll2003,adenda-01,conll2003,T1,descriptive,hidden_delta_camadas,absoluta,0.90,,0.4472,sim,0.2353,0.7647,0.9001,0.5407,0.6756,3393.0,,,,,,,,,,
qwen15b-ft-conll2003,adenda-01,conll2003,T1,descriptive,hidden_delta_camadas,absoluta,0.95,,0.7269,sim,0.822,0.178,0.9506,0.133,0.2333,790.0,,,,,,,,,,
qwen15b-ft-conll2003,adenda-01,conll2003,T1,descriptive,hidden_delta_camadas,vao,0.25,0.8704,0.2839,sim,0.105,0.895,0.8706,0.6121,0.7188,3971.0,,,,,,,,,,
qwen15b-ft-conll2003,adenda-01,conll2003,T1,descriptive,hidden_delta_camadas,vao,0.50,0.9136,0.5255,sim,0.3904,0.6096,0.9142,0.4379,0.5921,2705.0,,,,,,,,,,
qwen15b-ft-conll2003,adenda-01,conll2003,T1,descriptive,hidden_delta_camadas,vao,0.75,0.9568,0.7739,sim,0.9173,0.0827,0.9591,0.0623,0.117,367.0,,,,,,,,,,
qwen15b-ft-conll2003,adenda-01,conll2003,T1,descriptive,hidden_delta_camadas,vao,0.90,0.9827,0.918,sim,0.9696,0.0304,0.9852,0.0235,0.046,135.0,,,,,,,,,,
qwen15b-ft-conll2003,adenda-01,conll2003,T1,descriptive,sonda_ocultos,absoluta,0.70,,0.0,sim,0.0,1.0,0.8192,0.6436,0.7209,4437.0,,,,,,,,,,
qwen15b-ft-conll2003,adenda-01,conll2003,T1,descriptive,sonda_ocultos,absoluta,0.80,,0.0,sim,0.0,1.0,0.8192,0.6436,0.7209,4437.0,,,,,,,,,,
qwen15b-ft-conll2003,adenda-01,conll2003,T1,descriptive,sonda_ocultos,absoluta,0.90,,0.4476,sim,0.0904,0.9096,0.9001,0.6432,0.7503,4036.0,,,,,,,,,,
qwen15b-ft-conll2003,adenda-01,conll2003,T1,descriptive,sonda_ocultos,absoluta,0.95,,0.7235,sim,0.2107,0.7893,0.95,0.5891,0.7272,3502.0,,,,,,,,,,
qwen15b-ft-conll2003,adenda-01,conll2003,T1,descriptive,sonda_ocultos,vao,0.25,0.8704,0.2831,sim,0.059,0.941,0.8704,0.6434,0.7399,4175.0,,,,,,,,,,
qwen15b-ft-conll2003,adenda-01,conll2003,T1,descriptive,sonda_ocultos,vao,0.50,0.9136,0.522,sim,0.1053,0.8947,0.9136,0.6422,0.7542,3970.0,,,,,,,,,,
qwen15b-ft-conll2003,adenda-01,conll2003,T1,descriptive,sonda_ocultos,vao,0.75,0.9568,0.7623,sim,0.2657,0.7343,0.957,0.5521,0.7002,3258.0,,,,,,,,,,
qwen15b-ft-conll2003,adenda-01,conll2003,T1,descriptive,sonda_ocultos,vao,0.90,0.9827,1.0,sim,0.9975,0.0025,1.0,0.0019,0.0039,11.0,,,,,,,,,,
qwen15b-ft-conll2003,adenda-01,conll2003,T1,descriptive,sonda_atencao_cabecas,absoluta,0.70,,0.0,sim,0.0,1.0,0.8192,0.6436,0.7209,4437.0,,,,,,,,,,
qwen15b-ft-conll2003,adenda-01,conll2003,T1,descriptive,sonda_atencao_cabecas,absoluta,0.80,,0.0,sim,0.0,1.0,0.8192,0.6436,0.7209,4437.0,,,,,,,,,,
qwen15b-ft-conll2003,adenda-01,conll2003,T1,descriptive,sonda_atencao_cabecas,absoluta,0.90,,0.4483,sim,0.0938,0.9062,0.9003,0.6409,0.7488,4021.0,,,,,,,,,,
qwen15b-ft-conll2003,adenda-01,conll2003,T1,descriptive,sonda_atencao_cabecas,absoluta,0.95,,0.7236,sim,0.2556,0.7444,0.95,0.5556,0.7012,3303.0,,,,,,,,,,
qwen15b-ft-conll2003,adenda-01,conll2003,T1,descriptive,sonda_atencao_cabecas,vao,0.25,0.8704,0.2829,sim,0.0593,0.9407,0.8704,0.6432,0.7398,4174.0,,,,,,,,,,
qwen15b-ft-conll2003,adenda-01,conll2003,T1,descriptive,sonda_atencao_cabecas,vao,0.50,0.9136,0.5228,sim,0.1116,0.8884,0.9137,0.6377,0.7512,3942.0,,,,,,,,,,
qwen15b-ft-conll2003,adenda-01,conll2003,T1,descriptive,sonda_atencao_cabecas,vao,0.75,0.9568,0.7621,sim,0.3187,0.6813,0.957,0.5122,0.6673,3023.0,,,,,,,,,,
qwen15b-ft-conll2003,adenda-01,conll2003,T1,descriptive,sonda_atencao_cabecas,vao,0.90,0.9827,0.9117,sim,0.8871,0.1129,0.984,0.0873,0.1604,501.0,,,,,,,,,,
qwen15b-ft-conll2003,adenda-01,conll2003,T1,descriptive,span_mass,absoluta,0.70,,0.0,sim,0.0,1.0,0.8192,0.6436,0.7209,4437.0,,,,,,,,,,
qwen15b-ft-conll2003,adenda-01,conll2003,T1,descriptive,span_mass,absoluta,0.80,,0.0,sim,0.0,1.0,0.8192,0.6436,0.7209,4437.0,,,,,,,,,,
qwen15b-ft-conll2003,adenda-01,conll2003,T1,descriptive,span_mass,absoluta,0.90,,0.4495,sim,0.9547,0.0453,0.9005,0.032,0.0619,201.0,,,,,,,,,,
qwen15b-ft-conll2003,adenda-01,conll2003,T1,descriptive,span_mass,absoluta,0.95,,0.7301,sim,0.9908,0.0092,0.9512,0.0069,0.0137,41.0,,,,,,,,,,
qwen15b-ft-conll2003,adenda-01,conll2003,T1,descriptive,span_mass,vao,0.25,0.8704,0.293,sim,0.7884,0.2116,0.8722,0.145,0.2487,939.0,,,,,,,,,,
qwen15b-ft-conll2003,adenda-01,conll2003,T1,descriptive,span_mass,vao,0.50,0.9136,0.5744,sim,0.9883,0.0117,0.9231,0.0085,0.0168,52.0,,,,,,,,,,
qwen15b-ft-conll2003,adenda-01,conll2003,T1,descriptive,span_mass,vao,0.75,0.9568,0.8324,sim,0.9926,0.0074,0.9697,0.0057,0.0113,33.0,,,,,,,,,,
qwen15b-ft-conll2003,adenda-01,conll2003,T1,descriptive,span_mass,vao,0.90,0.9827,1.0,sim,0.9932,0.0068,1.0,0.0053,0.0106,30.0,,,,,,,,,,
qwen15b-ft-conll2003,adenda-01,conll2003,T1,descriptive,model_confidence,absoluta,0.70,,0.0,sim,0.0,1.0,0.8192,0.6436,0.7209,4437.0,,,,,,,,,,
qwen15b-ft-conll2003,adenda-01,conll2003,T1,descriptive,model_confidence,absoluta,0.80,,0.0,sim,0.0,1.0,0.8192,0.6436,0.7209,4437.0,,,,,,,,,,
qwen15b-ft-conll2003,adenda-01,conll2003,T1,descriptive,model_confidence,absoluta,0.90,,0.4473,sim,0.1224,0.8776,0.9001,0.6206,0.7346,3894.0,,,,,,,,,,
qwen15b-ft-conll2003,adenda-01,conll2003,T1,descriptive,model_confidence,absoluta,0.95,,0.7234,sim,0.3825,0.6175,0.95,0.4609,0.6206,2740.0,,,,,,,,,,
qwen15b-ft-conll2003,adenda-01,conll2003,T1,descriptive,model_confidence,vao,0.25,0.8704,0.284,sim,0.0701,0.9299,0.8706,0.636,0.735,4126.0,,,,,,,,,,
qwen15b-ft-conll2003,adenda-01,conll2003,T1,descriptive,model_confidence,vao,0.50,0.9136,0.5266,sim,0.1571,0.8429,0.9144,0.6055,0.7286,3740.0,,,,,,,,,,
qwen15b-ft-conll2003,adenda-01,conll2003,T1,descriptive,model_confidence,vao,0.75,0.9568,0.7619,sim,0.4659,0.5341,0.957,0.4016,0.5657,2370.0,,,,,,,,,,
qwen15b-ft-conll2003,adenda-01,conll2003,T1,descriptive,model_confidence,vao,0.90,0.9827,,não,inalcançável,,,,,0.0,,,,,,,,,,
qwen15b-ft-conll2003,adenda-01,conll2003,AD1-R-sonda_ocultos,task_verdict,sonda_ocultos,absoluta,0.70,,,sim,0.0,,,,,,base_treinada,0.0,0.0,0.0,0.0,4437.0,2395.0,2000.0,0.0,NÃO DISTINGUE (IC contém zero)
qwen15b-ft-conll2003,adenda-01,conll2003,AD1-R-sonda_ocultos,task_verdict,sonda_ocultos,absoluta,0.80,,,sim,0.0,,,,,,base_treinada,0.0,0.0,0.0,0.0,4437.0,2395.0,2000.0,0.0,NÃO DISTINGUE (IC contém zero)
qwen15b-ft-conll2003,adenda-01,conll2003,AD1-R-sonda_ocultos,task_verdict,sonda_ocultos,absoluta,0.90,,,sim,0.0904,,,,,,base_treinada,0.1156,-0.0252,-0.0704,-0.0138,4437.0,2395.0,2000.0,0.0,sonda_ocultos EXIGE MENOS revisão
qwen15b-ft-conll2003,adenda-01,conll2003,AD1-R-sonda_ocultos,task_verdict,sonda_ocultos,absoluta,0.95,,,sim,0.2107,,,,,,base_treinada,0.9881,-0.7773,-0.8311,-0.7102,4437.0,2395.0,2000.0,0.0,sonda_ocultos EXIGE MENOS revisão
qwen15b-ft-conll2003,adenda-01,conll2003,AD1-R-sonda_ocultos,task_verdict,sonda_ocultos,vao,0.25,0.8704,,sim,0.059,,,,,,base_treinada,0.0678,-0.0088,-0.0145,-0.0031,4437.0,2395.0,2000.0,0.0,sonda_ocultos EXIGE MENOS revisão
qwen15b-ft-conll2003,adenda-01,conll2003,AD1-R-sonda_ocultos,task_verdict,sonda_ocultos,vao,0.50,0.9136,,sim,0.1053,,,,,,base_treinada,0.1979,-0.0926,-0.2592,-0.031,4437.0,2395.0,2000.0,0.0,sonda_ocultos EXIGE MENOS revisão
qwen15b-ft-conll2003,adenda-01,conll2003,AD1-R-sonda_ocultos,task_verdict,sonda_ocultos,vao,0.75,0.9568,,sim,0.2657,,,,,,base_treinada,0.9881,-0.7223,-0.7892,-0.5239,4437.0,2395.0,2000.0,0.0,sonda_ocultos EXIGE MENOS revisão
qwen15b-ft-conll2003,adenda-01,conll2003,AD1-R-sonda_ocultos,task_verdict,sonda_ocultos,vao,0.90,0.9827,,sim,0.9975,,,,,,base_treinada,0.9973,0.0002,-0.1057,0.0149,4437.0,2395.0,2000.0,0.0,NÃO DISTINGUE (IC contém zero)
qwen15b-ft-conll2003,adenda-01,conll2003,AD1-R-sonda_atencao_cabecas,task_verdict,sonda_atencao_cabecas,absoluta,0.70,,,sim,0.0,,,,,,base_treinada,0.0,0.0,0.0,0.0,4437.0,2395.0,2000.0,0.0,NÃO DISTINGUE (IC contém zero)
qwen15b-ft-conll2003,adenda-01,conll2003,AD1-R-sonda_atencao_cabecas,task_verdict,sonda_atencao_cabecas,absoluta,0.80,,,sim,0.0,,,,,,base_treinada,0.0,0.0,0.0,0.0,4437.0,2395.0,2000.0,0.0,NÃO DISTINGUE (IC contém zero)
qwen15b-ft-conll2003,adenda-01,conll2003,AD1-R-sonda_atencao_cabecas,task_verdict,sonda_atencao_cabecas,absoluta,0.90,,,sim,0.0938,,,,,,base_treinada,0.1156,-0.0219,-0.0667,-0.0114,4437.0,2395.0,2000.0,0.0,sonda_atencao_cabecas EXIGE MENOS revisão
qwen15b-ft-conll2003,adenda-01,conll2003,AD1-R-sonda_atencao_cabecas,task_verdict,sonda_atencao_cabecas,absoluta,0.95,,,sim,0.2556,,,,,,base_treinada,0.9881,-0.7325,-0.7807,-0.6589,4437.0,2395.0,2000.0,0.0,sonda_atencao_cabecas EXIGE MENOS revisão
qwen15b-ft-conll2003,adenda-01,conll2003,AD1-R-sonda_atencao_cabecas,task_verdict,sonda_atencao_cabecas,vao,0.25,0.8704,,sim,0.0593,,,,,,base_treinada,0.0678,-0.0086,-0.0139,-0.0027,4437.0,2395.0,2000.0,0.0,sonda_atencao_cabecas EXIGE MENOS revisão
qwen15b-ft-conll2003,adenda-01,conll2003,AD1-R-sonda_atencao_cabecas,task_verdict,sonda_atencao_cabecas,vao,0.50,0.9136,,sim,0.1116,,,,,,base_treinada,0.1979,-0.0863,-0.2515,-0.0268,4437.0,2395.0,2000.0,0.0,sonda_atencao_cabecas EXIGE MENOS revisão
qwen15b-ft-conll2003,adenda-01,conll2003,AD1-R-sonda_atencao_cabecas,task_verdict,sonda_atencao_cabecas,vao,0.75,0.9568,,sim,0.3187,,,,,,base_treinada,0.9881,-0.6694,-0.7405,-0.5744,4437.0,2395.0,2000.0,0.0,sonda_atencao_cabecas EXIGE MENOS revisão
qwen15b-ft-conll2003,adenda-01,conll2003,AD1-R-sonda_atencao_cabecas,task_verdict,sonda_atencao_cabecas,vao,0.90,0.9827,,sim,0.8871,,,,,,base_treinada,0.9973,-0.1102,-0.2869,0.0035,4437.0,2395.0,2000.0,0.0,NÃO DISTINGUE (IC contém zero)
qwen15b-ft-conll2003,adenda-01,conll2003,AD1-R-sonda_ocultos_ajustada,task_verdict,sonda_ocultos_ajustada,absoluta,0.70,,,sim,0.0,,,,,,base_treinada_ajustada,0.0,0.0,0.0,0.0,4437.0,2395.0,2000.0,0.0,NÃO DISTINGUE (IC contém zero)
qwen15b-ft-conll2003,adenda-01,conll2003,AD1-R-sonda_ocultos_ajustada,task_verdict,sonda_ocultos_ajustada,absoluta,0.80,,,sim,0.0,,,,,,base_treinada_ajustada,0.0,0.0,0.0,0.0,4437.0,2395.0,2000.0,0.0,NÃO DISTINGUE (IC contém zero)
qwen15b-ft-conll2003,adenda-01,conll2003,AD1-R-sonda_ocultos_ajustada,task_verdict,sonda_ocultos_ajustada,absoluta,0.90,,,sim,0.0929,,,,,,base_treinada_ajustada,0.1156,-0.0228,-0.0686,-0.013,4437.0,2395.0,2000.0,0.0,sonda_ocultos_ajustada EXIGE MENOS revisão
qwen15b-ft-conll2003,adenda-01,conll2003,AD1-R-sonda_ocultos_ajustada,task_verdict,sonda_ocultos_ajustada,absoluta,0.95,,,sim,0.1767,,,,,,base_treinada_ajustada,0.9881,-0.8114,-0.8418,-0.7615,4437.0,2395.0,2000.0,0.0,sonda_ocultos_ajustada EXIGE MENOS revisão
qwen15b-ft-conll2003,adenda-01,conll2003,AD1-R-sonda_ocultos_ajustada,task_verdict,sonda_ocultos_ajustada,vao,0.25,0.8704,,sim,0.059,,,,,,base_treinada_ajustada,0.0678,-0.0088,-0.0147,-0.0032,4437.0,2395.0,2000.0,0.0,sonda_ocultos_ajustada EXIGE MENOS revisão
qwen15b-ft-conll2003,adenda-01,conll2003,AD1-R-sonda_ocultos_ajustada,task_verdict,sonda_ocultos_ajustada,vao,0.50,0.9136,,sim,0.1062,,,,,,base_treinada_ajustada,0.1974,-0.0913,-0.2595,-0.0298,4437.0,2395.0,2000.0,0.0,sonda_ocultos_ajustada EXIGE MENOS revisão
qwen15b-ft-conll2003,adenda-01,conll2003,AD1-R-sonda_ocultos_ajustada,task_verdict,sonda_ocultos_ajustada,vao,0.75,0.9568,,sim,0.2112,,,,,,base_treinada_ajustada,0.9881,-0.7769,-0.8185,-0.7307,4437.0,2395.0,2000.0,0.0,sonda_ocultos_ajustada EXIGE MENOS revisão
qwen15b-ft-conll2003,adenda-01,conll2003,AD1-R-sonda_ocultos_ajustada,task_verdict,sonda_ocultos_ajustada,vao,0.90,0.9827,,sim,0.6416,,,,,,base_treinada_ajustada,0.9973,-0.3556,-0.4796,-0.1446,4437.0,2395.0,2000.0,0.0,sonda_ocultos_ajustada EXIGE MENOS revisão
qwen15b-ft-conll2003,adenda-01,conll2003,AD1-R-sonda_atencao_cabecas_ajustada,task_verdict,sonda_atencao_cabecas_ajustada,absoluta,0.70,,,sim,0.0,,,,,,base_treinada_ajustada,0.0,0.0,0.0,0.0,4437.0,2395.0,2000.0,0.0,NÃO DISTINGUE (IC contém zero)
qwen15b-ft-conll2003,adenda-01,conll2003,AD1-R-sonda_atencao_cabecas_ajustada,task_verdict,sonda_atencao_cabecas_ajustada,absoluta,0.80,,,sim,0.0,,,,,,base_treinada_ajustada,0.0,0.0,0.0,0.0,4437.0,2395.0,2000.0,0.0,NÃO DISTINGUE (IC contém zero)
qwen15b-ft-conll2003,adenda-01,conll2003,AD1-R-sonda_atencao_cabecas_ajustada,task_verdict,sonda_atencao_cabecas_ajustada,absoluta,0.90,,,sim,0.0904,,,,,,base_treinada_ajustada,0.1156,-0.0252,-0.0692,-0.0139,4437.0,2395.0,2000.0,0.0,sonda_atencao_cabecas_ajustada EXIGE MENOS revisão
qwen15b-ft-conll2003,adenda-01,conll2003,AD1-R-sonda_atencao_cabecas_ajustada,task_verdict,sonda_atencao_cabecas_ajustada,absoluta,0.95,,,sim,0.2121,,,,,,base_treinada_ajustada,0.9881,-0.776,-0.8175,-0.7145,4437.0,2395.0,2000.0,0.0,sonda_atencao_cabecas_ajustada EXIGE MENOS revisão
qwen15b-ft-conll2003,adenda-01,conll2003,AD1-R-sonda_atencao_cabecas_ajustada,task_verdict,sonda_atencao_cabecas_ajustada,vao,0.25,0.8704,,sim,0.0588,,,,,,base_treinada_ajustada,0.0678,-0.009,-0.0149,-0.0032,4437.0,2395.0,2000.0,0.0,sonda_atencao_cabecas_ajustada EXIGE MENOS revisão
qwen15b-ft-conll2003,adenda-01,conll2003,AD1-R-sonda_atencao_cabecas_ajustada,task_verdict,sonda_atencao_cabecas_ajustada,vao,0.50,0.9136,,sim,0.1062,,,,,,base_treinada_ajustada,0.1974,-0.0913,-0.2601,-0.031,4437.0,2395.0,2000.0,0.0,sonda_atencao_cabecas_ajustada EXIGE MENOS revisão
qwen15b-ft-conll2003,adenda-01,conll2003,AD1-R-sonda_atencao_cabecas_ajustada,task_verdict,sonda_atencao_cabecas_ajustada,vao,0.75,0.9568,,sim,0.2569,,,,,,base_treinada_ajustada,0.9881,-0.7311,-0.7776,-0.6683,4437.0,2395.0,2000.0,0.0,sonda_atencao_cabecas_ajustada EXIGE MENOS revisão
qwen15b-ft-conll2003,adenda-01,conll2003,AD1-R-sonda_atencao_cabecas_ajustada,task_verdict,sonda_atencao_cabecas_ajustada,vao,0.90,0.9827,,sim,0.8787,,,,,,base_treinada_ajustada,0.9973,-0.1185,-0.3529,0.0055,4437.0,2395.0,1908.0,92.0,NÃO DISTINGUE (IC contém zero)
