ponto,origem,corpus,comparacao,tipo,supervisor,grade,meta,meta_absoluta,vao_fechado,alcancavel,review_load,coverage,precision,recall,f1,n_delivered,contra,review_load_contra,delta,ci_low,ci_high,n_entidades,n_sentencas,n_reamostragens,n_degeneradas,veredito
qwen05b-ft-bc5cdr,decl-20-bc5cdr-decoder-05b,bc5cdr,T1,descriptive,(sem supervisor),—,—,,0.0,sim,0.0,1.0,0.8699,0.6116,0.7182,6896.0,,,,,,,,,,
qwen05b-ft-bc5cdr,decl-20-bc5cdr-decoder-05b,bc5cdr,T1,descriptive,span_size,absoluta,0.70,,0.0,sim,0.0,1.0,0.8699,0.6116,0.7182,6896.0,,,,,,,,,,
qwen05b-ft-bc5cdr,decl-20-bc5cdr-decoder-05b,bc5cdr,T1,descriptive,span_size,absoluta,0.80,,0.0,sim,0.0,1.0,0.8699,0.6116,0.7182,6896.0,,,,,,,,,,
qwen05b-ft-bc5cdr,decl-20-bc5cdr-decoder-05b,bc5cdr,T1,descriptive,span_size,absoluta,0.90,,,não,inalcançável,,,,,0.0,,,,,,,,,,
qwen05b-ft-bc5cdr,decl-20-bc5cdr-decoder-05b,bc5cdr,T1,descriptive,span_size,absoluta,0.95,,,não,inalcançável,,,,,0.0,,,,,,,,,,
qwen05b-ft-bc5cdr,decl-20-bc5cdr-decoder-05b,bc5cdr,T1,descriptive,span_size,vao,0.25,0.8910,,não,inalcançável,,,,,0.0,,,,,,,,,,
qwen05b-ft-bc5cdr,decl-20-bc5cdr-decoder-05b,bc5cdr,T1,descriptive,span_size,vao,0.50,0.9273,,não,inalcançável,,,,,0.0,,,,,,,,,,
qwen05b-ft-bc5cdr,decl-20-bc5cdr-decoder-05b,bc5cdr,T1,descriptive,span_size,vao,0.75,0.9637,,não,inalcançável,,,,,0.0,,,,,,,,,,
qwen05b-ft-bc5cdr,decl-20-bc5cdr-decoder-05b,bc5cdr,T1,descriptive,span_size,vao,0.90,0.9855,,não,inalcançável,,,,,0.0,,,,,,,,,,
qwen05b-ft-bc5cdr,decl-20-bc5cdr-decoder-05b,bc5cdr,T1,descriptive,geometric_fraction,absoluta,0.70,,0.0,sim,0.0,1.0,0.8699,0.6116,0.7182,6896.0,,,,,,,,,,
qwen05b-ft-bc5cdr,decl-20-bc5cdr-decoder-05b,bc5cdr,T1,descriptive,geometric_fraction,absoluta,0.80,,0.0,sim,0.0,1.0,0.8699,0.6116,0.7182,6896.0,,,,,,,,,,
qwen05b-ft-bc5cdr,decl-20-bc5cdr-decoder-05b,bc5cdr,T1,descriptive,geometric_fraction,absoluta,0.90,,1.0,sim,0.9999,0.0001,1.0,0.0001,0.0002,1.0,,,,,,,,,,
qwen05b-ft-bc5cdr,decl-20-bc5cdr-decoder-05b,bc5cdr,T1,descriptive,geometric_fraction,absoluta,0.95,,1.0,sim,0.9999,0.0001,1.0,0.0001,0.0002,1.0,,,,,,,,,,
qwen05b-ft-bc5cdr,decl-20-bc5cdr-decoder-05b,bc5cdr,T1,descriptive,geometric_fraction,vao,0.25,0.8910,1.0,sim,0.9999,0.0001,1.0,0.0001,0.0002,1.0,,,,,,,,,,
qwen05b-ft-bc5cdr,decl-20-bc5cdr-decoder-05b,bc5cdr,T1,descriptive,geometric_fraction,vao,0.50,0.9273,1.0,sim,0.9999,0.0001,1.0,0.0001,0.0002,1.0,,,,,,,,,,
qwen05b-ft-bc5cdr,decl-20-bc5cdr-decoder-05b,bc5cdr,T1,descriptive,geometric_fraction,vao,0.75,0.9637,1.0,sim,0.9999,0.0001,1.0,0.0001,0.0002,1.0,,,,,,,,,,
qwen05b-ft-bc5cdr,decl-20-bc5cdr-decoder-05b,bc5cdr,T1,descriptive,geometric_fraction,vao,0.90,0.9855,1.0,sim,0.9999,0.0001,1.0,0.0001,0.0002,1.0,,,,,,,,,,
qwen05b-ft-bc5cdr,decl-20-bc5cdr-decoder-05b,bc5cdr,T1,descriptive,sentence_length,absoluta,0.70,,0.0,sim,0.0,1.0,0.8699,0.6116,0.7182,6896.0,,,,,,,,,,
qwen05b-ft-bc5cdr,decl-20-bc5cdr-decoder-05b,bc5cdr,T1,descriptive,sentence_length,absoluta,0.80,,0.0,sim,0.0,1.0,0.8699,0.6116,0.7182,6896.0,,,,,,,,,,
qwen05b-ft-bc5cdr,decl-20-bc5cdr-decoder-05b,bc5cdr,T1,descriptive,sentence_length,absoluta,0.90,,0.5195,sim,0.993,0.007,0.9375,0.0046,0.0091,48.0,,,,,,,,,,
qwen05b-ft-bc5cdr,decl-20-bc5cdr-decoder-05b,bc5cdr,T1,descriptive,sentence_length,absoluta,0.95,,0.6925,sim,0.9964,0.0036,0.96,0.0024,0.0049,25.0,,,,,,,,,,
qwen05b-ft-bc5cdr,decl-20-bc5cdr-decoder-05b,bc5cdr,T1,descriptive,sentence_length,vao,0.25,0.8910,0.1689,sim,0.9893,0.0107,0.8919,0.0067,0.0134,74.0,,,,,,,,,,
qwen05b-ft-bc5cdr,decl-20-bc5cdr-decoder-05b,bc5cdr,T1,descriptive,sentence_length,vao,0.50,0.9273,0.5195,sim,0.993,0.007,0.9375,0.0046,0.0091,48.0,,,,,,,,,,
qwen05b-ft-bc5cdr,decl-20-bc5cdr-decoder-05b,bc5cdr,T1,descriptive,sentence_length,vao,0.75,0.9637,1.0,sim,0.9978,0.0022,1.0,0.0015,0.0031,15.0,,,,,,,,,,
qwen05b-ft-bc5cdr,decl-20-bc5cdr-decoder-05b,bc5cdr,T1,descriptive,sentence_length,vao,0.90,0.9855,1.0,sim,0.9978,0.0022,1.0,0.0015,0.0031,15.0,,,,,,,,,,
qwen05b-ft-bc5cdr,decl-20-bc5cdr-decoder-05b,bc5cdr,T1,descriptive,row_entropy_causal,absoluta,0.70,,0.0,sim,0.0,1.0,0.8699,0.6116,0.7182,6896.0,,,,,,,,,,
qwen05b-ft-bc5cdr,decl-20-bc5cdr-decoder-05b,bc5cdr,T1,descriptive,row_entropy_causal,absoluta,0.80,,0.0,sim,0.0,1.0,0.8699,0.6116,0.7182,6896.0,,,,,,,,,,
qwen05b-ft-bc5cdr,decl-20-bc5cdr-decoder-05b,bc5cdr,T1,descriptive,row_entropy_causal,absoluta,0.90,,0.2312,sim,0.9246,0.0754,0.9,0.0477,0.0906,520.0,,,,,,,,,,
qwen05b-ft-bc5cdr,decl-20-bc5cdr-decoder-05b,bc5cdr,T1,descriptive,row_entropy_causal,absoluta,0.95,,1.0,sim,0.9985,0.0015,1.0,0.001,0.002,10.0,,,,,,,,,,
qwen05b-ft-bc5cdr,decl-20-bc5cdr-decoder-05b,bc5cdr,T1,descriptive,row_entropy_causal,vao,0.25,0.8910,0.1619,sim,0.8923,0.1077,0.891,0.0675,0.1255,743.0,,,,,,,,,,
qwen05b-ft-bc5cdr,decl-20-bc5cdr-decoder-05b,bc5cdr,T1,descriptive,row_entropy_causal,vao,0.50,0.9273,0.4461,sim,0.9497,0.0503,0.928,0.0328,0.0634,347.0,,,,,,,,,,
qwen05b-ft-bc5cdr,decl-20-bc5cdr-decoder-05b,bc5cdr,T1,descriptive,row_entropy_causal,vao,0.75,0.9637,1.0,sim,0.9985,0.0015,1.0,0.001,0.002,10.0,,,,,,,,,,
qwen05b-ft-bc5cdr,decl-20-bc5cdr-decoder-05b,bc5cdr,T1,descriptive,row_entropy_causal,vao,0.90,0.9855,1.0,sim,0.9985,0.0015,1.0,0.001,0.002,10.0,,,,,,,,,,
qwen05b-ft-bc5cdr,decl-20-bc5cdr-decoder-05b,bc5cdr,T1,descriptive,row_max_causal,absoluta,0.70,,0.0,sim,0.0,1.0,0.8699,0.6116,0.7182,6896.0,,,,,,,,,,
qwen05b-ft-bc5cdr,decl-20-bc5cdr-decoder-05b,bc5cdr,T1,descriptive,row_max_causal,absoluta,0.80,,0.0,sim,0.0,1.0,0.8699,0.6116,0.7182,6896.0,,,,,,,,,,
qwen05b-ft-bc5cdr,decl-20-bc5cdr-decoder-05b,bc5cdr,T1,descriptive,row_max_causal,absoluta,0.90,,0.2383,sim,0.921,0.079,0.9009,0.0501,0.0948,545.0,,,,,,,,,,
qwen05b-ft-bc5cdr,decl-20-bc5cdr-decoder-05b,bc5cdr,T1,descriptive,row_max_causal,absoluta,0.95,,1.0,sim,0.9996,0.0004,1.0,0.0003,0.0006,3.0,,,,,,,,,,
qwen05b-ft-bc5cdr,decl-20-bc5cdr-decoder-05b,bc5cdr,T1,descriptive,row_max_causal,vao,0.25,0.8910,0.1653,sim,0.8157,0.1843,0.8914,0.1155,0.2045,1271.0,,,,,,,,,,
qwen05b-ft-bc5cdr,decl-20-bc5cdr-decoder-05b,bc5cdr,T1,descriptive,row_max_causal,vao,0.50,0.9273,1.0,sim,0.9996,0.0004,1.0,0.0003,0.0006,3.0,,,,,,,,,,
qwen05b-ft-bc5cdr,decl-20-bc5cdr-decoder-05b,bc5cdr,T1,descriptive,row_max_causal,vao,0.75,0.9637,1.0,sim,0.9996,0.0004,1.0,0.0003,0.0006,3.0,,,,,,,,,,
qwen05b-ft-bc5cdr,decl-20-bc5cdr-decoder-05b,bc5cdr,T1,descriptive,row_max_causal,vao,0.90,0.9855,1.0,sim,0.9996,0.0004,1.0,0.0003,0.0006,3.0,,,,,,,,,,
qwen05b-ft-bc5cdr,decl-20-bc5cdr-decoder-05b,bc5cdr,T1,descriptive,hidden_norm,absoluta,0.70,,0.0,sim,0.0,1.0,0.8699,0.6116,0.7182,6896.0,,,,,,,,,,
qwen05b-ft-bc5cdr,decl-20-bc5cdr-decoder-05b,bc5cdr,T1,descriptive,hidden_norm,absoluta,0.80,,0.0,sim,0.0,1.0,0.8699,0.6116,0.7182,6896.0,,,,,,,,,,
qwen05b-ft-bc5cdr,decl-20-bc5cdr-decoder-05b,bc5cdr,T1,descriptive,hidden_norm,absoluta,0.90,,0.2316,sim,0.3443,0.6557,0.9,0.4149,0.568,4522.0,,,,,,,,,,
qwen05b-ft-bc5cdr,decl-20-bc5cdr-decoder-05b,bc5cdr,T1,descriptive,hidden_norm,absoluta,0.95,,0.7922,sim,0.9946,0.0054,0.973,0.0037,0.0073,37.0,,,,,,,,,,
qwen05b-ft-bc5cdr,decl-20-bc5cdr-decoder-05b,bc5cdr,T1,descriptive,hidden_norm,vao,0.25,0.8910,0.1624,sim,0.2413,0.7587,0.8911,0.4753,0.6199,5232.0,,,,,,,,,,
qwen05b-ft-bc5cdr,decl-20-bc5cdr-decoder-05b,bc5cdr,T1,descriptive,hidden_norm,vao,0.50,0.9273,0.4463,sim,0.843,0.157,0.928,0.1025,0.1845,1083.0,,,,,,,,,,
qwen05b-ft-bc5cdr,decl-20-bc5cdr-decoder-05b,bc5cdr,T1,descriptive,hidden_norm,vao,0.75,0.9637,0.7922,sim,0.9946,0.0054,0.973,0.0037,0.0073,37.0,,,,,,,,,,
qwen05b-ft-bc5cdr,decl-20-bc5cdr-decoder-05b,bc5cdr,T1,descriptive,hidden_norm,vao,0.90,0.9855,,não,inalcançável,,,,,0.0,,,,,,,,,,
qwen05b-ft-bc5cdr,decl-20-bc5cdr-decoder-05b,bc5cdr,T1,descriptive,hidden_dist_centroide,absoluta,0.70,,0.0,sim,0.0,1.0,0.8699,0.6116,0.7182,6896.0,,,,,,,,,,
qwen05b-ft-bc5cdr,decl-20-bc5cdr-decoder-05b,bc5cdr,T1,descriptive,hidden_dist_centroide,absoluta,0.80,,0.0,sim,0.0,1.0,0.8699,0.6116,0.7182,6896.0,,,,,,,,,,
qwen05b-ft-bc5cdr,decl-20-bc5cdr-decoder-05b,bc5cdr,T1,descriptive,hidden_dist_centroide,absoluta,0.90,,0.3011,sim,0.9984,0.0016,0.9091,0.001,0.002,11.0,,,,,,,,,,
qwen05b-ft-bc5cdr,decl-20-bc5cdr-decoder-05b,bc5cdr,T1,descriptive,hidden_dist_centroide,absoluta,0.95,,1.0,sim,0.9999,0.0001,1.0,0.0001,0.0002,1.0,,,,,,,,,,
qwen05b-ft-bc5cdr,decl-20-bc5cdr-decoder-05b,bc5cdr,T1,descriptive,hidden_dist_centroide,vao,0.25,0.8910,0.3011,sim,0.9984,0.0016,0.9091,0.001,0.002,11.0,,,,,,,,,,
qwen05b-ft-bc5cdr,decl-20-bc5cdr-decoder-05b,bc5cdr,T1,descriptive,hidden_dist_centroide,vao,0.50,0.9273,1.0,sim,0.9999,0.0001,1.0,0.0001,0.0002,1.0,,,,,,,,,,
qwen05b-ft-bc5cdr,decl-20-bc5cdr-decoder-05b,bc5cdr,T1,descriptive,hidden_dist_centroide,vao,0.75,0.9637,1.0,sim,0.9999,0.0001,1.0,0.0001,0.0002,1.0,,,,,,,,,,
qwen05b-ft-bc5cdr,decl-20-bc5cdr-decoder-05b,bc5cdr,T1,descriptive,hidden_dist_centroide,vao,0.90,0.9855,1.0,sim,0.9999,0.0001,1.0,0.0001,0.0002,1.0,,,,,,,,,,
qwen05b-ft-bc5cdr,decl-20-bc5cdr-decoder-05b,bc5cdr,T1,descriptive,hidden_delta_camadas,absoluta,0.70,,0.0,sim,0.0,1.0,0.8699,0.6116,0.7182,6896.0,,,,,,,,,,
qwen05b-ft-bc5cdr,decl-20-bc5cdr-decoder-05b,bc5cdr,T1,descriptive,hidden_delta_camadas,absoluta,0.80,,0.0,sim,0.0,1.0,0.8699,0.6116,0.7182,6896.0,,,,,,,,,,
qwen05b-ft-bc5cdr,decl-20-bc5cdr-decoder-05b,bc5cdr,T1,descriptive,hidden_delta_camadas,absoluta,0.90,,0.2324,sim,0.3276,0.6724,0.9002,0.4255,0.5779,4637.0,,,,,,,,,,
qwen05b-ft-bc5cdr,decl-20-bc5cdr-decoder-05b,bc5cdr,T1,descriptive,hidden_delta_camadas,absoluta,0.95,,,não,inalcançável,,,,,0.0,,,,,,,,,,
qwen05b-ft-bc5cdr,decl-20-bc5cdr-decoder-05b,bc5cdr,T1,descriptive,hidden_delta_camadas,vao,0.25,0.8910,0.1622,sim,0.2322,0.7678,0.891,0.481,0.6247,5295.0,,,,,,,,,,
qwen05b-ft-bc5cdr,decl-20-bc5cdr-decoder-05b,bc5cdr,T1,descriptive,hidden_delta_camadas,vao,0.50,0.9273,0.4427,sim,0.844,0.156,0.9275,0.1017,0.1834,1076.0,,,,,,,,,,
qwen05b-ft-bc5cdr,decl-20-bc5cdr-decoder-05b,bc5cdr,T1,descriptive,hidden_delta_camadas,vao,0.75,0.9637,,não,inalcançável,,,,,0.0,,,,,,,,,,
qwen05b-ft-bc5cdr,decl-20-bc5cdr-decoder-05b,bc5cdr,T1,descriptive,hidden_delta_camadas,vao,0.90,0.9855,,não,inalcançável,,,,,0.0,,,,,,,,,,
qwen05b-ft-bc5cdr,decl-20-bc5cdr-decoder-05b,bc5cdr,T1,descriptive,sonda_ocultos,absoluta,0.70,,0.0,sim,0.0,1.0,0.8699,0.6116,0.7182,6896.0,,,,,,,,,,
qwen05b-ft-bc5cdr,decl-20-bc5cdr-decoder-05b,bc5cdr,T1,descriptive,sonda_ocultos,absoluta,0.80,,0.0,sim,0.0,1.0,0.8699,0.6116,0.7182,6896.0,,,,,,,,,,
qwen05b-ft-bc5cdr,decl-20-bc5cdr-decoder-05b,bc5cdr,T1,descriptive,sonda_ocultos,absoluta,0.90,,0.2318,sim,0.0436,0.9564,0.9001,0.6052,0.7237,6595.0,,,,,,,,,,
qwen05b-ft-bc5cdr,decl-20-bc5cdr-decoder-05b,bc5cdr,T1,descriptive,sonda_ocultos,absoluta,0.95,,0.616,sim,0.1842,0.8158,0.9501,0.5449,0.6926,5626.0,,,,,,,,,,
qwen05b-ft-bc5cdr,decl-20-bc5cdr-decoder-05b,bc5cdr,T1,descriptive,sonda_ocultos,vao,0.25,0.8910,0.1623,sim,0.0299,0.9701,0.891,0.6077,0.7226,6690.0,,,,,,,,,,
qwen05b-ft-bc5cdr,decl-20-bc5cdr-decoder-05b,bc5cdr,T1,descriptive,sonda_ocultos,vao,0.50,0.9273,0.4419,sim,0.099,0.901,0.9274,0.5874,0.7193,6213.0,,,,,,,,,,
qwen05b-ft-bc5cdr,decl-20-bc5cdr-decoder-05b,bc5cdr,T1,descriptive,sonda_ocultos,vao,0.75,0.9637,0.7212,sim,0.2963,0.7037,0.9637,0.4768,0.638,4853.0,,,,,,,,,,
qwen05b-ft-bc5cdr,decl-20-bc5cdr-decoder-05b,bc5cdr,T1,descriptive,sonda_ocultos,vao,0.90,0.9855,0.9101,sim,0.9752,0.0248,0.9883,0.0172,0.0339,171.0,,,,,,,,,,
qwen05b-ft-bc5cdr,decl-20-bc5cdr-decoder-05b,bc5cdr,T1,descriptive,sonda_atencao_cabecas,absoluta,0.70,,0.0,sim,0.0,1.0,0.8699,0.6116,0.7182,6896.0,,,,,,,,,,
qwen05b-ft-bc5cdr,decl-20-bc5cdr-decoder-05b,bc5cdr,T1,descriptive,sonda_atencao_cabecas,absoluta,0.80,,0.0,sim,0.0,1.0,0.8699,0.6116,0.7182,6896.0,,,,,,,,,,
qwen05b-ft-bc5cdr,decl-20-bc5cdr-decoder-05b,bc5cdr,T1,descriptive,sonda_atencao_cabecas,absoluta,0.90,,0.2316,sim,0.0686,0.9314,0.9,0.5894,0.7123,6423.0,,,,,,,,,,
qwen05b-ft-bc5cdr,decl-20-bc5cdr-decoder-05b,bc5cdr,T1,descriptive,sonda_atencao_cabecas,absoluta,0.95,,0.6166,sim,0.3546,0.6454,0.9501,0.4311,0.5931,4451.0,,,,,,,,,,
qwen05b-ft-bc5cdr,decl-20-bc5cdr-decoder-05b,bc5cdr,T1,descriptive,sonda_atencao_cabecas,vao,0.25,0.8910,0.1625,sim,0.0429,0.9571,0.8911,0.5996,0.7168,6600.0,,,,,,,,,,
qwen05b-ft-bc5cdr,decl-20-bc5cdr-decoder-05b,bc5cdr,T1,descriptive,sonda_atencao_cabecas,vao,0.50,0.9273,0.4415,sim,0.1736,0.8264,0.9274,0.5388,0.6816,5699.0,,,,,,,,,,
qwen05b-ft-bc5cdr,decl-20-bc5cdr-decoder-05b,bc5cdr,T1,descriptive,sonda_atencao_cabecas,vao,0.75,0.9637,0.7219,sim,0.5029,0.4971,0.9638,0.3368,0.4992,3428.0,,,,,,,,,,
qwen05b-ft-bc5cdr,decl-20-bc5cdr-decoder-05b,bc5cdr,T1,descriptive,sonda_atencao_cabecas,vao,0.90,0.9855,0.895,sim,0.8939,0.1061,0.9863,0.0736,0.137,732.0,,,,,,,,,,
qwen05b-ft-bc5cdr,decl-20-bc5cdr-decoder-05b,bc5cdr,T1,descriptive,span_mass,absoluta,0.70,,0.0,sim,0.0,1.0,0.8699,0.6116,0.7182,6896.0,,,,,,,,,,
qwen05b-ft-bc5cdr,decl-20-bc5cdr-decoder-05b,bc5cdr,T1,descriptive,span_mass,absoluta,0.80,,0.0,sim,0.0,1.0,0.8699,0.6116,0.7182,6896.0,,,,,,,,,,
qwen05b-ft-bc5cdr,decl-20-bc5cdr-decoder-05b,bc5cdr,T1,descriptive,span_mass,absoluta,0.90,,1.0,sim,0.9997,0.0003,1.0,0.0002,0.0004,2.0,,,,,,,,,,
qwen05b-ft-bc5cdr,decl-20-bc5cdr-decoder-05b,bc5cdr,T1,descriptive,span_mass,absoluta,0.95,,1.0,sim,0.9997,0.0003,1.0,0.0002,0.0004,2.0,,,,,,,,,,
qwen05b-ft-bc5cdr,decl-20-bc5cdr-decoder-05b,bc5cdr,T1,descriptive,span_mass,vao,0.25,0.8910,1.0,sim,0.9997,0.0003,1.0,0.0002,0.0004,2.0,,,,,,,,,,
qwen05b-ft-bc5cdr,decl-20-bc5cdr-decoder-05b,bc5cdr,T1,descriptive,span_mass,vao,0.50,0.9273,1.0,sim,0.9997,0.0003,1.0,0.0002,0.0004,2.0,,,,,,,,,,
qwen05b-ft-bc5cdr,decl-20-bc5cdr-decoder-05b,bc5cdr,T1,descriptive,span_mass,vao,0.75,0.9637,1.0,sim,0.9997,0.0003,1.0,0.0002,0.0004,2.0,,,,,,,,,,
qwen05b-ft-bc5cdr,decl-20-bc5cdr-decoder-05b,bc5cdr,T1,descriptive,span_mass,vao,0.90,0.9855,1.0,sim,0.9997,0.0003,1.0,0.0002,0.0004,2.0,,,,,,,,,,
qwen05b-ft-bc5cdr,decl-20-bc5cdr-decoder-05b,bc5cdr,T1,descriptive,model_confidence,absoluta,0.70,,0.0,sim,0.0,1.0,0.8699,0.6116,0.7182,6896.0,,,,,,,,,,
qwen05b-ft-bc5cdr,decl-20-bc5cdr-decoder-05b,bc5cdr,T1,descriptive,model_confidence,absoluta,0.80,,0.0,sim,0.0,1.0,0.8699,0.6116,0.7182,6896.0,,,,,,,,,,
qwen05b-ft-bc5cdr,decl-20-bc5cdr-decoder-05b,bc5cdr,T1,descriptive,model_confidence,absoluta,0.90,,0.2318,sim,0.1075,0.8925,0.9001,0.5648,0.6941,6155.0,,,,,,,,,,
qwen05b-ft-bc5cdr,decl-20-bc5cdr-decoder-05b,bc5cdr,T1,descriptive,model_confidence,absoluta,0.95,,0.6158,sim,0.4429,0.5571,0.95,0.3721,0.5348,3842.0,,,,,,,,,,
qwen05b-ft-bc5cdr,decl-20-bc5cdr-decoder-05b,bc5cdr,T1,descriptive,model_confidence,vao,0.25,0.8910,0.1625,sim,0.0789,0.9211,0.8911,0.577,0.7005,6352.0,,,,,,,,,,
qwen05b-ft-bc5cdr,decl-20-bc5cdr-decoder-05b,bc5cdr,T1,descriptive,model_confidence,vao,0.50,0.9273,0.4412,sim,0.2339,0.7661,0.9273,0.4994,0.6492,5283.0,,,,,,,,,,
qwen05b-ft-bc5cdr,decl-20-bc5cdr-decoder-05b,bc5cdr,T1,descriptive,model_confidence,vao,0.75,0.9637,0.7234,sim,0.6614,0.3386,0.964,0.2295,0.3707,2335.0,,,,,,,,,,
qwen05b-ft-bc5cdr,decl-20-bc5cdr-decoder-05b,bc5cdr,T1,descriptive,model_confidence,vao,0.90,0.9855,0.8961,sim,0.9142,0.0858,0.9865,0.0595,0.1123,592.0,,,,,,,,,,
qwen05b-ft-bc5cdr,decl-20-bc5cdr-decoder-05b,bc5cdr,S2,task_verdict,span_mass,absoluta,0.70,,,sim,0.0,,,,,,model_confidence,0.0,0.0,0.0,0.0,6896.0,2910.0,2000.0,0.0,NÃO DISTINGUE (IC contém zero)
qwen05b-ft-bc5cdr,decl-20-bc5cdr-decoder-05b,bc5cdr,S2,task_verdict,span_mass,absoluta,0.80,,,sim,0.0,,,,,,model_confidence,0.0,0.0,0.0,0.0,6896.0,2910.0,2000.0,0.0,NÃO DISTINGUE (IC contém zero)
qwen05b-ft-bc5cdr,decl-20-bc5cdr-decoder-05b,bc5cdr,S2,task_verdict,span_mass,absoluta,0.90,,,sim,0.9997,,,,,,model_confidence,0.1075,0.8923,0.8493,0.9203,6896.0,2910.0,1830.0,170.0,span_mass EXIGE MAIS revisão
qwen05b-ft-bc5cdr,decl-20-bc5cdr-decoder-05b,bc5cdr,S2,task_verdict,span_mass,absoluta,0.95,,,sim,0.9997,,,,,,model_confidence,0.4429,0.5568,0.4078,0.6381,6896.0,2910.0,1826.0,174.0,span_mass EXIGE MAIS revisão
qwen05b-ft-bc5cdr,decl-20-bc5cdr-decoder-05b,bc5cdr,S2,task_verdict,span_mass,vao,0.25,0.8910,,sim,0.9997,,,,,,model_confidence,0.0789,0.9208,0.5604,0.9486,6896.0,2910.0,1841.0,159.0,span_mass EXIGE MAIS revisão
qwen05b-ft-bc5cdr,decl-20-bc5cdr-decoder-05b,bc5cdr,S2,task_verdict,span_mass,vao,0.50,0.9273,,sim,0.9997,,,,,,model_confidence,0.2339,0.7658,0.7156,0.8064,6896.0,2910.0,1826.0,174.0,span_mass EXIGE MAIS revisão
qwen05b-ft-bc5cdr,decl-20-bc5cdr-decoder-05b,bc5cdr,S2,task_verdict,span_mass,vao,0.75,0.9637,,sim,0.9997,,,,,,model_confidence,0.6614,0.3383,0.2062,0.4425,6896.0,2910.0,1826.0,174.0,span_mass EXIGE MAIS revisão
qwen05b-ft-bc5cdr,decl-20-bc5cdr-decoder-05b,bc5cdr,S2,task_verdict,span_mass,vao,0.90,0.9855,,sim,0.9997,,,,,,model_confidence,0.9142,0.0856,0.05,0.1373,6896.0,2910.0,1826.0,174.0,span_mass EXIGE MAIS revisão
qwen05b-ft-bc5cdr,decl-20-bc5cdr-decoder-05b,bc5cdr,S4,task_verdict,span_mass,absoluta,0.70,,,sim,0.0,,,,,,aggseq,0.0,0.0,0.0,0.0,6896.0,2910.0,2000.0,0.0,NÃO DISTINGUE (IC contém zero)
qwen05b-ft-bc5cdr,decl-20-bc5cdr-decoder-05b,bc5cdr,S4,task_verdict,span_mass,absoluta,0.80,,,sim,0.0,,,,,,aggseq,0.0,0.0,0.0,0.0,6896.0,2910.0,2000.0,0.0,NÃO DISTINGUE (IC contém zero)
qwen05b-ft-bc5cdr,decl-20-bc5cdr-decoder-05b,bc5cdr,S4,task_verdict,span_mass,absoluta,0.90,,,sim,0.9997,,,,,,aggseq,0.1304,0.8693,0.8398,0.9344,6896.0,2910.0,1830.0,170.0,span_mass EXIGE MAIS revisão
qwen05b-ft-bc5cdr,decl-20-bc5cdr-decoder-05b,bc5cdr,S4,task_verdict,span_mass,absoluta,0.95,,,não,0.9997,,,,,,aggseq,inalcançável,,,,6896.0,2910.0,0.0,0.0,inalcançável para aggseq
qwen05b-ft-bc5cdr,decl-20-bc5cdr-decoder-05b,bc5cdr,S4,task_verdict,span_mass,vao,0.25,0.8910,,sim,0.9997,,,,,,aggseq,0.0622,0.9375,0.5701,0.9586,6896.0,2910.0,1841.0,159.0,span_mass EXIGE MAIS revisão
qwen05b-ft-bc5cdr,decl-20-bc5cdr-decoder-05b,bc5cdr,S4,task_verdict,span_mass,vao,0.50,0.9273,,sim,0.9997,,,,,,aggseq,0.2697,0.73,0.6973,0.7546,6896.0,2910.0,1825.0,175.0,span_mass EXIGE MAIS revisão
qwen05b-ft-bc5cdr,decl-20-bc5cdr-decoder-05b,bc5cdr,S4,task_verdict,span_mass,vao,0.75,0.9637,,não,0.9997,,,,,,aggseq,inalcançável,,,,6896.0,2910.0,0.0,0.0,inalcançável para aggseq
qwen05b-ft-bc5cdr,decl-20-bc5cdr-decoder-05b,bc5cdr,S4,task_verdict,span_mass,vao,0.90,0.9855,,não,0.9997,,,,,,aggseq,inalcançável,,,,6896.0,2910.0,0.0,0.0,inalcançável para aggseq
qwen05b-ft-bc5cdr,decl-20-bc5cdr-decoder-05b,bc5cdr,S6,task_verdict,row_entropy_causal,absoluta,0.70,,,sim,0.0,,,,,,model_confidence,0.0,0.0,0.0,0.0,6896.0,2910.0,2000.0,0.0,NÃO DISTINGUE (IC contém zero)
qwen05b-ft-bc5cdr,decl-20-bc5cdr-decoder-05b,bc5cdr,S6,task_verdict,row_entropy_causal,absoluta,0.80,,,sim,0.0,,,,,,model_confidence,0.0,0.0,0.0,0.0,6896.0,2910.0,2000.0,0.0,NÃO DISTINGUE (IC contém zero)
qwen05b-ft-bc5cdr,decl-20-bc5cdr-decoder-05b,bc5cdr,S6,task_verdict,row_entropy_causal,absoluta,0.90,,,sim,0.9246,,,,,,model_confidence,0.1075,0.8171,0.7443,0.859,6896.0,2910.0,2000.0,0.0,row_entropy_causal EXIGE MAIS revisão
qwen05b-ft-bc5cdr,decl-20-bc5cdr-decoder-05b,bc5cdr,S6,task_verdict,row_entropy_causal,absoluta,0.95,,,sim,0.9985,,,,,,model_confidence,0.4429,0.5557,0.4066,0.6361,6896.0,2910.0,2000.0,0.0,row_entropy_causal EXIGE MAIS revisão
qwen05b-ft-bc5cdr,decl-20-bc5cdr-decoder-05b,bc5cdr,S6,task_verdict,row_entropy_causal,vao,0.25,0.8910,,sim,0.8923,,,,,,model_confidence,0.0789,0.8134,0.6752,0.874,6896.0,2910.0,2000.0,0.0,row_entropy_causal EXIGE MAIS revisão
qwen05b-ft-bc5cdr,decl-20-bc5cdr-decoder-05b,bc5cdr,S6,task_verdict,row_entropy_causal,vao,0.50,0.9273,,sim,0.9497,,,,,,model_confidence,0.2339,0.7158,0.6692,0.7936,6896.0,2910.0,2000.0,0.0,row_entropy_causal EXIGE MAIS revisão
qwen05b-ft-bc5cdr,decl-20-bc5cdr-decoder-05b,bc5cdr,S6,task_verdict,row_entropy_causal,vao,0.75,0.9637,,sim,0.9985,,,,,,model_confidence,0.6614,0.3372,0.2047,0.4458,6896.0,2910.0,2000.0,0.0,row_entropy_causal EXIGE MAIS revisão
qwen05b-ft-bc5cdr,decl-20-bc5cdr-decoder-05b,bc5cdr,S6,task_verdict,row_entropy_causal,vao,0.90,0.9855,,sim,0.9985,,,,,,model_confidence,0.9142,0.0844,0.049,0.1368,6896.0,2910.0,2000.0,0.0,row_entropy_causal EXIGE MAIS revisão
qwen05b-ft-bc5cdr,decl-20-bc5cdr-decoder-05b,bc5cdr,S8,task_verdict,row_entropy_causal,absoluta,0.70,,,sim,0.0,,,,,,aggseq,0.0,0.0,0.0,0.0,6896.0,2910.0,2000.0,0.0,NÃO DISTINGUE (IC contém zero)
qwen05b-ft-bc5cdr,decl-20-bc5cdr-decoder-05b,bc5cdr,S8,task_verdict,row_entropy_causal,absoluta,0.80,,,sim,0.0,,,,,,aggseq,0.0,0.0,0.0,0.0,6896.0,2910.0,2000.0,0.0,NÃO DISTINGUE (IC contém zero)
qwen05b-ft-bc5cdr,decl-20-bc5cdr-decoder-05b,bc5cdr,S8,task_verdict,row_entropy_causal,absoluta,0.90,,,sim,0.9246,,,,,,aggseq,0.1304,0.7942,0.7319,0.8651,6896.0,2910.0,2000.0,0.0,row_entropy_causal EXIGE MAIS revisão
qwen05b-ft-bc5cdr,decl-20-bc5cdr-decoder-05b,bc5cdr,S8,task_verdict,row_entropy_causal,absoluta,0.95,,,não,0.9985,,,,,,aggseq,inalcançável,,,,6896.0,2910.0,0.0,0.0,inalcançável para aggseq
qwen05b-ft-bc5cdr,decl-20-bc5cdr-decoder-05b,bc5cdr,S8,task_verdict,row_entropy_causal,vao,0.25,0.8910,,sim,0.8923,,,,,,aggseq,0.0622,0.83,0.6858,0.8884,6896.0,2910.0,2000.0,0.0,row_entropy_causal EXIGE MAIS revisão
qwen05b-ft-bc5cdr,decl-20-bc5cdr-decoder-05b,bc5cdr,S8,task_verdict,row_entropy_causal,vao,0.50,0.9273,,sim,0.9497,,,,,,aggseq,0.2697,0.68,0.6451,0.7453,6896.0,2910.0,1999.0,1.0,row_entropy_causal EXIGE MAIS revisão
qwen05b-ft-bc5cdr,decl-20-bc5cdr-decoder-05b,bc5cdr,S8,task_verdict,row_entropy_causal,vao,0.75,0.9637,,não,0.9985,,,,,,aggseq,inalcançável,,,,6896.0,2910.0,0.0,0.0,inalcançável para aggseq
qwen05b-ft-bc5cdr,decl-20-bc5cdr-decoder-05b,bc5cdr,S8,task_verdict,row_entropy_causal,vao,0.90,0.9855,,não,0.9985,,,,,,aggseq,inalcançável,,,,6896.0,2910.0,0.0,0.0,inalcançável para aggseq
qwen05b-ft-bc5cdr,decl-20-bc5cdr-decoder-05b,bc5cdr,S10,task_verdict,row_max_causal,absoluta,0.70,,,sim,0.0,,,,,,model_confidence,0.0,0.0,0.0,0.0,6896.0,2910.0,2000.0,0.0,NÃO DISTINGUE (IC contém zero)
qwen05b-ft-bc5cdr,decl-20-bc5cdr-decoder-05b,bc5cdr,S10,task_verdict,row_max_causal,absoluta,0.80,,,sim,0.0,,,,,,model_confidence,0.0,0.0,0.0,0.0,6896.0,2910.0,2000.0,0.0,NÃO DISTINGUE (IC contém zero)
qwen05b-ft-bc5cdr,decl-20-bc5cdr-decoder-05b,bc5cdr,S10,task_verdict,row_max_causal,absoluta,0.90,,,sim,0.921,,,,,,model_confidence,0.1075,0.8135,0.6683,0.8996,6896.0,2910.0,1991.0,9.0,row_max_causal EXIGE MAIS revisão
qwen05b-ft-bc5cdr,decl-20-bc5cdr-decoder-05b,bc5cdr,S10,task_verdict,row_max_causal,absoluta,0.95,,,sim,0.9996,,,,,,model_confidence,0.4429,0.5567,0.4076,0.6383,6896.0,2910.0,1935.0,65.0,row_max_causal EXIGE MAIS revisão
qwen05b-ft-bc5cdr,decl-20-bc5cdr-decoder-05b,bc5cdr,S10,task_verdict,row_max_causal,vao,0.25,0.8910,,sim,0.8157,,,,,,model_confidence,0.0789,0.7368,0.3607,0.9143,6896.0,2910.0,1997.0,3.0,row_max_causal EXIGE MAIS revisão
qwen05b-ft-bc5cdr,decl-20-bc5cdr-decoder-05b,bc5cdr,S10,task_verdict,row_max_causal,vao,0.50,0.9273,,sim,0.9996,,,,,,model_confidence,0.2339,0.7657,0.6894,0.8029,6896.0,2910.0,1944.0,56.0,row_max_causal EXIGE MAIS revisão
qwen05b-ft-bc5cdr,decl-20-bc5cdr-decoder-05b,bc5cdr,S10,task_verdict,row_max_causal,vao,0.75,0.9637,,sim,0.9996,,,,,,model_confidence,0.6614,0.3382,0.2051,0.4407,6896.0,2910.0,1935.0,65.0,row_max_causal EXIGE MAIS revisão
qwen05b-ft-bc5cdr,decl-20-bc5cdr-decoder-05b,bc5cdr,S10,task_verdict,row_max_causal,vao,0.90,0.9855,,sim,0.9996,,,,,,model_confidence,0.9142,0.0854,0.0499,0.1376,6896.0,2910.0,1935.0,65.0,row_max_causal EXIGE MAIS revisão
qwen05b-ft-bc5cdr,decl-20-bc5cdr-decoder-05b,bc5cdr,S12,task_verdict,row_max_causal,absoluta,0.70,,,sim,0.0,,,,,,aggseq,0.0,0.0,0.0,0.0,6896.0,2910.0,2000.0,0.0,NÃO DISTINGUE (IC contém zero)
qwen05b-ft-bc5cdr,decl-20-bc5cdr-decoder-05b,bc5cdr,S12,task_verdict,row_max_causal,absoluta,0.80,,,sim,0.0,,,,,,aggseq,0.0,0.0,0.0,0.0,6896.0,2910.0,2000.0,0.0,NÃO DISTINGUE (IC contém zero)
qwen05b-ft-bc5cdr,decl-20-bc5cdr-decoder-05b,bc5cdr,S12,task_verdict,row_max_causal,absoluta,0.90,,,sim,0.921,,,,,,aggseq,0.1304,0.7906,0.6535,0.8905,6896.0,2910.0,1991.0,9.0,row_max_causal EXIGE MAIS revisão
qwen05b-ft-bc5cdr,decl-20-bc5cdr-decoder-05b,bc5cdr,S12,task_verdict,row_max_causal,absoluta,0.95,,,não,0.9996,,,,,,aggseq,inalcançável,,,,6896.0,2910.0,0.0,0.0,inalcançável para aggseq
qwen05b-ft-bc5cdr,decl-20-bc5cdr-decoder-05b,bc5cdr,S12,task_verdict,row_max_causal,vao,0.25,0.8910,,sim,0.8157,,,,,,aggseq,0.0622,0.7535,0.3733,0.9249,6896.0,2910.0,1997.0,3.0,row_max_causal EXIGE MAIS revisão
qwen05b-ft-bc5cdr,decl-20-bc5cdr-decoder-05b,bc5cdr,S12,task_verdict,row_max_causal,vao,0.50,0.9273,,sim,0.9996,,,,,,aggseq,0.2697,0.7298,0.6546,0.7513,6896.0,2910.0,1943.0,57.0,row_max_causal EXIGE MAIS revisão
qwen05b-ft-bc5cdr,decl-20-bc5cdr-decoder-05b,bc5cdr,S12,task_verdict,row_max_causal,vao,0.75,0.9637,,não,0.9996,,,,,,aggseq,inalcançável,,,,6896.0,2910.0,0.0,0.0,inalcançável para aggseq
qwen05b-ft-bc5cdr,decl-20-bc5cdr-decoder-05b,bc5cdr,S12,task_verdict,row_max_causal,vao,0.90,0.9855,,não,0.9996,,,,,,aggseq,inalcançável,,,,6896.0,2910.0,0.0,0.0,inalcançável para aggseq
qwen05b-ft-bc5cdr,decl-20-bc5cdr-decoder-05b,bc5cdr,S14,task_verdict,hidden_norm,absoluta,0.70,,,sim,0.0,,,,,,model_confidence,0.0,0.0,0.0,0.0,6896.0,2910.0,2000.0,0.0,NÃO DISTINGUE (IC contém zero)
qwen05b-ft-bc5cdr,decl-20-bc5cdr-decoder-05b,bc5cdr,S14,task_verdict,hidden_norm,absoluta,0.80,,,sim,0.0,,,,,,model_confidence,0.0,0.0,0.0,0.0,6896.0,2910.0,2000.0,0.0,NÃO DISTINGUE (IC contém zero)
qwen05b-ft-bc5cdr,decl-20-bc5cdr-decoder-05b,bc5cdr,S14,task_verdict,hidden_norm,absoluta,0.90,,,sim,0.3443,,,,,,model_confidence,0.1075,0.2368,0.1489,0.4387,6896.0,2910.0,2000.0,0.0,hidden_norm EXIGE MAIS revisão
qwen05b-ft-bc5cdr,decl-20-bc5cdr-decoder-05b,bc5cdr,S14,task_verdict,hidden_norm,absoluta,0.95,,,sim,0.9946,,,,,,model_confidence,0.4429,0.5518,0.3892,0.6287,6896.0,2910.0,1697.0,303.0,hidden_norm EXIGE MAIS revisão
qwen05b-ft-bc5cdr,decl-20-bc5cdr-decoder-05b,bc5cdr,S14,task_verdict,hidden_norm,vao,0.25,0.8910,,sim,0.2413,,,,,,model_confidence,0.0789,0.1624,0.0989,0.2518,6896.0,2910.0,2000.0,0.0,hidden_norm EXIGE MAIS revisão
qwen05b-ft-bc5cdr,decl-20-bc5cdr-decoder-05b,bc5cdr,S14,task_verdict,hidden_norm,vao,0.50,0.9273,,sim,0.843,,,,,,model_confidence,0.2339,0.609,0.4663,0.7696,6896.0,2910.0,1981.0,19.0,hidden_norm EXIGE MAIS revisão
qwen05b-ft-bc5cdr,decl-20-bc5cdr-decoder-05b,bc5cdr,S14,task_verdict,hidden_norm,vao,0.75,0.9637,,sim,0.9946,,,,,,model_confidence,0.6614,0.3332,0.1954,0.4312,6896.0,2910.0,1471.0,529.0,hidden_norm EXIGE MAIS revisão
qwen05b-ft-bc5cdr,decl-20-bc5cdr-decoder-05b,bc5cdr,S14,task_verdict,hidden_norm,vao,0.90,0.9855,,não,inalcançável,,,,,,model_confidence,0.9142,,,,6896.0,2910.0,0.0,0.0,inalcançável para hidden_norm
qwen05b-ft-bc5cdr,decl-20-bc5cdr-decoder-05b,bc5cdr,S16,task_verdict,hidden_norm,absoluta,0.70,,,sim,0.0,,,,,,aggseq,0.0,0.0,0.0,0.0,6896.0,2910.0,2000.0,0.0,NÃO DISTINGUE (IC contém zero)
qwen05b-ft-bc5cdr,decl-20-bc5cdr-decoder-05b,bc5cdr,S16,task_verdict,hidden_norm,absoluta,0.80,,,sim,0.0,,,,,,aggseq,0.0,0.0,0.0,0.0,6896.0,2910.0,2000.0,0.0,NÃO DISTINGUE (IC contém zero)
qwen05b-ft-bc5cdr,decl-20-bc5cdr-decoder-05b,bc5cdr,S16,task_verdict,hidden_norm,absoluta,0.90,,,sim,0.3443,,,,,,aggseq,0.1304,0.2139,0.1317,0.4306,6896.0,2910.0,2000.0,0.0,hidden_norm EXIGE MAIS revisão
qwen05b-ft-bc5cdr,decl-20-bc5cdr-decoder-05b,bc5cdr,S16,task_verdict,hidden_norm,absoluta,0.95,,,não,0.9946,,,,,,aggseq,inalcançável,,,,6896.0,2910.0,0.0,0.0,inalcançável para aggseq
qwen05b-ft-bc5cdr,decl-20-bc5cdr-decoder-05b,bc5cdr,S16,task_verdict,hidden_norm,vao,0.25,0.8910,,sim,0.2413,,,,,,aggseq,0.0622,0.1791,0.1084,0.2502,6896.0,2910.0,2000.0,0.0,hidden_norm EXIGE MAIS revisão
qwen05b-ft-bc5cdr,decl-20-bc5cdr-decoder-05b,bc5cdr,S16,task_verdict,hidden_norm,vao,0.50,0.9273,,sim,0.843,,,,,,aggseq,0.2697,0.5732,0.4337,0.7285,6896.0,2910.0,1980.0,20.0,hidden_norm EXIGE MAIS revisão
qwen05b-ft-bc5cdr,decl-20-bc5cdr-decoder-05b,bc5cdr,S16,task_verdict,hidden_norm,vao,0.75,0.9637,,não,0.9946,,,,,,aggseq,inalcançável,,,,6896.0,2910.0,0.0,0.0,inalcançável para aggseq
qwen05b-ft-bc5cdr,decl-20-bc5cdr-decoder-05b,bc5cdr,S16,task_verdict,hidden_norm,vao,0.90,0.9855,,não,inalcançável,,,,,,aggseq,inalcançável,,,,6896.0,2910.0,0.0,0.0,inalcançável para hidden_norm e aggseq
qwen05b-ft-bc5cdr,decl-20-bc5cdr-decoder-05b,bc5cdr,S18,task_verdict,hidden_dist_centroide,absoluta,0.70,,,sim,0.0,,,,,,model_confidence,0.0,0.0,0.0,0.0,6896.0,2910.0,2000.0,0.0,NÃO DISTINGUE (IC contém zero)
qwen05b-ft-bc5cdr,decl-20-bc5cdr-decoder-05b,bc5cdr,S18,task_verdict,hidden_dist_centroide,absoluta,0.80,,,sim,0.0,,,,,,model_confidence,0.0,0.0,0.0,0.0,6896.0,2910.0,2000.0,0.0,NÃO DISTINGUE (IC contém zero)
qwen05b-ft-bc5cdr,decl-20-bc5cdr-decoder-05b,bc5cdr,S18,task_verdict,hidden_dist_centroide,absoluta,0.90,,,sim,0.9984,,,,,,model_confidence,0.1075,0.891,0.1528,0.9157,6896.0,2910.0,1756.0,244.0,hidden_dist_centroide EXIGE MAIS revisão
qwen05b-ft-bc5cdr,decl-20-bc5cdr-decoder-05b,bc5cdr,S18,task_verdict,hidden_dist_centroide,absoluta,0.95,,,sim,0.9999,,,,,,model_confidence,0.4429,0.557,0.4163,0.6371,6896.0,2910.0,1566.0,434.0,hidden_dist_centroide EXIGE MAIS revisão
qwen05b-ft-bc5cdr,decl-20-bc5cdr-decoder-05b,bc5cdr,S18,task_verdict,hidden_dist_centroide,vao,0.25,0.8910,,sim,0.9984,,,,,,model_confidence,0.0789,0.9195,0.0317,0.9285,6896.0,2910.0,1872.0,128.0,hidden_dist_centroide EXIGE MAIS revisão
qwen05b-ft-bc5cdr,decl-20-bc5cdr-decoder-05b,bc5cdr,S18,task_verdict,hidden_dist_centroide,vao,0.50,0.9273,,sim,0.9999,,,,,,model_confidence,0.2339,0.766,0.7154,0.805,6896.0,2910.0,1643.0,357.0,hidden_dist_centroide EXIGE MAIS revisão
qwen05b-ft-bc5cdr,decl-20-bc5cdr-decoder-05b,bc5cdr,S18,task_verdict,hidden_dist_centroide,vao,0.75,0.9637,,sim,0.9999,,,,,,model_confidence,0.6614,0.3385,0.2089,0.4407,6896.0,2910.0,1529.0,471.0,hidden_dist_centroide EXIGE MAIS revisão
qwen05b-ft-bc5cdr,decl-20-bc5cdr-decoder-05b,bc5cdr,S18,task_verdict,hidden_dist_centroide,vao,0.90,0.9855,,sim,0.9999,,,,,,model_confidence,0.9142,0.0857,0.0493,0.1372,6896.0,2910.0,1521.0,479.0,hidden_dist_centroide EXIGE MAIS revisão
qwen05b-ft-bc5cdr,decl-20-bc5cdr-decoder-05b,bc5cdr,S20,task_verdict,hidden_dist_centroide,absoluta,0.70,,,sim,0.0,,,,,,aggseq,0.0,0.0,0.0,0.0,6896.0,2910.0,2000.0,0.0,NÃO DISTINGUE (IC contém zero)
qwen05b-ft-bc5cdr,decl-20-bc5cdr-decoder-05b,bc5cdr,S20,task_verdict,hidden_dist_centroide,absoluta,0.80,,,sim,0.0,,,,,,aggseq,0.0,0.0,0.0,0.0,6896.0,2910.0,2000.0,0.0,NÃO DISTINGUE (IC contém zero)
qwen05b-ft-bc5cdr,decl-20-bc5cdr-decoder-05b,bc5cdr,S20,task_verdict,hidden_dist_centroide,absoluta,0.90,,,sim,0.9984,,,,,,aggseq,0.1304,0.868,0.1597,0.9271,6896.0,2910.0,1756.0,244.0,hidden_dist_centroide EXIGE MAIS revisão
qwen05b-ft-bc5cdr,decl-20-bc5cdr-decoder-05b,bc5cdr,S20,task_verdict,hidden_dist_centroide,absoluta,0.95,,,não,0.9999,,,,,,aggseq,inalcançável,,,,6896.0,2910.0,0.0,0.0,inalcançável para aggseq
qwen05b-ft-bc5cdr,decl-20-bc5cdr-decoder-05b,bc5cdr,S20,task_verdict,hidden_dist_centroide,vao,0.25,0.8910,,sim,0.9984,,,,,,aggseq,0.0622,0.9362,0.0442,0.9417,6896.0,2910.0,1872.0,128.0,hidden_dist_centroide EXIGE MAIS revisão
qwen05b-ft-bc5cdr,decl-20-bc5cdr-decoder-05b,bc5cdr,S20,task_verdict,hidden_dist_centroide,vao,0.50,0.9273,,sim,0.9999,,,,,,aggseq,0.2697,0.7301,0.6964,0.7526,6896.0,2910.0,1642.0,358.0,hidden_dist_centroide EXIGE MAIS revisão
qwen05b-ft-bc5cdr,decl-20-bc5cdr-decoder-05b,bc5cdr,S20,task_verdict,hidden_dist_centroide,vao,0.75,0.9637,,não,0.9999,,,,,,aggseq,inalcançável,,,,6896.0,2910.0,0.0,0.0,inalcançável para aggseq
qwen05b-ft-bc5cdr,decl-20-bc5cdr-decoder-05b,bc5cdr,S20,task_verdict,hidden_dist_centroide,vao,0.90,0.9855,,não,0.9999,,,,,,aggseq,inalcançável,,,,6896.0,2910.0,0.0,0.0,inalcançável para aggseq
qwen05b-ft-bc5cdr,decl-20-bc5cdr-decoder-05b,bc5cdr,S22,task_verdict,hidden_delta_camadas,absoluta,0.70,,,sim,0.0,,,,,,model_confidence,0.0,0.0,0.0,0.0,6896.0,2910.0,2000.0,0.0,NÃO DISTINGUE (IC contém zero)
qwen05b-ft-bc5cdr,decl-20-bc5cdr-decoder-05b,bc5cdr,S22,task_verdict,hidden_delta_camadas,absoluta,0.80,,,sim,0.0,,,,,,model_confidence,0.0,0.0,0.0,0.0,6896.0,2910.0,2000.0,0.0,NÃO DISTINGUE (IC contém zero)
qwen05b-ft-bc5cdr,decl-20-bc5cdr-decoder-05b,bc5cdr,S22,task_verdict,hidden_delta_camadas,absoluta,0.90,,,sim,0.3276,,,,,,model_confidence,0.1075,0.2201,0.1439,0.4947,6896.0,2910.0,1999.0,1.0,hidden_delta_camadas EXIGE MAIS revisão
qwen05b-ft-bc5cdr,decl-20-bc5cdr-decoder-05b,bc5cdr,S22,task_verdict,hidden_delta_camadas,absoluta,0.95,,,não,inalcançável,,,,,,model_confidence,0.4429,,,,6896.0,2910.0,0.0,0.0,inalcançável para hidden_delta_camadas
qwen05b-ft-bc5cdr,decl-20-bc5cdr-decoder-05b,bc5cdr,S22,task_verdict,hidden_delta_camadas,vao,0.25,0.8910,,sim,0.2322,,,,,,model_confidence,0.0789,0.1533,0.0964,0.2425,6896.0,2910.0,2000.0,0.0,hidden_delta_camadas EXIGE MAIS revisão
qwen05b-ft-bc5cdr,decl-20-bc5cdr-decoder-05b,bc5cdr,S22,task_verdict,hidden_delta_camadas,vao,0.50,0.9273,,sim,0.844,,,,,,model_confidence,0.2339,0.6101,0.485,0.7755,6896.0,2910.0,1780.0,220.0,hidden_delta_camadas EXIGE MAIS revisão
qwen05b-ft-bc5cdr,decl-20-bc5cdr-decoder-05b,bc5cdr,S22,task_verdict,hidden_delta_camadas,vao,0.75,0.9637,,não,inalcançável,,,,,,model_confidence,0.6614,,,,6896.0,2910.0,0.0,0.0,inalcançável para hidden_delta_camadas
qwen05b-ft-bc5cdr,decl-20-bc5cdr-decoder-05b,bc5cdr,S22,task_verdict,hidden_delta_camadas,vao,0.90,0.9855,,não,inalcançável,,,,,,model_confidence,0.9142,,,,6896.0,2910.0,0.0,0.0,inalcançável para hidden_delta_camadas
qwen05b-ft-bc5cdr,decl-20-bc5cdr-decoder-05b,bc5cdr,S24,task_verdict,hidden_delta_camadas,absoluta,0.70,,,sim,0.0,,,,,,aggseq,0.0,0.0,0.0,0.0,6896.0,2910.0,2000.0,0.0,NÃO DISTINGUE (IC contém zero)
qwen05b-ft-bc5cdr,decl-20-bc5cdr-decoder-05b,bc5cdr,S24,task_verdict,hidden_delta_camadas,absoluta,0.80,,,sim,0.0,,,,,,aggseq,0.0,0.0,0.0,0.0,6896.0,2910.0,2000.0,0.0,NÃO DISTINGUE (IC contém zero)
qwen05b-ft-bc5cdr,decl-20-bc5cdr-decoder-05b,bc5cdr,S24,task_verdict,hidden_delta_camadas,absoluta,0.90,,,sim,0.3276,,,,,,aggseq,0.1304,0.1972,0.1308,0.4884,6896.0,2910.0,1999.0,1.0,hidden_delta_camadas EXIGE MAIS revisão
qwen05b-ft-bc5cdr,decl-20-bc5cdr-decoder-05b,bc5cdr,S24,task_verdict,hidden_delta_camadas,absoluta,0.95,,,não,inalcançável,,,,,,aggseq,inalcançável,,,,6896.0,2910.0,0.0,0.0,inalcançável para hidden_delta_camadas e aggseq
qwen05b-ft-bc5cdr,decl-20-bc5cdr-decoder-05b,bc5cdr,S24,task_verdict,hidden_delta_camadas,vao,0.25,0.8910,,sim,0.2322,,,,,,aggseq,0.0622,0.17,0.1047,0.2453,6896.0,2910.0,2000.0,0.0,hidden_delta_camadas EXIGE MAIS revisão
qwen05b-ft-bc5cdr,decl-20-bc5cdr-decoder-05b,bc5cdr,S24,task_verdict,hidden_delta_camadas,vao,0.50,0.9273,,sim,0.844,,,,,,aggseq,0.2697,0.5742,0.4459,0.7314,6896.0,2910.0,1780.0,220.0,hidden_delta_camadas EXIGE MAIS revisão
qwen05b-ft-bc5cdr,decl-20-bc5cdr-decoder-05b,bc5cdr,S24,task_verdict,hidden_delta_camadas,vao,0.75,0.9637,,não,inalcançável,,,,,,aggseq,inalcançável,,,,6896.0,2910.0,0.0,0.0,inalcançável para hidden_delta_camadas e aggseq
qwen05b-ft-bc5cdr,decl-20-bc5cdr-decoder-05b,bc5cdr,S24,task_verdict,hidden_delta_camadas,vao,0.90,0.9855,,não,inalcançável,,,,,,aggseq,inalcançável,,,,6896.0,2910.0,0.0,0.0,inalcançável para hidden_delta_camadas e aggseq
qwen05b-ft-bc5cdr,decl-20-bc5cdr-decoder-05b,bc5cdr,E26,task_verdict,sonda_ocultos,absoluta,0.70,,,sim,0.0,,,,,,model_confidence,0.0,0.0,0.0,0.0,6896.0,2910.0,2000.0,0.0,NÃO DISTINGUE (IC contém zero)
qwen05b-ft-bc5cdr,decl-20-bc5cdr-decoder-05b,bc5cdr,E26,task_verdict,sonda_ocultos,absoluta,0.80,,,sim,0.0,,,,,,model_confidence,0.0,0.0,0.0,0.0,6896.0,2910.0,2000.0,0.0,NÃO DISTINGUE (IC contém zero)
qwen05b-ft-bc5cdr,decl-20-bc5cdr-decoder-05b,bc5cdr,E26,task_verdict,sonda_ocultos,absoluta,0.90,,,sim,0.0436,,,,,,model_confidence,0.1075,-0.0638,-0.0925,-0.047,6896.0,2910.0,2000.0,0.0,sonda_ocultos EXIGE MENOS revisão
qwen05b-ft-bc5cdr,decl-20-bc5cdr-decoder-05b,bc5cdr,E26,task_verdict,sonda_ocultos,absoluta,0.95,,,sim,0.1842,,,,,,model_confidence,0.4429,-0.2587,-0.3924,-0.1815,6896.0,2910.0,2000.0,0.0,sonda_ocultos EXIGE MENOS revisão
qwen05b-ft-bc5cdr,decl-20-bc5cdr-decoder-05b,bc5cdr,E26,task_verdict,sonda_ocultos,vao,0.25,0.8910,,sim,0.0299,,,,,,model_confidence,0.0789,-0.049,-0.0671,-0.0286,6896.0,2910.0,2000.0,0.0,sonda_ocultos EXIGE MENOS revisão
qwen05b-ft-bc5cdr,decl-20-bc5cdr-decoder-05b,bc5cdr,E26,task_verdict,sonda_ocultos,vao,0.50,0.9273,,sim,0.099,,,,,,model_confidence,0.2339,-0.1349,-0.175,-0.1036,6896.0,2910.0,2000.0,0.0,sonda_ocultos EXIGE MENOS revisão
qwen05b-ft-bc5cdr,decl-20-bc5cdr-decoder-05b,bc5cdr,E26,task_verdict,sonda_ocultos,vao,0.75,0.9637,,sim,0.2963,,,,,,model_confidence,0.6614,-0.3651,-0.5023,-0.238,6896.0,2910.0,2000.0,0.0,sonda_ocultos EXIGE MENOS revisão
qwen05b-ft-bc5cdr,decl-20-bc5cdr-decoder-05b,bc5cdr,E26,task_verdict,sonda_ocultos,vao,0.90,0.9855,,sim,0.9752,,,,,,model_confidence,0.9142,0.061,-0.2213,0.1307,6896.0,2910.0,1992.0,8.0,NÃO DISTINGUE (IC contém zero)
qwen05b-ft-bc5cdr,decl-20-bc5cdr-decoder-05b,bc5cdr,E28,task_verdict,sonda_ocultos,absoluta,0.70,,,sim,0.0,,,,,,aggseq,0.0,0.0,0.0,0.0,6896.0,2910.0,2000.0,0.0,NÃO DISTINGUE (IC contém zero)
qwen05b-ft-bc5cdr,decl-20-bc5cdr-decoder-05b,bc5cdr,E28,task_verdict,sonda_ocultos,absoluta,0.80,,,sim,0.0,,,,,,aggseq,0.0,0.0,0.0,0.0,6896.0,2910.0,2000.0,0.0,NÃO DISTINGUE (IC contém zero)
qwen05b-ft-bc5cdr,decl-20-bc5cdr-decoder-05b,bc5cdr,E28,task_verdict,sonda_ocultos,absoluta,0.90,,,sim,0.0436,,,,,,aggseq,0.1304,-0.0867,-0.1027,-0.0324,6896.0,2910.0,2000.0,0.0,sonda_ocultos EXIGE MENOS revisão
qwen05b-ft-bc5cdr,decl-20-bc5cdr-decoder-05b,bc5cdr,E28,task_verdict,sonda_ocultos,absoluta,0.95,,,não,0.1842,,,,,,aggseq,inalcançável,,,,6896.0,2910.0,0.0,0.0,inalcançável para aggseq
qwen05b-ft-bc5cdr,decl-20-bc5cdr-decoder-05b,bc5cdr,E28,task_verdict,sonda_ocultos,vao,0.25,0.8910,,sim,0.0299,,,,,,aggseq,0.0622,-0.0323,-0.0877,-0.0195,6896.0,2910.0,2000.0,0.0,sonda_ocultos EXIGE MENOS revisão
qwen05b-ft-bc5cdr,decl-20-bc5cdr-decoder-05b,bc5cdr,E28,task_verdict,sonda_ocultos,vao,0.50,0.9273,,sim,0.099,,,,,,aggseq,0.2697,-0.1707,-0.1928,-0.1524,6896.0,2910.0,1999.0,1.0,sonda_ocultos EXIGE MENOS revisão
qwen05b-ft-bc5cdr,decl-20-bc5cdr-decoder-05b,bc5cdr,E28,task_verdict,sonda_ocultos,vao,0.75,0.9637,,não,0.2963,,,,,,aggseq,inalcançável,,,,6896.0,2910.0,0.0,0.0,inalcançável para aggseq
qwen05b-ft-bc5cdr,decl-20-bc5cdr-decoder-05b,bc5cdr,E28,task_verdict,sonda_ocultos,vao,0.90,0.9855,,não,0.9752,,,,,,aggseq,inalcançável,,,,6896.0,2910.0,0.0,0.0,inalcançável para aggseq
qwen05b-ft-bc5cdr,decl-20-bc5cdr-decoder-05b,bc5cdr,E30,task_verdict,sonda_atencao_cabecas,absoluta,0.70,,,sim,0.0,,,,,,model_confidence,0.0,0.0,0.0,0.0,6896.0,2910.0,2000.0,0.0,NÃO DISTINGUE (IC contém zero)
qwen05b-ft-bc5cdr,decl-20-bc5cdr-decoder-05b,bc5cdr,E30,task_verdict,sonda_atencao_cabecas,absoluta,0.80,,,sim,0.0,,,,,,model_confidence,0.0,0.0,0.0,0.0,6896.0,2910.0,2000.0,0.0,NÃO DISTINGUE (IC contém zero)
qwen05b-ft-bc5cdr,decl-20-bc5cdr-decoder-05b,bc5cdr,E30,task_verdict,sonda_atencao_cabecas,absoluta,0.90,,,sim,0.0686,,,,,,model_confidence,0.1075,-0.0389,-0.0648,-0.0261,6896.0,2910.0,2000.0,0.0,sonda_atencao_cabecas EXIGE MENOS revisão
qwen05b-ft-bc5cdr,decl-20-bc5cdr-decoder-05b,bc5cdr,E30,task_verdict,sonda_atencao_cabecas,absoluta,0.95,,,sim,0.3546,,,,,,model_confidence,0.4429,-0.0883,-0.2217,-0.0073,6896.0,2910.0,2000.0,0.0,sonda_atencao_cabecas EXIGE MENOS revisão
qwen05b-ft-bc5cdr,decl-20-bc5cdr-decoder-05b,bc5cdr,E30,task_verdict,sonda_atencao_cabecas,vao,0.25,0.8910,,sim,0.0429,,,,,,model_confidence,0.0789,-0.036,-0.0504,-0.0198,6896.0,2910.0,2000.0,0.0,sonda_atencao_cabecas EXIGE MENOS revisão
qwen05b-ft-bc5cdr,decl-20-bc5cdr-decoder-05b,bc5cdr,E30,task_verdict,sonda_atencao_cabecas,vao,0.50,0.9273,,sim,0.1736,,,,,,model_confidence,0.2339,-0.0603,-0.0971,-0.0161,6896.0,2910.0,2000.0,0.0,sonda_atencao_cabecas EXIGE MENOS revisão
qwen05b-ft-bc5cdr,decl-20-bc5cdr-decoder-05b,bc5cdr,E30,task_verdict,sonda_atencao_cabecas,vao,0.75,0.9637,,sim,0.5029,,,,,,model_confidence,0.6614,-0.1585,-0.2945,-0.0159,6896.0,2910.0,2000.0,0.0,sonda_atencao_cabecas EXIGE MENOS revisão
qwen05b-ft-bc5cdr,decl-20-bc5cdr-decoder-05b,bc5cdr,E30,task_verdict,sonda_atencao_cabecas,vao,0.90,0.9855,,sim,0.8939,,,,,,model_confidence,0.9142,-0.0203,-0.1457,0.0811,6896.0,2910.0,1695.0,305.0,NÃO DISTINGUE (IC contém zero)
qwen05b-ft-bc5cdr,decl-20-bc5cdr-decoder-05b,bc5cdr,E32,task_verdict,sonda_atencao_cabecas,absoluta,0.70,,,sim,0.0,,,,,,aggseq,0.0,0.0,0.0,0.0,6896.0,2910.0,2000.0,0.0,NÃO DISTINGUE (IC contém zero)
qwen05b-ft-bc5cdr,decl-20-bc5cdr-decoder-05b,bc5cdr,E32,task_verdict,sonda_atencao_cabecas,absoluta,0.80,,,sim,0.0,,,,,,aggseq,0.0,0.0,0.0,0.0,6896.0,2910.0,2000.0,0.0,NÃO DISTINGUE (IC contém zero)
qwen05b-ft-bc5cdr,decl-20-bc5cdr-decoder-05b,bc5cdr,E32,task_verdict,sonda_atencao_cabecas,absoluta,0.90,,,sim,0.0686,,,,,,aggseq,0.1304,-0.0618,-0.0779,-0.0164,6896.0,2910.0,2000.0,0.0,sonda_atencao_cabecas EXIGE MENOS revisão
qwen05b-ft-bc5cdr,decl-20-bc5cdr-decoder-05b,bc5cdr,E32,task_verdict,sonda_atencao_cabecas,absoluta,0.95,,,não,0.3546,,,,,,aggseq,inalcançável,,,,6896.0,2910.0,0.0,0.0,inalcançável para aggseq
qwen05b-ft-bc5cdr,decl-20-bc5cdr-decoder-05b,bc5cdr,E32,task_verdict,sonda_atencao_cabecas,vao,0.25,0.8910,,sim,0.0429,,,,,,aggseq,0.0622,-0.0193,-0.0686,-0.0082,6896.0,2910.0,2000.0,0.0,sonda_atencao_cabecas EXIGE MENOS revisão
qwen05b-ft-bc5cdr,decl-20-bc5cdr-decoder-05b,bc5cdr,E32,task_verdict,sonda_atencao_cabecas,vao,0.50,0.9273,,sim,0.1736,,,,,,aggseq,0.2697,-0.0961,-0.1255,-0.0534,6896.0,2910.0,1999.0,1.0,sonda_atencao_cabecas EXIGE MENOS revisão
qwen05b-ft-bc5cdr,decl-20-bc5cdr-decoder-05b,bc5cdr,E32,task_verdict,sonda_atencao_cabecas,vao,0.75,0.9637,,não,0.5029,,,,,,aggseq,inalcançável,,,,6896.0,2910.0,0.0,0.0,inalcançável para aggseq
qwen05b-ft-bc5cdr,decl-20-bc5cdr-decoder-05b,bc5cdr,E32,task_verdict,sonda_atencao_cabecas,vao,0.90,0.9855,,não,0.8939,,,,,,aggseq,inalcançável,,,,6896.0,2910.0,0.0,0.0,inalcançável para aggseq
qwen05b-ft-bc5cdr,adenda-01,bc5cdr,T1,descriptive,(sem supervisor),—,—,,0.0,sim,0.0,1.0,0.8699,0.6116,0.7182,6896.0,,,,,,,,,,
qwen05b-ft-bc5cdr,adenda-01,bc5cdr,T1,descriptive,span_size,absoluta,0.70,,0.0,sim,0.0,1.0,0.8699,0.6116,0.7182,6896.0,,,,,,,,,,
qwen05b-ft-bc5cdr,adenda-01,bc5cdr,T1,descriptive,span_size,absoluta,0.80,,0.0,sim,0.0,1.0,0.8699,0.6116,0.7182,6896.0,,,,,,,,,,
qwen05b-ft-bc5cdr,adenda-01,bc5cdr,T1,descriptive,span_size,absoluta,0.90,,,não,inalcançável,,,,,0.0,,,,,,,,,,
qwen05b-ft-bc5cdr,adenda-01,bc5cdr,T1,descriptive,span_size,absoluta,0.95,,,não,inalcançável,,,,,0.0,,,,,,,,,,
qwen05b-ft-bc5cdr,adenda-01,bc5cdr,T1,descriptive,span_size,vao,0.25,0.8910,,não,inalcançável,,,,,0.0,,,,,,,,,,
qwen05b-ft-bc5cdr,adenda-01,bc5cdr,T1,descriptive,span_size,vao,0.50,0.9273,,não,inalcançável,,,,,0.0,,,,,,,,,,
qwen05b-ft-bc5cdr,adenda-01,bc5cdr,T1,descriptive,span_size,vao,0.75,0.9637,,não,inalcançável,,,,,0.0,,,,,,,,,,
qwen05b-ft-bc5cdr,adenda-01,bc5cdr,T1,descriptive,span_size,vao,0.90,0.9855,,não,inalcançável,,,,,0.0,,,,,,,,,,
qwen05b-ft-bc5cdr,adenda-01,bc5cdr,T1,descriptive,geometric_fraction,absoluta,0.70,,0.0,sim,0.0,1.0,0.8699,0.6116,0.7182,6896.0,,,,,,,,,,
qwen05b-ft-bc5cdr,adenda-01,bc5cdr,T1,descriptive,geometric_fraction,absoluta,0.80,,0.0,sim,0.0,1.0,0.8699,0.6116,0.7182,6896.0,,,,,,,,,,
qwen05b-ft-bc5cdr,adenda-01,bc5cdr,T1,descriptive,geometric_fraction,absoluta,0.90,,1.0,sim,0.9999,0.0001,1.0,0.0001,0.0002,1.0,,,,,,,,,,
qwen05b-ft-bc5cdr,adenda-01,bc5cdr,T1,descriptive,geometric_fraction,absoluta,0.95,,1.0,sim,0.9999,0.0001,1.0,0.0001,0.0002,1.0,,,,,,,,,,
qwen05b-ft-bc5cdr,adenda-01,bc5cdr,T1,descriptive,geometric_fraction,vao,0.25,0.8910,1.0,sim,0.9999,0.0001,1.0,0.0001,0.0002,1.0,,,,,,,,,,
qwen05b-ft-bc5cdr,adenda-01,bc5cdr,T1,descriptive,geometric_fraction,vao,0.50,0.9273,1.0,sim,0.9999,0.0001,1.0,0.0001,0.0002,1.0,,,,,,,,,,
qwen05b-ft-bc5cdr,adenda-01,bc5cdr,T1,descriptive,geometric_fraction,vao,0.75,0.9637,1.0,sim,0.9999,0.0001,1.0,0.0001,0.0002,1.0,,,,,,,,,,
qwen05b-ft-bc5cdr,adenda-01,bc5cdr,T1,descriptive,geometric_fraction,vao,0.90,0.9855,1.0,sim,0.9999,0.0001,1.0,0.0001,0.0002,1.0,,,,,,,,,,
qwen05b-ft-bc5cdr,adenda-01,bc5cdr,T1,descriptive,sentence_length,absoluta,0.70,,0.0,sim,0.0,1.0,0.8699,0.6116,0.7182,6896.0,,,,,,,,,,
qwen05b-ft-bc5cdr,adenda-01,bc5cdr,T1,descriptive,sentence_length,absoluta,0.80,,0.0,sim,0.0,1.0,0.8699,0.6116,0.7182,6896.0,,,,,,,,,,
qwen05b-ft-bc5cdr,adenda-01,bc5cdr,T1,descriptive,sentence_length,absoluta,0.90,,0.5195,sim,0.993,0.007,0.9375,0.0046,0.0091,48.0,,,,,,,,,,
qwen05b-ft-bc5cdr,adenda-01,bc5cdr,T1,descriptive,sentence_length,absoluta,0.95,,0.6925,sim,0.9964,0.0036,0.96,0.0024,0.0049,25.0,,,,,,,,,,
qwen05b-ft-bc5cdr,adenda-01,bc5cdr,T1,descriptive,sentence_length,vao,0.25,0.8910,0.1689,sim,0.9893,0.0107,0.8919,0.0067,0.0134,74.0,,,,,,,,,,
qwen05b-ft-bc5cdr,adenda-01,bc5cdr,T1,descriptive,sentence_length,vao,0.50,0.9273,0.5195,sim,0.993,0.007,0.9375,0.0046,0.0091,48.0,,,,,,,,,,
qwen05b-ft-bc5cdr,adenda-01,bc5cdr,T1,descriptive,sentence_length,vao,0.75,0.9637,1.0,sim,0.9978,0.0022,1.0,0.0015,0.0031,15.0,,,,,,,,,,
qwen05b-ft-bc5cdr,adenda-01,bc5cdr,T1,descriptive,sentence_length,vao,0.90,0.9855,1.0,sim,0.9978,0.0022,1.0,0.0015,0.0031,15.0,,,,,,,,,,
qwen05b-ft-bc5cdr,adenda-01,bc5cdr,T1,descriptive,row_entropy_causal,absoluta,0.70,,0.0,sim,0.0,1.0,0.8699,0.6116,0.7182,6896.0,,,,,,,,,,
qwen05b-ft-bc5cdr,adenda-01,bc5cdr,T1,descriptive,row_entropy_causal,absoluta,0.80,,0.0,sim,0.0,1.0,0.8699,0.6116,0.7182,6896.0,,,,,,,,,,
qwen05b-ft-bc5cdr,adenda-01,bc5cdr,T1,descriptive,row_entropy_causal,absoluta,0.90,,0.2312,sim,0.9246,0.0754,0.9,0.0477,0.0906,520.0,,,,,,,,,,
qwen05b-ft-bc5cdr,adenda-01,bc5cdr,T1,descriptive,row_entropy_causal,absoluta,0.95,,1.0,sim,0.9985,0.0015,1.0,0.001,0.002,10.0,,,,,,,,,,
qwen05b-ft-bc5cdr,adenda-01,bc5cdr,T1,descriptive,row_entropy_causal,vao,0.25,0.8910,0.1619,sim,0.8923,0.1077,0.891,0.0675,0.1255,743.0,,,,,,,,,,
qwen05b-ft-bc5cdr,adenda-01,bc5cdr,T1,descriptive,row_entropy_causal,vao,0.50,0.9273,0.4461,sim,0.9497,0.0503,0.928,0.0328,0.0634,347.0,,,,,,,,,,
qwen05b-ft-bc5cdr,adenda-01,bc5cdr,T1,descriptive,row_entropy_causal,vao,0.75,0.9637,1.0,sim,0.9985,0.0015,1.0,0.001,0.002,10.0,,,,,,,,,,
qwen05b-ft-bc5cdr,adenda-01,bc5cdr,T1,descriptive,row_entropy_causal,vao,0.90,0.9855,1.0,sim,0.9985,0.0015,1.0,0.001,0.002,10.0,,,,,,,,,,
qwen05b-ft-bc5cdr,adenda-01,bc5cdr,T1,descriptive,row_max_causal,absoluta,0.70,,0.0,sim,0.0,1.0,0.8699,0.6116,0.7182,6896.0,,,,,,,,,,
qwen05b-ft-bc5cdr,adenda-01,bc5cdr,T1,descriptive,row_max_causal,absoluta,0.80,,0.0,sim,0.0,1.0,0.8699,0.6116,0.7182,6896.0,,,,,,,,,,
qwen05b-ft-bc5cdr,adenda-01,bc5cdr,T1,descriptive,row_max_causal,absoluta,0.90,,0.2383,sim,0.921,0.079,0.9009,0.0501,0.0948,545.0,,,,,,,,,,
qwen05b-ft-bc5cdr,adenda-01,bc5cdr,T1,descriptive,row_max_causal,absoluta,0.95,,1.0,sim,0.9996,0.0004,1.0,0.0003,0.0006,3.0,,,,,,,,,,
qwen05b-ft-bc5cdr,adenda-01,bc5cdr,T1,descriptive,row_max_causal,vao,0.25,0.8910,0.1653,sim,0.8157,0.1843,0.8914,0.1155,0.2045,1271.0,,,,,,,,,,
qwen05b-ft-bc5cdr,adenda-01,bc5cdr,T1,descriptive,row_max_causal,vao,0.50,0.9273,1.0,sim,0.9996,0.0004,1.0,0.0003,0.0006,3.0,,,,,,,,,,
qwen05b-ft-bc5cdr,adenda-01,bc5cdr,T1,descriptive,row_max_causal,vao,0.75,0.9637,1.0,sim,0.9996,0.0004,1.0,0.0003,0.0006,3.0,,,,,,,,,,
qwen05b-ft-bc5cdr,adenda-01,bc5cdr,T1,descriptive,row_max_causal,vao,0.90,0.9855,1.0,sim,0.9996,0.0004,1.0,0.0003,0.0006,3.0,,,,,,,,,,
qwen05b-ft-bc5cdr,adenda-01,bc5cdr,T1,descriptive,hidden_norm,absoluta,0.70,,0.0,sim,0.0,1.0,0.8699,0.6116,0.7182,6896.0,,,,,,,,,,
qwen05b-ft-bc5cdr,adenda-01,bc5cdr,T1,descriptive,hidden_norm,absoluta,0.80,,0.0,sim,0.0,1.0,0.8699,0.6116,0.7182,6896.0,,,,,,,,,,
qwen05b-ft-bc5cdr,adenda-01,bc5cdr,T1,descriptive,hidden_norm,absoluta,0.90,,0.2316,sim,0.3443,0.6557,0.9,0.4149,0.568,4522.0,,,,,,,,,,
qwen05b-ft-bc5cdr,adenda-01,bc5cdr,T1,descriptive,hidden_norm,absoluta,0.95,,0.7922,sim,0.9946,0.0054,0.973,0.0037,0.0073,37.0,,,,,,,,,,
qwen05b-ft-bc5cdr,adenda-01,bc5cdr,T1,descriptive,hidden_norm,vao,0.25,0.8910,0.1624,sim,0.2413,0.7587,0.8911,0.4753,0.6199,5232.0,,,,,,,,,,
qwen05b-ft-bc5cdr,adenda-01,bc5cdr,T1,descriptive,hidden_norm,vao,0.50,0.9273,0.4463,sim,0.843,0.157,0.928,0.1025,0.1845,1083.0,,,,,,,,,,
qwen05b-ft-bc5cdr,adenda-01,bc5cdr,T1,descriptive,hidden_norm,vao,0.75,0.9637,0.7922,sim,0.9946,0.0054,0.973,0.0037,0.0073,37.0,,,,,,,,,,
qwen05b-ft-bc5cdr,adenda-01,bc5cdr,T1,descriptive,hidden_norm,vao,0.90,0.9855,,não,inalcançável,,,,,0.0,,,,,,,,,,
qwen05b-ft-bc5cdr,adenda-01,bc5cdr,T1,descriptive,hidden_dist_centroide,absoluta,0.70,,0.0,sim,0.0,1.0,0.8699,0.6116,0.7182,6896.0,,,,,,,,,,
qwen05b-ft-bc5cdr,adenda-01,bc5cdr,T1,descriptive,hidden_dist_centroide,absoluta,0.80,,0.0,sim,0.0,1.0,0.8699,0.6116,0.7182,6896.0,,,,,,,,,,
qwen05b-ft-bc5cdr,adenda-01,bc5cdr,T1,descriptive,hidden_dist_centroide,absoluta,0.90,,0.3011,sim,0.9984,0.0016,0.9091,0.001,0.002,11.0,,,,,,,,,,
qwen05b-ft-bc5cdr,adenda-01,bc5cdr,T1,descriptive,hidden_dist_centroide,absoluta,0.95,,1.0,sim,0.9999,0.0001,1.0,0.0001,0.0002,1.0,,,,,,,,,,
qwen05b-ft-bc5cdr,adenda-01,bc5cdr,T1,descriptive,hidden_dist_centroide,vao,0.25,0.8910,0.3011,sim,0.9984,0.0016,0.9091,0.001,0.002,11.0,,,,,,,,,,
qwen05b-ft-bc5cdr,adenda-01,bc5cdr,T1,descriptive,hidden_dist_centroide,vao,0.50,0.9273,1.0,sim,0.9999,0.0001,1.0,0.0001,0.0002,1.0,,,,,,,,,,
qwen05b-ft-bc5cdr,adenda-01,bc5cdr,T1,descriptive,hidden_dist_centroide,vao,0.75,0.9637,1.0,sim,0.9999,0.0001,1.0,0.0001,0.0002,1.0,,,,,,,,,,
qwen05b-ft-bc5cdr,adenda-01,bc5cdr,T1,descriptive,hidden_dist_centroide,vao,0.90,0.9855,1.0,sim,0.9999,0.0001,1.0,0.0001,0.0002,1.0,,,,,,,,,,
qwen05b-ft-bc5cdr,adenda-01,bc5cdr,T1,descriptive,hidden_delta_camadas,absoluta,0.70,,0.0,sim,0.0,1.0,0.8699,0.6116,0.7182,6896.0,,,,,,,,,,
qwen05b-ft-bc5cdr,adenda-01,bc5cdr,T1,descriptive,hidden_delta_camadas,absoluta,0.80,,0.0,sim,0.0,1.0,0.8699,0.6116,0.7182,6896.0,,,,,,,,,,
qwen05b-ft-bc5cdr,adenda-01,bc5cdr,T1,descriptive,hidden_delta_camadas,absoluta,0.90,,0.2324,sim,0.3276,0.6724,0.9002,0.4255,0.5779,4637.0,,,,,,,,,,
qwen05b-ft-bc5cdr,adenda-01,bc5cdr,T1,descriptive,hidden_delta_camadas,absoluta,0.95,,,não,inalcançável,,,,,0.0,,,,,,,,,,
qwen05b-ft-bc5cdr,adenda-01,bc5cdr,T1,descriptive,hidden_delta_camadas,vao,0.25,0.8910,0.1622,sim,0.2322,0.7678,0.891,0.481,0.6247,5295.0,,,,,,,,,,
qwen05b-ft-bc5cdr,adenda-01,bc5cdr,T1,descriptive,hidden_delta_camadas,vao,0.50,0.9273,0.4427,sim,0.844,0.156,0.9275,0.1017,0.1834,1076.0,,,,,,,,,,
qwen05b-ft-bc5cdr,adenda-01,bc5cdr,T1,descriptive,hidden_delta_camadas,vao,0.75,0.9637,,não,inalcançável,,,,,0.0,,,,,,,,,,
qwen05b-ft-bc5cdr,adenda-01,bc5cdr,T1,descriptive,hidden_delta_camadas,vao,0.90,0.9855,,não,inalcançável,,,,,0.0,,,,,,,,,,
qwen05b-ft-bc5cdr,adenda-01,bc5cdr,T1,descriptive,sonda_ocultos,absoluta,0.70,,0.0,sim,0.0,1.0,0.8699,0.6116,0.7182,6896.0,,,,,,,,,,
qwen05b-ft-bc5cdr,adenda-01,bc5cdr,T1,descriptive,sonda_ocultos,absoluta,0.80,,0.0,sim,0.0,1.0,0.8699,0.6116,0.7182,6896.0,,,,,,,,,,
qwen05b-ft-bc5cdr,adenda-01,bc5cdr,T1,descriptive,sonda_ocultos,absoluta,0.90,,0.2318,sim,0.0436,0.9564,0.9001,0.6052,0.7237,6595.0,,,,,,,,,,
qwen05b-ft-bc5cdr,adenda-01,bc5cdr,T1,descriptive,sonda_ocultos,absoluta,0.95,,0.616,sim,0.1842,0.8158,0.9501,0.5449,0.6926,5626.0,,,,,,,,,,
qwen05b-ft-bc5cdr,adenda-01,bc5cdr,T1,descriptive,sonda_ocultos,vao,0.25,0.8910,0.1623,sim,0.0299,0.9701,0.891,0.6077,0.7226,6690.0,,,,,,,,,,
qwen05b-ft-bc5cdr,adenda-01,bc5cdr,T1,descriptive,sonda_ocultos,vao,0.50,0.9273,0.4419,sim,0.099,0.901,0.9274,0.5874,0.7193,6213.0,,,,,,,,,,
qwen05b-ft-bc5cdr,adenda-01,bc5cdr,T1,descriptive,sonda_ocultos,vao,0.75,0.9637,0.7212,sim,0.2963,0.7037,0.9637,0.4768,0.638,4853.0,,,,,,,,,,
qwen05b-ft-bc5cdr,adenda-01,bc5cdr,T1,descriptive,sonda_ocultos,vao,0.90,0.9855,0.9101,sim,0.9752,0.0248,0.9883,0.0172,0.0339,171.0,,,,,,,,,,
qwen05b-ft-bc5cdr,adenda-01,bc5cdr,T1,descriptive,sonda_atencao_cabecas,absoluta,0.70,,0.0,sim,0.0,1.0,0.8699,0.6116,0.7182,6896.0,,,,,,,,,,
qwen05b-ft-bc5cdr,adenda-01,bc5cdr,T1,descriptive,sonda_atencao_cabecas,absoluta,0.80,,0.0,sim,0.0,1.0,0.8699,0.6116,0.7182,6896.0,,,,,,,,,,
qwen05b-ft-bc5cdr,adenda-01,bc5cdr,T1,descriptive,sonda_atencao_cabecas,absoluta,0.90,,0.2316,sim,0.0686,0.9314,0.9,0.5894,0.7123,6423.0,,,,,,,,,,
qwen05b-ft-bc5cdr,adenda-01,bc5cdr,T1,descriptive,sonda_atencao_cabecas,absoluta,0.95,,0.6166,sim,0.3546,0.6454,0.9501,0.4311,0.5931,4451.0,,,,,,,,,,
qwen05b-ft-bc5cdr,adenda-01,bc5cdr,T1,descriptive,sonda_atencao_cabecas,vao,0.25,0.8910,0.1625,sim,0.0429,0.9571,0.8911,0.5996,0.7168,6600.0,,,,,,,,,,
qwen05b-ft-bc5cdr,adenda-01,bc5cdr,T1,descriptive,sonda_atencao_cabecas,vao,0.50,0.9273,0.4415,sim,0.1736,0.8264,0.9274,0.5388,0.6816,5699.0,,,,,,,,,,
qwen05b-ft-bc5cdr,adenda-01,bc5cdr,T1,descriptive,sonda_atencao_cabecas,vao,0.75,0.9637,0.7219,sim,0.5029,0.4971,0.9638,0.3368,0.4992,3428.0,,,,,,,,,,
qwen05b-ft-bc5cdr,adenda-01,bc5cdr,T1,descriptive,sonda_atencao_cabecas,vao,0.90,0.9855,0.895,sim,0.8939,0.1061,0.9863,0.0736,0.137,732.0,,,,,,,,,,
qwen05b-ft-bc5cdr,adenda-01,bc5cdr,T1,descriptive,span_mass,absoluta,0.70,,0.0,sim,0.0,1.0,0.8699,0.6116,0.7182,6896.0,,,,,,,,,,
qwen05b-ft-bc5cdr,adenda-01,bc5cdr,T1,descriptive,span_mass,absoluta,0.80,,0.0,sim,0.0,1.0,0.8699,0.6116,0.7182,6896.0,,,,,,,,,,
qwen05b-ft-bc5cdr,adenda-01,bc5cdr,T1,descriptive,span_mass,absoluta,0.90,,1.0,sim,0.9997,0.0003,1.0,0.0002,0.0004,2.0,,,,,,,,,,
qwen05b-ft-bc5cdr,adenda-01,bc5cdr,T1,descriptive,span_mass,absoluta,0.95,,1.0,sim,0.9997,0.0003,1.0,0.0002,0.0004,2.0,,,,,,,,,,
qwen05b-ft-bc5cdr,adenda-01,bc5cdr,T1,descriptive,span_mass,vao,0.25,0.8910,1.0,sim,0.9997,0.0003,1.0,0.0002,0.0004,2.0,,,,,,,,,,
qwen05b-ft-bc5cdr,adenda-01,bc5cdr,T1,descriptive,span_mass,vao,0.50,0.9273,1.0,sim,0.9997,0.0003,1.0,0.0002,0.0004,2.0,,,,,,,,,,
qwen05b-ft-bc5cdr,adenda-01,bc5cdr,T1,descriptive,span_mass,vao,0.75,0.9637,1.0,sim,0.9997,0.0003,1.0,0.0002,0.0004,2.0,,,,,,,,,,
qwen05b-ft-bc5cdr,adenda-01,bc5cdr,T1,descriptive,span_mass,vao,0.90,0.9855,1.0,sim,0.9997,0.0003,1.0,0.0002,0.0004,2.0,,,,,,,,,,
qwen05b-ft-bc5cdr,adenda-01,bc5cdr,T1,descriptive,model_confidence,absoluta,0.70,,0.0,sim,0.0,1.0,0.8699,0.6116,0.7182,6896.0,,,,,,,,,,
qwen05b-ft-bc5cdr,adenda-01,bc5cdr,T1,descriptive,model_confidence,absoluta,0.80,,0.0,sim,0.0,1.0,0.8699,0.6116,0.7182,6896.0,,,,,,,,,,
qwen05b-ft-bc5cdr,adenda-01,bc5cdr,T1,descriptive,model_confidence,absoluta,0.90,,0.2318,sim,0.1075,0.8925,0.9001,0.5648,0.6941,6155.0,,,,,,,,,,
qwen05b-ft-bc5cdr,adenda-01,bc5cdr,T1,descriptive,model_confidence,absoluta,0.95,,0.6158,sim,0.4429,0.5571,0.95,0.3721,0.5348,3842.0,,,,,,,,,,
qwen05b-ft-bc5cdr,adenda-01,bc5cdr,T1,descriptive,model_confidence,vao,0.25,0.8910,0.1625,sim,0.0789,0.9211,0.8911,0.577,0.7005,6352.0,,,,,,,,,,
qwen05b-ft-bc5cdr,adenda-01,bc5cdr,T1,descriptive,model_confidence,vao,0.50,0.9273,0.4412,sim,0.2339,0.7661,0.9273,0.4994,0.6492,5283.0,,,,,,,,,,
qwen05b-ft-bc5cdr,adenda-01,bc5cdr,T1,descriptive,model_confidence,vao,0.75,0.9637,0.7234,sim,0.6614,0.3386,0.964,0.2295,0.3707,2335.0,,,,,,,,,,
qwen05b-ft-bc5cdr,adenda-01,bc5cdr,T1,descriptive,model_confidence,vao,0.90,0.9855,0.8961,sim,0.9142,0.0858,0.9865,0.0595,0.1123,592.0,,,,,,,,,,
qwen05b-ft-bc5cdr,adenda-01,bc5cdr,AD1-R-sonda_ocultos,task_verdict,sonda_ocultos,absoluta,0.70,,,sim,0.0,,,,,,base_treinada,0.0,0.0,0.0,0.0,6896.0,2910.0,2000.0,0.0,NÃO DISTINGUE (IC contém zero)
qwen05b-ft-bc5cdr,adenda-01,bc5cdr,AD1-R-sonda_ocultos,task_verdict,sonda_ocultos,absoluta,0.80,,,sim,0.0,,,,,,base_treinada,0.0,0.0,0.0,0.0,6896.0,2910.0,2000.0,0.0,NÃO DISTINGUE (IC contém zero)
qwen05b-ft-bc5cdr,adenda-01,bc5cdr,AD1-R-sonda_ocultos,task_verdict,sonda_ocultos,absoluta,0.90,,,sim,0.0436,,,,,,base_treinada,0.1064,-0.0628,-0.0918,-0.0434,6896.0,2910.0,2000.0,0.0,sonda_ocultos EXIGE MENOS revisão
qwen05b-ft-bc5cdr,adenda-01,bc5cdr,AD1-R-sonda_ocultos,task_verdict,sonda_ocultos,absoluta,0.95,,,sim,0.1842,,,,,,base_treinada,0.9912,-0.807,-0.8357,-0.6992,6896.0,2910.0,2000.0,0.0,sonda_ocultos EXIGE MENOS revisão
qwen05b-ft-bc5cdr,adenda-01,bc5cdr,AD1-R-sonda_ocultos,task_verdict,sonda_ocultos,vao,0.25,0.8910,,sim,0.0299,,,,,,base_treinada,0.074,-0.0441,-0.0648,-0.0263,6896.0,2910.0,2000.0,0.0,sonda_ocultos EXIGE MENOS revisão
qwen05b-ft-bc5cdr,adenda-01,bc5cdr,AD1-R-sonda_ocultos,task_verdict,sonda_ocultos,vao,0.50,0.9273,,sim,0.099,,,,,,base_treinada,0.5239,-0.4249,-0.8792,-0.1804,6896.0,2910.0,2000.0,0.0,sonda_ocultos EXIGE MENOS revisão
qwen05b-ft-bc5cdr,adenda-01,bc5cdr,AD1-R-sonda_ocultos,task_verdict,sonda_ocultos,vao,0.75,0.9637,,sim,0.2963,,,,,,base_treinada,0.9914,-0.6952,-0.7493,-0.5725,6896.0,2910.0,2000.0,0.0,sonda_ocultos EXIGE MENOS revisão
qwen05b-ft-bc5cdr,adenda-01,bc5cdr,AD1-R-sonda_ocultos,task_verdict,sonda_ocultos,vao,0.90,0.9855,,sim,0.9752,,,,,,base_treinada,0.9951,-0.0199,-0.2832,0.0056,6896.0,2910.0,1992.0,8.0,NÃO DISTINGUE (IC contém zero)
qwen05b-ft-bc5cdr,adenda-01,bc5cdr,AD1-R-sonda_atencao_cabecas,task_verdict,sonda_atencao_cabecas,absoluta,0.70,,,sim,0.0,,,,,,base_treinada,0.0,0.0,0.0,0.0,6896.0,2910.0,2000.0,0.0,NÃO DISTINGUE (IC contém zero)
qwen05b-ft-bc5cdr,adenda-01,bc5cdr,AD1-R-sonda_atencao_cabecas,task_verdict,sonda_atencao_cabecas,absoluta,0.80,,,sim,0.0,,,,,,base_treinada,0.0,0.0,0.0,0.0,6896.0,2910.0,2000.0,0.0,NÃO DISTINGUE (IC contém zero)
qwen05b-ft-bc5cdr,adenda-01,bc5cdr,AD1-R-sonda_atencao_cabecas,task_verdict,sonda_atencao_cabecas,absoluta,0.90,,,sim,0.0686,,,,,,base_treinada,0.1064,-0.0378,-0.0629,-0.0228,6896.0,2910.0,2000.0,0.0,sonda_atencao_cabecas EXIGE MENOS revisão
qwen05b-ft-bc5cdr,adenda-01,bc5cdr,AD1-R-sonda_atencao_cabecas,task_verdict,sonda_atencao_cabecas,absoluta,0.95,,,sim,0.3546,,,,,,base_treinada,0.9912,-0.6366,-0.675,-0.5211,6896.0,2910.0,2000.0,0.0,sonda_atencao_cabecas EXIGE MENOS revisão
qwen05b-ft-bc5cdr,adenda-01,bc5cdr,AD1-R-sonda_atencao_cabecas,task_verdict,sonda_atencao_cabecas,vao,0.25,0.8910,,sim,0.0429,,,,,,base_treinada,0.074,-0.031,-0.0476,-0.0177,6896.0,2910.0,2000.0,0.0,sonda_atencao_cabecas EXIGE MENOS revisão
qwen05b-ft-bc5cdr,adenda-01,bc5cdr,AD1-R-sonda_atencao_cabecas,task_verdict,sonda_atencao_cabecas,vao,0.50,0.9273,,sim,0.1736,,,,,,base_treinada,0.5239,-0.3503,-0.7922,-0.1151,6896.0,2910.0,2000.0,0.0,sonda_atencao_cabecas EXIGE MENOS revisão
qwen05b-ft-bc5cdr,adenda-01,bc5cdr,AD1-R-sonda_atencao_cabecas,task_verdict,sonda_atencao_cabecas,vao,0.75,0.9637,,sim,0.5029,,,,,,base_treinada,0.9914,-0.4885,-0.5594,-0.3643,6896.0,2910.0,2000.0,0.0,sonda_atencao_cabecas EXIGE MENOS revisão
qwen05b-ft-bc5cdr,adenda-01,bc5cdr,AD1-R-sonda_atencao_cabecas,task_verdict,sonda_atencao_cabecas,vao,0.90,0.9855,,sim,0.8939,,,,,,base_treinada,0.9951,-0.1012,-0.2241,-0.0107,6896.0,2910.0,1695.0,305.0,sonda_atencao_cabecas EXIGE MENOS revisão
qwen05b-ft-bc5cdr,adenda-01,bc5cdr,AD1-R-sonda_ocultos_ajustada,task_verdict,sonda_ocultos_ajustada,absoluta,0.70,,,sim,0.0,,,,,,base_treinada_ajustada,0.0,0.0,0.0,0.0,6896.0,2910.0,2000.0,0.0,NÃO DISTINGUE (IC contém zero)
qwen05b-ft-bc5cdr,adenda-01,bc5cdr,AD1-R-sonda_ocultos_ajustada,task_verdict,sonda_ocultos_ajustada,absoluta,0.80,,,sim,0.0,,,,,,base_treinada_ajustada,0.0,0.0,0.0,0.0,6896.0,2910.0,2000.0,0.0,NÃO DISTINGUE (IC contém zero)
qwen05b-ft-bc5cdr,adenda-01,bc5cdr,AD1-R-sonda_ocultos_ajustada,task_verdict,sonda_ocultos_ajustada,absoluta,0.90,,,sim,0.0432,,,,,,base_treinada_ajustada,0.1063,-0.0631,-0.0919,-0.044,6896.0,2910.0,2000.0,0.0,sonda_ocultos_ajustada EXIGE MENOS revisão
qwen05b-ft-bc5cdr,adenda-01,bc5cdr,AD1-R-sonda_ocultos_ajustada,task_verdict,sonda_ocultos_ajustada,absoluta,0.95,,,sim,0.1702,,,,,,base_treinada_ajustada,0.9917,-0.8215,-0.8434,-0.7158,6896.0,2910.0,2000.0,0.0,sonda_ocultos_ajustada EXIGE MENOS revisão
qwen05b-ft-bc5cdr,adenda-01,bc5cdr,AD1-R-sonda_ocultos_ajustada,task_verdict,sonda_ocultos_ajustada,vao,0.25,0.8910,,sim,0.0289,,,,,,base_treinada_ajustada,0.0738,-0.045,-0.065,-0.0266,6896.0,2910.0,2000.0,0.0,sonda_ocultos_ajustada EXIGE MENOS revisão
qwen05b-ft-bc5cdr,adenda-01,bc5cdr,AD1-R-sonda_ocultos_ajustada,task_verdict,sonda_ocultos_ajustada,vao,0.50,0.9273,,sim,0.0986,,,,,,base_treinada_ajustada,0.5238,-0.4252,-0.8843,-0.1799,6896.0,2910.0,2000.0,0.0,sonda_ocultos_ajustada EXIGE MENOS revisão
qwen05b-ft-bc5cdr,adenda-01,bc5cdr,AD1-R-sonda_ocultos_ajustada,task_verdict,sonda_ocultos_ajustada,vao,0.75,0.9637,,sim,0.2406,,,,,,base_treinada_ajustada,0.9917,-0.7512,-0.7853,-0.6987,6896.0,2910.0,2000.0,0.0,sonda_ocultos_ajustada EXIGE MENOS revisão
qwen05b-ft-bc5cdr,adenda-01,bc5cdr,AD1-R-sonda_ocultos_ajustada,task_verdict,sonda_ocultos_ajustada,vao,0.90,0.9855,,sim,0.5396,,,,,,base_treinada_ajustada,0.9954,-0.4558,-0.5197,-0.3338,6896.0,2910.0,2000.0,0.0,sonda_ocultos_ajustada EXIGE MENOS revisão
qwen05b-ft-bc5cdr,adenda-01,bc5cdr,AD1-R-sonda_atencao_cabecas_ajustada,task_verdict,sonda_atencao_cabecas_ajustada,absoluta,0.70,,,sim,0.0,,,,,,base_treinada_ajustada,0.0,0.0,0.0,0.0,6896.0,2910.0,2000.0,0.0,NÃO DISTINGUE (IC contém zero)
qwen05b-ft-bc5cdr,adenda-01,bc5cdr,AD1-R-sonda_atencao_cabecas_ajustada,task_verdict,sonda_atencao_cabecas_ajustada,absoluta,0.80,,,sim,0.0,,,,,,base_treinada_ajustada,0.0,0.0,0.0,0.0,6896.0,2910.0,2000.0,0.0,NÃO DISTINGUE (IC contém zero)
qwen05b-ft-bc5cdr,adenda-01,bc5cdr,AD1-R-sonda_atencao_cabecas_ajustada,task_verdict,sonda_atencao_cabecas_ajustada,absoluta,0.90,,,sim,0.0587,,,,,,base_treinada_ajustada,0.1063,-0.0476,-0.0733,-0.0328,6896.0,2910.0,2000.0,0.0,sonda_atencao_cabecas_ajustada EXIGE MENOS revisão
qwen05b-ft-bc5cdr,adenda-01,bc5cdr,AD1-R-sonda_atencao_cabecas_ajustada,task_verdict,sonda_atencao_cabecas_ajustada,absoluta,0.95,,,sim,0.2278,,,,,,base_treinada_ajustada,0.9917,-0.7639,-0.7902,-0.6589,6896.0,2910.0,2000.0,0.0,sonda_atencao_cabecas_ajustada EXIGE MENOS revisão
qwen05b-ft-bc5cdr,adenda-01,bc5cdr,AD1-R-sonda_atencao_cabecas_ajustada,task_verdict,sonda_atencao_cabecas_ajustada,vao,0.25,0.8910,,sim,0.037,,,,,,base_treinada_ajustada,0.0738,-0.0368,-0.054,-0.0216,6896.0,2910.0,2000.0,0.0,sonda_atencao_cabecas_ajustada EXIGE MENOS revisão
qwen05b-ft-bc5cdr,adenda-01,bc5cdr,AD1-R-sonda_atencao_cabecas_ajustada,task_verdict,sonda_atencao_cabecas_ajustada,vao,0.50,0.9273,,sim,0.1399,,,,,,base_treinada_ajustada,0.5238,-0.3838,-0.8387,-0.1444,6896.0,2910.0,2000.0,0.0,sonda_atencao_cabecas_ajustada EXIGE MENOS revisão
qwen05b-ft-bc5cdr,adenda-01,bc5cdr,AD1-R-sonda_atencao_cabecas_ajustada,task_verdict,sonda_atencao_cabecas_ajustada,vao,0.75,0.9637,,sim,0.3296,,,,,,base_treinada_ajustada,0.9917,-0.6621,-0.7035,-0.6097,6896.0,2910.0,2000.0,0.0,sonda_atencao_cabecas_ajustada EXIGE MENOS revisão
qwen05b-ft-bc5cdr,adenda-01,bc5cdr,AD1-R-sonda_atencao_cabecas_ajustada,task_verdict,sonda_atencao_cabecas_ajustada,vao,0.90,0.9855,,sim,0.7281,,,,,,base_treinada_ajustada,0.9954,-0.2673,-0.4662,-0.1461,6896.0,2910.0,2000.0,0.0,sonda_atencao_cabecas_ajustada EXIGE MENOS revisão
qwen15b-ft-bc5cdr,decl-21-bc5cdr-decoder-15b,bc5cdr,T1,descriptive,(sem supervisor),—,—,,0.0,sim,0.0,1.0,0.8631,0.6267,0.7261,7122.0,,,,,,,,,,
qwen15b-ft-bc5cdr,decl-21-bc5cdr-decoder-15b,bc5cdr,T1,descriptive,span_size,absoluta,0.70,,0.0,sim,0.0,1.0,0.8631,0.6267,0.7261,7122.0,,,,,,,,,,
qwen15b-ft-bc5cdr,decl-21-bc5cdr-decoder-15b,bc5cdr,T1,descriptive,span_size,absoluta,0.80,,0.0,sim,0.0,1.0,0.8631,0.6267,0.7261,7122.0,,,,,,,,,,
qwen15b-ft-bc5cdr,decl-21-bc5cdr-decoder-15b,bc5cdr,T1,descriptive,span_size,absoluta,0.90,,1.0,sim,0.9999,0.0001,1.0,0.0001,0.0002,1.0,,,,,,,,,,
qwen15b-ft-bc5cdr,decl-21-bc5cdr-decoder-15b,bc5cdr,T1,descriptive,span_size,absoluta,0.95,,1.0,sim,0.9999,0.0001,1.0,0.0001,0.0002,1.0,,,,,,,,,,
qwen15b-ft-bc5cdr,decl-21-bc5cdr-decoder-15b,bc5cdr,T1,descriptive,span_size,vao,0.25,0.8949,1.0,sim,0.9999,0.0001,1.0,0.0001,0.0002,1.0,,,,,,,,,,
qwen15b-ft-bc5cdr,decl-21-bc5cdr-decoder-15b,bc5cdr,T1,descriptive,span_size,vao,0.50,0.9299,1.0,sim,0.9999,0.0001,1.0,0.0001,0.0002,1.0,,,,,,,,,,
qwen15b-ft-bc5cdr,decl-21-bc5cdr-decoder-15b,bc5cdr,T1,descriptive,span_size,vao,0.75,0.9650,1.0,sim,0.9999,0.0001,1.0,0.0001,0.0002,1.0,,,,,,,,,,
qwen15b-ft-bc5cdr,decl-21-bc5cdr-decoder-15b,bc5cdr,T1,descriptive,span_size,vao,0.90,0.9860,1.0,sim,0.9999,0.0001,1.0,0.0001,0.0002,1.0,,,,,,,,,,
qwen15b-ft-bc5cdr,decl-21-bc5cdr-decoder-15b,bc5cdr,T1,descriptive,geometric_fraction,absoluta,0.70,,0.0,sim,0.0,1.0,0.8631,0.6267,0.7261,7122.0,,,,,,,,,,
qwen15b-ft-bc5cdr,decl-21-bc5cdr-decoder-15b,bc5cdr,T1,descriptive,geometric_fraction,absoluta,0.80,,0.0,sim,0.0,1.0,0.8631,0.6267,0.7261,7122.0,,,,,,,,,,
qwen15b-ft-bc5cdr,decl-21-bc5cdr-decoder-15b,bc5cdr,T1,descriptive,geometric_fraction,absoluta,0.90,,,não,inalcançável,,,,,0.0,,,,,,,,,,
qwen15b-ft-bc5cdr,decl-21-bc5cdr-decoder-15b,bc5cdr,T1,descriptive,geometric_fraction,absoluta,0.95,,,não,inalcançável,,,,,0.0,,,,,,,,,,
qwen15b-ft-bc5cdr,decl-21-bc5cdr-decoder-15b,bc5cdr,T1,descriptive,geometric_fraction,vao,0.25,0.8949,,não,inalcançável,,,,,0.0,,,,,,,,,,
qwen15b-ft-bc5cdr,decl-21-bc5cdr-decoder-15b,bc5cdr,T1,descriptive,geometric_fraction,vao,0.50,0.9299,,não,inalcançável,,,,,0.0,,,,,,,,,,
qwen15b-ft-bc5cdr,decl-21-bc5cdr-decoder-15b,bc5cdr,T1,descriptive,geometric_fraction,vao,0.75,0.9650,,não,inalcançável,,,,,0.0,,,,,,,,,,
qwen15b-ft-bc5cdr,decl-21-bc5cdr-decoder-15b,bc5cdr,T1,descriptive,geometric_fraction,vao,0.90,0.9860,,não,inalcançável,,,,,0.0,,,,,,,,,,
qwen15b-ft-bc5cdr,decl-21-bc5cdr-decoder-15b,bc5cdr,T1,descriptive,sentence_length,absoluta,0.70,,0.0,sim,0.0,1.0,0.8631,0.6267,0.7261,7122.0,,,,,,,,,,
qwen15b-ft-bc5cdr,decl-21-bc5cdr-decoder-15b,bc5cdr,T1,descriptive,sentence_length,absoluta,0.80,,0.0,sim,0.0,1.0,0.8631,0.6267,0.7261,7122.0,,,,,,,,,,
qwen15b-ft-bc5cdr,decl-21-bc5cdr-decoder-15b,bc5cdr,T1,descriptive,sentence_length,absoluta,0.90,,0.2889,sim,0.9683,0.0317,0.9027,0.0208,0.0407,226.0,,,,,,,,,,
qwen15b-ft-bc5cdr,decl-21-bc5cdr-decoder-15b,bc5cdr,T1,descriptive,sentence_length,absoluta,0.95,,0.7786,sim,0.9954,0.0046,0.9697,0.0033,0.0065,33.0,,,,,,,,,,
qwen15b-ft-bc5cdr,decl-21-bc5cdr-decoder-15b,bc5cdr,T1,descriptive,sentence_length,vao,0.25,0.8949,0.2889,sim,0.9683,0.0317,0.9027,0.0208,0.0407,226.0,,,,,,,,,,
qwen15b-ft-bc5cdr,decl-21-bc5cdr-decoder-15b,bc5cdr,T1,descriptive,sentence_length,vao,0.50,0.9299,0.5667,sim,0.9834,0.0166,0.9407,0.0113,0.0224,118.0,,,,,,,,,,
qwen15b-ft-bc5cdr,decl-21-bc5cdr-decoder-15b,bc5cdr,T1,descriptive,sentence_length,vao,0.75,0.9650,0.7786,sim,0.9954,0.0046,0.9697,0.0033,0.0065,33.0,,,,,,,,,,
qwen15b-ft-bc5cdr,decl-21-bc5cdr-decoder-15b,bc5cdr,T1,descriptive,sentence_length,vao,0.90,0.9860,1.0,sim,0.9973,0.0027,1.0,0.0019,0.0039,19.0,,,,,,,,,,
qwen15b-ft-bc5cdr,decl-21-bc5cdr-decoder-15b,bc5cdr,T1,descriptive,row_entropy_causal,absoluta,0.70,,0.0,sim,0.0,1.0,0.8631,0.6267,0.7261,7122.0,,,,,,,,,,
qwen15b-ft-bc5cdr,decl-21-bc5cdr-decoder-15b,bc5cdr,T1,descriptive,row_entropy_causal,absoluta,0.80,,0.0,sim,0.0,1.0,0.8631,0.6267,0.7261,7122.0,,,,,,,,,,
qwen15b-ft-bc5cdr,decl-21-bc5cdr-decoder-15b,bc5cdr,T1,descriptive,row_entropy_causal,absoluta,0.90,,0.2695,sim,0.8413,0.1587,0.9,0.1037,0.1859,1130.0,,,,,,,,,,
qwen15b-ft-bc5cdr,decl-21-bc5cdr-decoder-15b,bc5cdr,T1,descriptive,row_entropy_causal,absoluta,0.95,,,não,inalcançável,,,,,0.0,,,,,,,,,,
qwen15b-ft-bc5cdr,decl-21-bc5cdr-decoder-15b,bc5cdr,T1,descriptive,row_entropy_causal,vao,0.25,0.8949,0.2326,sim,0.8169,0.1831,0.8949,0.119,0.21,1304.0,,,,,,,,,,
qwen15b-ft-bc5cdr,decl-21-bc5cdr-decoder-15b,bc5cdr,T1,descriptive,row_entropy_causal,vao,0.50,0.9299,0.4975,sim,0.9429,0.0571,0.9312,0.0386,0.0742,407.0,,,,,,,,,,
qwen15b-ft-bc5cdr,decl-21-bc5cdr-decoder-15b,bc5cdr,T1,descriptive,row_entropy_causal,vao,0.75,0.9650,,não,inalcançável,,,,,0.0,,,,,,,,,,
qwen15b-ft-bc5cdr,decl-21-bc5cdr-decoder-15b,bc5cdr,T1,descriptive,row_entropy_causal,vao,0.90,0.9860,,não,inalcançável,,,,,0.0,,,,,,,,,,
qwen15b-ft-bc5cdr,decl-21-bc5cdr-decoder-15b,bc5cdr,T1,descriptive,row_max_causal,absoluta,0.70,,0.0,sim,0.0,1.0,0.8631,0.6267,0.7261,7122.0,,,,,,,,,,
qwen15b-ft-bc5cdr,decl-21-bc5cdr-decoder-15b,bc5cdr,T1,descriptive,row_max_causal,absoluta,0.80,,0.0,sim,0.0,1.0,0.8631,0.6267,0.7261,7122.0,,,,,,,,,,
qwen15b-ft-bc5cdr,decl-21-bc5cdr-decoder-15b,bc5cdr,T1,descriptive,row_max_causal,absoluta,0.90,,0.2695,sim,0.6981,0.3019,0.9,0.1973,0.3236,2150.0,,,,,,,,,,
qwen15b-ft-bc5cdr,decl-21-bc5cdr-decoder-15b,bc5cdr,T1,descriptive,row_max_causal,absoluta,0.95,,,não,inalcançável,,,,,0.0,,,,,,,,,,
qwen15b-ft-bc5cdr,decl-21-bc5cdr-decoder-15b,bc5cdr,T1,descriptive,row_max_causal,vao,0.25,0.8949,0.2323,sim,0.5017,0.4983,0.8949,0.3238,0.4755,3549.0,,,,,,,,,,
qwen15b-ft-bc5cdr,decl-21-bc5cdr-decoder-15b,bc5cdr,T1,descriptive,row_max_causal,vao,0.50,0.9299,0.5011,sim,0.9486,0.0514,0.9317,0.0348,0.067,366.0,,,,,,,,,,
qwen15b-ft-bc5cdr,decl-21-bc5cdr-decoder-15b,bc5cdr,T1,descriptive,row_max_causal,vao,0.75,0.9650,,não,inalcançável,,,,,0.0,,,,,,,,,,
qwen15b-ft-bc5cdr,decl-21-bc5cdr-decoder-15b,bc5cdr,T1,descriptive,row_max_causal,vao,0.90,0.9860,,não,inalcançável,,,,,0.0,,,,,,,,,,
qwen15b-ft-bc5cdr,decl-21-bc5cdr-decoder-15b,bc5cdr,T1,descriptive,hidden_norm,absoluta,0.70,,0.0,sim,0.0,1.0,0.8631,0.6267,0.7261,7122.0,,,,,,,,,,
qwen15b-ft-bc5cdr,decl-21-bc5cdr-decoder-15b,bc5cdr,T1,descriptive,hidden_norm,absoluta,0.80,,0.0,sim,0.0,1.0,0.8631,0.6267,0.7261,7122.0,,,,,,,,,,
qwen15b-ft-bc5cdr,decl-21-bc5cdr-decoder-15b,bc5cdr,T1,descriptive,hidden_norm,absoluta,0.90,,0.2695,sim,0.4299,0.5701,0.9,0.3725,0.5269,4060.0,,,,,,,,,,
qwen15b-ft-bc5cdr,decl-21-bc5cdr-decoder-15b,bc5cdr,T1,descriptive,hidden_norm,absoluta,0.95,,0.7295,sim,0.9962,0.0038,0.963,0.0027,0.0053,27.0,,,,,,,,,,
qwen15b-ft-bc5cdr,decl-21-bc5cdr-decoder-15b,bc5cdr,T1,descriptive,hidden_norm,vao,0.25,0.8949,0.2336,sim,0.3871,0.6129,0.8951,0.3983,0.5513,4365.0,,,,,,,,,,
qwen15b-ft-bc5cdr,decl-21-bc5cdr-decoder-15b,bc5cdr,T1,descriptive,hidden_norm,vao,0.50,0.9299,0.4904,sim,0.7826,0.2174,0.9302,0.1468,0.2536,1548.0,,,,,,,,,,
qwen15b-ft-bc5cdr,decl-21-bc5cdr-decoder-15b,bc5cdr,T1,descriptive,hidden_norm,vao,0.75,0.9650,1.0,sim,0.9971,0.0029,1.0,0.0021,0.0043,21.0,,,,,,,,,,
qwen15b-ft-bc5cdr,decl-21-bc5cdr-decoder-15b,bc5cdr,T1,descriptive,hidden_norm,vao,0.90,0.9860,1.0,sim,0.9971,0.0029,1.0,0.0021,0.0043,21.0,,,,,,,,,,
qwen15b-ft-bc5cdr,decl-21-bc5cdr-decoder-15b,bc5cdr,T1,descriptive,hidden_dist_centroide,absoluta,0.70,,0.0,sim,0.0,1.0,0.8631,0.6267,0.7261,7122.0,,,,,,,,,,
qwen15b-ft-bc5cdr,decl-21-bc5cdr-decoder-15b,bc5cdr,T1,descriptive,hidden_dist_centroide,absoluta,0.80,,0.0,sim,0.0,1.0,0.8631,0.6267,0.7261,7122.0,,,,,,,,,,
qwen15b-ft-bc5cdr,decl-21-bc5cdr-decoder-15b,bc5cdr,T1,descriptive,hidden_dist_centroide,absoluta,0.90,,1.0,sim,0.9996,0.0004,1.0,0.0003,0.0006,3.0,,,,,,,,,,
qwen15b-ft-bc5cdr,decl-21-bc5cdr-decoder-15b,bc5cdr,T1,descriptive,hidden_dist_centroide,absoluta,0.95,,1.0,sim,0.9996,0.0004,1.0,0.0003,0.0006,3.0,,,,,,,,,,
qwen15b-ft-bc5cdr,decl-21-bc5cdr-decoder-15b,bc5cdr,T1,descriptive,hidden_dist_centroide,vao,0.25,0.8949,1.0,sim,0.9996,0.0004,1.0,0.0003,0.0006,3.0,,,,,,,,,,
qwen15b-ft-bc5cdr,decl-21-bc5cdr-decoder-15b,bc5cdr,T1,descriptive,hidden_dist_centroide,vao,0.50,0.9299,1.0,sim,0.9996,0.0004,1.0,0.0003,0.0006,3.0,,,,,,,,,,
qwen15b-ft-bc5cdr,decl-21-bc5cdr-decoder-15b,bc5cdr,T1,descriptive,hidden_dist_centroide,vao,0.75,0.9650,1.0,sim,0.9996,0.0004,1.0,0.0003,0.0006,3.0,,,,,,,,,,
qwen15b-ft-bc5cdr,decl-21-bc5cdr-decoder-15b,bc5cdr,T1,descriptive,hidden_dist_centroide,vao,0.90,0.9860,1.0,sim,0.9996,0.0004,1.0,0.0003,0.0006,3.0,,,,,,,,,,
qwen15b-ft-bc5cdr,decl-21-bc5cdr-decoder-15b,bc5cdr,T1,descriptive,hidden_delta_camadas,absoluta,0.70,,0.0,sim,0.0,1.0,0.8631,0.6267,0.7261,7122.0,,,,,,,,,,
qwen15b-ft-bc5cdr,decl-21-bc5cdr-decoder-15b,bc5cdr,T1,descriptive,hidden_delta_camadas,absoluta,0.80,,0.0,sim,0.0,1.0,0.8631,0.6267,0.7261,7122.0,,,,,,,,,,
qwen15b-ft-bc5cdr,decl-21-bc5cdr-decoder-15b,bc5cdr,T1,descriptive,hidden_delta_camadas,absoluta,0.90,,0.2702,sim,0.5264,0.4736,0.9001,0.3095,0.4606,3373.0,,,,,,,,,,
qwen15b-ft-bc5cdr,decl-21-bc5cdr-decoder-15b,bc5cdr,T1,descriptive,hidden_delta_camadas,absoluta,0.95,,0.6522,sim,0.9912,0.0088,0.9524,0.0061,0.0122,63.0,,,,,,,,,,
qwen15b-ft-bc5cdr,decl-21-bc5cdr-decoder-15b,bc5cdr,T1,descriptive,hidden_delta_camadas,vao,0.25,0.8949,0.2331,sim,0.4771,0.5229,0.895,0.3398,0.4926,3724.0,,,,,,,,,,
qwen15b-ft-bc5cdr,decl-21-bc5cdr-decoder-15b,bc5cdr,T1,descriptive,hidden_delta_camadas,vao,0.50,0.9299,0.5435,sim,0.991,0.009,0.9375,0.0061,0.0122,64.0,,,,,,,,,,
qwen15b-ft-bc5cdr,decl-21-bc5cdr-decoder-15b,bc5cdr,T1,descriptive,hidden_delta_camadas,vao,0.75,0.9650,1.0,sim,0.9973,0.0027,1.0,0.0019,0.0039,19.0,,,,,,,,,,
qwen15b-ft-bc5cdr,decl-21-bc5cdr-decoder-15b,bc5cdr,T1,descriptive,hidden_delta_camadas,vao,0.90,0.9860,1.0,sim,0.9973,0.0027,1.0,0.0019,0.0039,19.0,,,,,,,,,,
qwen15b-ft-bc5cdr,decl-21-bc5cdr-decoder-15b,bc5cdr,T1,descriptive,sonda_ocultos,absoluta,0.70,,0.0,sim,0.0,1.0,0.8631,0.6267,0.7261,7122.0,,,,,,,,,,
qwen15b-ft-bc5cdr,decl-21-bc5cdr-decoder-15b,bc5cdr,T1,descriptive,sonda_ocultos,absoluta,0.80,,0.0,sim,0.0,1.0,0.8631,0.6267,0.7261,7122.0,,,,,,,,,,
qwen15b-ft-bc5cdr,decl-21-bc5cdr-decoder-15b,bc5cdr,T1,descriptive,sonda_ocultos,absoluta,0.90,,0.2699,sim,0.0504,0.9496,0.9,0.6206,0.7346,6763.0,,,,,,,,,,
qwen15b-ft-bc5cdr,decl-21-bc5cdr-decoder-15b,bc5cdr,T1,descriptive,sonda_ocultos,absoluta,0.95,,0.6358,sim,0.1862,0.8138,0.9501,0.5614,0.7058,5796.0,,,,,,,,,,
qwen15b-ft-bc5cdr,decl-21-bc5cdr-decoder-15b,bc5cdr,T1,descriptive,sonda_ocultos,vao,0.25,0.8949,0.2327,sim,0.043,0.957,0.895,0.6219,0.7338,6816.0,,,,,,,,,,
qwen15b-ft-bc5cdr,decl-21-bc5cdr-decoder-15b,bc5cdr,T1,descriptive,sonda_ocultos,vao,0.50,0.9299,0.4885,sim,0.1077,0.8923,0.93,0.6025,0.7313,6355.0,,,,,,,,,,
qwen15b-ft-bc5cdr,decl-21-bc5cdr-decoder-15b,bc5cdr,T1,descriptive,sonda_ocultos,vao,0.75,0.9650,0.7441,sim,0.2745,0.7255,0.965,0.5083,0.6659,5167.0,,,,,,,,,,
qwen15b-ft-bc5cdr,decl-21-bc5cdr-decoder-15b,bc5cdr,T1,descriptive,sonda_ocultos,vao,0.90,0.9860,1.0,sim,0.9978,0.0022,1.0,0.0016,0.0033,16.0,,,,,,,,,,
qwen15b-ft-bc5cdr,decl-21-bc5cdr-decoder-15b,bc5cdr,T1,descriptive,sonda_atencao_cabecas,absoluta,0.70,,0.0,sim,0.0,1.0,0.8631,0.6267,0.7261,7122.0,,,,,,,,,,
qwen15b-ft-bc5cdr,decl-21-bc5cdr-decoder-15b,bc5cdr,T1,descriptive,sonda_atencao_cabecas,absoluta,0.80,,0.0,sim,0.0,1.0,0.8631,0.6267,0.7261,7122.0,,,,,,,,,,
qwen15b-ft-bc5cdr,decl-21-bc5cdr-decoder-15b,bc5cdr,T1,descriptive,sonda_atencao_cabecas,absoluta,0.90,,0.27,sim,0.0854,0.9146,0.9001,0.5977,0.7184,6514.0,,,,,,,,,,
qwen15b-ft-bc5cdr,decl-21-bc5cdr-decoder-15b,bc5cdr,T1,descriptive,sonda_atencao_cabecas,absoluta,0.95,,0.6351,sim,0.4546,0.5454,0.9501,0.3762,0.539,3884.0,,,,,,,,,,
qwen15b-ft-bc5cdr,decl-21-bc5cdr-decoder-15b,bc5cdr,T1,descriptive,sonda_atencao_cabecas,vao,0.25,0.8949,0.2323,sim,0.0688,0.9312,0.8949,0.6051,0.722,6632.0,,,,,,,,,,
qwen15b-ft-bc5cdr,decl-21-bc5cdr-decoder-15b,bc5cdr,T1,descriptive,sonda_atencao_cabecas,vao,0.50,0.9299,0.4891,sim,0.2231,0.7769,0.9301,0.5246,0.6708,5533.0,,,,,,,,,,
qwen15b-ft-bc5cdr,decl-21-bc5cdr-decoder-15b,bc5cdr,T1,descriptive,sonda_atencao_cabecas,vao,0.75,0.9650,0.7452,sim,0.686,0.314,0.9651,0.22,0.3583,2236.0,,,,,,,,,,
qwen15b-ft-bc5cdr,decl-21-bc5cdr-decoder-15b,bc5cdr,T1,descriptive,sonda_atencao_cabecas,vao,0.90,0.9860,1.0,sim,0.9945,0.0055,1.0,0.004,0.0079,39.0,,,,,,,,,,
qwen15b-ft-bc5cdr,decl-21-bc5cdr-decoder-15b,bc5cdr,T1,descriptive,span_mass,absoluta,0.70,,0.0,sim,0.0,1.0,0.8631,0.6267,0.7261,7122.0,,,,,,,,,,
qwen15b-ft-bc5cdr,decl-21-bc5cdr-decoder-15b,bc5cdr,T1,descriptive,span_mass,absoluta,0.80,,0.0,sim,0.0,1.0,0.8631,0.6267,0.7261,7122.0,,,,,,,,,,
qwen15b-ft-bc5cdr,decl-21-bc5cdr-decoder-15b,bc5cdr,T1,descriptive,span_mass,absoluta,0.90,,1.0,sim,0.9999,0.0001,1.0,0.0001,0.0002,1.0,,,,,,,,,,
qwen15b-ft-bc5cdr,decl-21-bc5cdr-decoder-15b,bc5cdr,T1,descriptive,span_mass,absoluta,0.95,,1.0,sim,0.9999,0.0001,1.0,0.0001,0.0002,1.0,,,,,,,,,,
qwen15b-ft-bc5cdr,decl-21-bc5cdr-decoder-15b,bc5cdr,T1,descriptive,span_mass,vao,0.25,0.8949,1.0,sim,0.9999,0.0001,1.0,0.0001,0.0002,1.0,,,,,,,,,,
qwen15b-ft-bc5cdr,decl-21-bc5cdr-decoder-15b,bc5cdr,T1,descriptive,span_mass,vao,0.50,0.9299,1.0,sim,0.9999,0.0001,1.0,0.0001,0.0002,1.0,,,,,,,,,,
qwen15b-ft-bc5cdr,decl-21-bc5cdr-decoder-15b,bc5cdr,T1,descriptive,span_mass,vao,0.75,0.9650,1.0,sim,0.9999,0.0001,1.0,0.0001,0.0002,1.0,,,,,,,,,,
qwen15b-ft-bc5cdr,decl-21-bc5cdr-decoder-15b,bc5cdr,T1,descriptive,span_mass,vao,0.90,0.9860,1.0,sim,0.9999,0.0001,1.0,0.0001,0.0002,1.0,,,,,,,,,,
qwen15b-ft-bc5cdr,decl-21-bc5cdr-decoder-15b,bc5cdr,T1,descriptive,model_confidence,absoluta,0.70,,0.0,sim,0.0,1.0,0.8631,0.6267,0.7261,7122.0,,,,,,,,,,
qwen15b-ft-bc5cdr,decl-21-bc5cdr-decoder-15b,bc5cdr,T1,descriptive,model_confidence,absoluta,0.80,,0.0,sim,0.0,1.0,0.8631,0.6267,0.7261,7122.0,,,,,,,,,,
qwen15b-ft-bc5cdr,decl-21-bc5cdr-decoder-15b,bc5cdr,T1,descriptive,model_confidence,absoluta,0.90,,0.2703,sim,0.1144,0.8856,0.9001,0.5788,0.7045,6307.0,,,,,,,,,,
qwen15b-ft-bc5cdr,decl-21-bc5cdr-decoder-15b,bc5cdr,T1,descriptive,model_confidence,absoluta,0.95,,0.6362,sim,0.4108,0.5892,0.9502,0.4065,0.5694,4196.0,,,,,,,,,,
qwen15b-ft-bc5cdr,decl-21-bc5cdr-decoder-15b,bc5cdr,T1,descriptive,model_confidence,vao,0.25,0.8949,0.2325,sim,0.098,0.902,0.8949,0.5861,0.7083,6424.0,,,,,,,,,,
qwen15b-ft-bc5cdr,decl-21-bc5cdr-decoder-15b,bc5cdr,T1,descriptive,model_confidence,vao,0.50,0.9299,0.4883,sim,0.2404,0.7596,0.9299,0.5129,0.6611,5410.0,,,,,,,,,,
qwen15b-ft-bc5cdr,decl-21-bc5cdr-decoder-15b,bc5cdr,T1,descriptive,model_confidence,vao,0.75,0.9650,0.7443,sim,0.5187,0.4813,0.965,0.3372,0.4998,3428.0,,,,,,,,,,
qwen15b-ft-bc5cdr,decl-21-bc5cdr-decoder-15b,bc5cdr,T1,descriptive,model_confidence,vao,0.90,0.9860,1.0,sim,0.9983,0.0017,1.0,0.0012,0.0024,12.0,,,,,,,,,,
qwen15b-ft-bc5cdr,decl-21-bc5cdr-decoder-15b,bc5cdr,S2,task_verdict,span_mass,absoluta,0.70,,,sim,0.0,,,,,,model_confidence,0.0,0.0,0.0,0.0,7122.0,2916.0,2000.0,0.0,NÃO DISTINGUE (IC contém zero)
qwen15b-ft-bc5cdr,decl-21-bc5cdr-decoder-15b,bc5cdr,S2,task_verdict,span_mass,absoluta,0.80,,,sim,0.0,,,,,,model_confidence,0.0,0.0,0.0,0.0,7122.0,2916.0,2000.0,0.0,NÃO DISTINGUE (IC contém zero)
qwen15b-ft-bc5cdr,decl-21-bc5cdr-decoder-15b,bc5cdr,S2,task_verdict,span_mass,absoluta,0.90,,,sim,0.9999,,,,,,model_confidence,0.1144,0.8854,0.8439,0.913,7122.0,2916.0,1631.0,369.0,span_mass EXIGE MAIS revisão
qwen15b-ft-bc5cdr,decl-21-bc5cdr-decoder-15b,bc5cdr,S2,task_verdict,span_mass,absoluta,0.95,,,sim,0.9999,,,,,,model_confidence,0.4108,0.589,0.5552,0.656,7122.0,2916.0,1510.0,490.0,span_mass EXIGE MAIS revisão
qwen15b-ft-bc5cdr,decl-21-bc5cdr-decoder-15b,bc5cdr,S2,task_verdict,span_mass,vao,0.25,0.8949,,sim,0.9999,,,,,,model_confidence,0.098,0.9019,0.8669,0.9305,7122.0,2916.0,1640.0,360.0,span_mass EXIGE MAIS revisão
qwen15b-ft-bc5cdr,decl-21-bc5cdr-decoder-15b,bc5cdr,S2,task_verdict,span_mass,vao,0.50,0.9299,,sim,0.9999,,,,,,model_confidence,0.2404,0.7595,0.6891,0.7869,7122.0,2916.0,1537.0,463.0,span_mass EXIGE MAIS revisão
qwen15b-ft-bc5cdr,decl-21-bc5cdr-decoder-15b,bc5cdr,S2,task_verdict,span_mass,vao,0.75,0.9650,,sim,0.9999,,,,,,model_confidence,0.5187,0.4812,0.4006,0.5429,7122.0,2916.0,1484.0,516.0,span_mass EXIGE MAIS revisão
qwen15b-ft-bc5cdr,decl-21-bc5cdr-decoder-15b,bc5cdr,S2,task_verdict,span_mass,vao,0.90,0.9860,,sim,0.9999,,,,,,model_confidence,0.9983,0.0015,-0.0004,0.2022,7122.0,2916.0,1481.0,519.0,NÃO DISTINGUE (IC contém zero)
qwen15b-ft-bc5cdr,decl-21-bc5cdr-decoder-15b,bc5cdr,S4,task_verdict,span_mass,absoluta,0.70,,,sim,0.0,,,,,,aggseq,0.0,0.0,0.0,0.0,7122.0,2916.0,2000.0,0.0,NÃO DISTINGUE (IC contém zero)
qwen15b-ft-bc5cdr,decl-21-bc5cdr-decoder-15b,bc5cdr,S4,task_verdict,span_mass,absoluta,0.80,,,sim,0.0,,,,,,aggseq,0.0,0.0,0.0,0.0,7122.0,2916.0,2000.0,0.0,NÃO DISTINGUE (IC contém zero)
qwen15b-ft-bc5cdr,decl-21-bc5cdr-decoder-15b,bc5cdr,S4,task_verdict,span_mass,absoluta,0.90,,,sim,0.9999,,,,,,aggseq,0.1244,0.8755,0.8482,0.9301,7122.0,2916.0,1631.0,369.0,span_mass EXIGE MAIS revisão
qwen15b-ft-bc5cdr,decl-21-bc5cdr-decoder-15b,bc5cdr,S4,task_verdict,span_mass,absoluta,0.95,,,sim,0.9999,,,,,,aggseq,0.9715,0.0284,0.0058,0.1011,7122.0,2916.0,1510.0,490.0,span_mass EXIGE MAIS revisão
qwen15b-ft-bc5cdr,decl-21-bc5cdr-decoder-15b,bc5cdr,S4,task_verdict,span_mass,vao,0.25,0.8949,,sim,0.9999,,,,,,aggseq,0.0869,0.9129,0.8625,0.9432,7122.0,2916.0,1640.0,360.0,span_mass EXIGE MAIS revisão
qwen15b-ft-bc5cdr,decl-21-bc5cdr-decoder-15b,bc5cdr,S4,task_verdict,span_mass,vao,0.50,0.9299,,sim,0.9999,,,,,,aggseq,0.3022,0.6977,0.0253,0.7458,7122.0,2916.0,1537.0,463.0,span_mass EXIGE MAIS revisão
qwen15b-ft-bc5cdr,decl-21-bc5cdr-decoder-15b,bc5cdr,S4,task_verdict,span_mass,vao,0.75,0.9650,,sim,0.9999,,,,,,aggseq,0.99,0.0098,0.002,0.0333,7122.0,2916.0,1484.0,516.0,span_mass EXIGE MAIS revisão
qwen15b-ft-bc5cdr,decl-21-bc5cdr-decoder-15b,bc5cdr,S4,task_verdict,span_mass,vao,0.90,0.9860,,sim,0.9999,,,,,,aggseq,0.9969,0.0029,0.0006,0.0135,7122.0,2916.0,1481.0,519.0,span_mass EXIGE MAIS revisão
qwen15b-ft-bc5cdr,decl-21-bc5cdr-decoder-15b,bc5cdr,S6,task_verdict,row_entropy_causal,absoluta,0.70,,,sim,0.0,,,,,,model_confidence,0.0,0.0,0.0,0.0,7122.0,2916.0,2000.0,0.0,NÃO DISTINGUE (IC contém zero)
qwen15b-ft-bc5cdr,decl-21-bc5cdr-decoder-15b,bc5cdr,S6,task_verdict,row_entropy_causal,absoluta,0.80,,,sim,0.0,,,,,,model_confidence,0.0,0.0,0.0,0.0,7122.0,2916.0,2000.0,0.0,NÃO DISTINGUE (IC contém zero)
qwen15b-ft-bc5cdr,decl-21-bc5cdr-decoder-15b,bc5cdr,S6,task_verdict,row_entropy_causal,absoluta,0.90,,,sim,0.8413,,,,,,model_confidence,0.1144,0.7269,0.5341,0.8272,7122.0,2916.0,2000.0,0.0,row_entropy_causal EXIGE MAIS revisão
qwen15b-ft-bc5cdr,decl-21-bc5cdr-decoder-15b,bc5cdr,S6,task_verdict,row_entropy_causal,absoluta,0.95,,,não,inalcançável,,,,,,model_confidence,0.4108,,,,7122.0,2916.0,0.0,0.0,inalcançável para row_entropy_causal
qwen15b-ft-bc5cdr,decl-21-bc5cdr-decoder-15b,bc5cdr,S6,task_verdict,row_entropy_causal,vao,0.25,0.8949,,sim,0.8169,,,,,,model_confidence,0.098,0.7189,0.5214,0.8297,7122.0,2916.0,2000.0,0.0,row_entropy_causal EXIGE MAIS revisão
qwen15b-ft-bc5cdr,decl-21-bc5cdr-decoder-15b,bc5cdr,S6,task_verdict,row_entropy_causal,vao,0.50,0.9299,,sim,0.9429,,,,,,model_confidence,0.2404,0.7025,0.6337,0.7403,7122.0,2916.0,1903.0,97.0,row_entropy_causal EXIGE MAIS revisão
qwen15b-ft-bc5cdr,decl-21-bc5cdr-decoder-15b,bc5cdr,S6,task_verdict,row_entropy_causal,vao,0.75,0.9650,,não,inalcançável,,,,,,model_confidence,0.5187,,,,7122.0,2916.0,0.0,0.0,inalcançável para row_entropy_causal
qwen15b-ft-bc5cdr,decl-21-bc5cdr-decoder-15b,bc5cdr,S6,task_verdict,row_entropy_causal,vao,0.90,0.9860,,não,inalcançável,,,,,,model_confidence,0.9983,,,,7122.0,2916.0,0.0,0.0,inalcançável para row_entropy_causal
qwen15b-ft-bc5cdr,decl-21-bc5cdr-decoder-15b,bc5cdr,S8,task_verdict,row_entropy_causal,absoluta,0.70,,,sim,0.0,,,,,,aggseq,0.0,0.0,0.0,0.0,7122.0,2916.0,2000.0,0.0,NÃO DISTINGUE (IC contém zero)
qwen15b-ft-bc5cdr,decl-21-bc5cdr-decoder-15b,bc5cdr,S8,task_verdict,row_entropy_causal,absoluta,0.80,,,sim,0.0,,,,,,aggseq,0.0,0.0,0.0,0.0,7122.0,2916.0,2000.0,0.0,NÃO DISTINGUE (IC contém zero)
qwen15b-ft-bc5cdr,decl-21-bc5cdr-decoder-15b,bc5cdr,S8,task_verdict,row_entropy_causal,absoluta,0.90,,,sim,0.8413,,,,,,aggseq,0.1244,0.7169,0.5313,0.8232,7122.0,2916.0,2000.0,0.0,row_entropy_causal EXIGE MAIS revisão
qwen15b-ft-bc5cdr,decl-21-bc5cdr-decoder-15b,bc5cdr,S8,task_verdict,row_entropy_causal,absoluta,0.95,,,não,inalcançável,,,,,,aggseq,0.9715,,,,7122.0,2916.0,0.0,0.0,inalcançável para row_entropy_causal
qwen15b-ft-bc5cdr,decl-21-bc5cdr-decoder-15b,bc5cdr,S8,task_verdict,row_entropy_causal,vao,0.25,0.8949,,sim,0.8169,,,,,,aggseq,0.0869,0.73,0.511,0.8379,7122.0,2916.0,2000.0,0.0,row_entropy_causal EXIGE MAIS revisão
qwen15b-ft-bc5cdr,decl-21-bc5cdr-decoder-15b,bc5cdr,S8,task_verdict,row_entropy_causal,vao,0.50,0.9299,,sim,0.9429,,,,,,aggseq,0.3022,0.6407,-0.0307,0.7056,7122.0,2916.0,1903.0,97.0,NÃO DISTINGUE (IC contém zero)
qwen15b-ft-bc5cdr,decl-21-bc5cdr-decoder-15b,bc5cdr,S8,task_verdict,row_entropy_causal,vao,0.75,0.9650,,não,inalcançável,,,,,,aggseq,0.99,,,,7122.0,2916.0,0.0,0.0,inalcançável para row_entropy_causal
qwen15b-ft-bc5cdr,decl-21-bc5cdr-decoder-15b,bc5cdr,S8,task_verdict,row_entropy_causal,vao,0.90,0.9860,,não,inalcançável,,,,,,aggseq,0.9969,,,,7122.0,2916.0,0.0,0.0,inalcançável para row_entropy_causal
qwen15b-ft-bc5cdr,decl-21-bc5cdr-decoder-15b,bc5cdr,S10,task_verdict,row_max_causal,absoluta,0.70,,,sim,0.0,,,,,,model_confidence,0.0,0.0,0.0,0.0,7122.0,2916.0,2000.0,0.0,NÃO DISTINGUE (IC contém zero)
qwen15b-ft-bc5cdr,decl-21-bc5cdr-decoder-15b,bc5cdr,S10,task_verdict,row_max_causal,absoluta,0.80,,,sim,0.0,,,,,,model_confidence,0.0,0.0,0.0,0.0,7122.0,2916.0,2000.0,0.0,NÃO DISTINGUE (IC contém zero)
qwen15b-ft-bc5cdr,decl-21-bc5cdr-decoder-15b,bc5cdr,S10,task_verdict,row_max_causal,absoluta,0.90,,,sim,0.6981,,,,,,model_confidence,0.1144,0.5837,0.3008,0.7323,7122.0,2916.0,2000.0,0.0,row_max_causal EXIGE MAIS revisão
qwen15b-ft-bc5cdr,decl-21-bc5cdr-decoder-15b,bc5cdr,S10,task_verdict,row_max_causal,absoluta,0.95,,,não,inalcançável,,,,,,model_confidence,0.4108,,,,7122.0,2916.0,0.0,0.0,inalcançável para row_max_causal
qwen15b-ft-bc5cdr,decl-21-bc5cdr-decoder-15b,bc5cdr,S10,task_verdict,row_max_causal,vao,0.25,0.8949,,sim,0.5017,,,,,,model_confidence,0.098,0.4037,0.2468,0.7045,7122.0,2916.0,2000.0,0.0,row_max_causal EXIGE MAIS revisão
qwen15b-ft-bc5cdr,decl-21-bc5cdr-decoder-15b,bc5cdr,S10,task_verdict,row_max_causal,vao,0.50,0.9299,,sim,0.9486,,,,,,model_confidence,0.2404,0.7082,0.5997,0.7509,7122.0,2916.0,1739.0,261.0,row_max_causal EXIGE MAIS revisão
qwen15b-ft-bc5cdr,decl-21-bc5cdr-decoder-15b,bc5cdr,S10,task_verdict,row_max_causal,vao,0.75,0.9650,,não,inalcançável,,,,,,model_confidence,0.5187,,,,7122.0,2916.0,0.0,0.0,inalcançável para row_max_causal
qwen15b-ft-bc5cdr,decl-21-bc5cdr-decoder-15b,bc5cdr,S10,task_verdict,row_max_causal,vao,0.90,0.9860,,não,inalcançável,,,,,,model_confidence,0.9983,,,,7122.0,2916.0,0.0,0.0,inalcançável para row_max_causal
qwen15b-ft-bc5cdr,decl-21-bc5cdr-decoder-15b,bc5cdr,S12,task_verdict,row_max_causal,absoluta,0.70,,,sim,0.0,,,,,,aggseq,0.0,0.0,0.0,0.0,7122.0,2916.0,2000.0,0.0,NÃO DISTINGUE (IC contém zero)
qwen15b-ft-bc5cdr,decl-21-bc5cdr-decoder-15b,bc5cdr,S12,task_verdict,row_max_causal,absoluta,0.80,,,sim,0.0,,,,,,aggseq,0.0,0.0,0.0,0.0,7122.0,2916.0,2000.0,0.0,NÃO DISTINGUE (IC contém zero)
qwen15b-ft-bc5cdr,decl-21-bc5cdr-decoder-15b,bc5cdr,S12,task_verdict,row_max_causal,absoluta,0.90,,,sim,0.6981,,,,,,aggseq,0.1244,0.5737,0.3024,0.7308,7122.0,2916.0,2000.0,0.0,row_max_causal EXIGE MAIS revisão
qwen15b-ft-bc5cdr,decl-21-bc5cdr-decoder-15b,bc5cdr,S12,task_verdict,row_max_causal,absoluta,0.95,,,não,inalcançável,,,,,,aggseq,0.9715,,,,7122.0,2916.0,0.0,0.0,inalcançável para row_max_causal
qwen15b-ft-bc5cdr,decl-21-bc5cdr-decoder-15b,bc5cdr,S12,task_verdict,row_max_causal,vao,0.25,0.8949,,sim,0.5017,,,,,,aggseq,0.0869,0.4148,0.2569,0.7063,7122.0,2916.0,2000.0,0.0,row_max_causal EXIGE MAIS revisão
qwen15b-ft-bc5cdr,decl-21-bc5cdr-decoder-15b,bc5cdr,S12,task_verdict,row_max_causal,vao,0.50,0.9299,,sim,0.9486,,,,,,aggseq,0.3022,0.6464,-0.0296,0.7079,7122.0,2916.0,1739.0,261.0,NÃO DISTINGUE (IC contém zero)
qwen15b-ft-bc5cdr,decl-21-bc5cdr-decoder-15b,bc5cdr,S12,task_verdict,row_max_causal,vao,0.75,0.9650,,não,inalcançável,,,,,,aggseq,0.99,,,,7122.0,2916.0,0.0,0.0,inalcançável para row_max_causal
qwen15b-ft-bc5cdr,decl-21-bc5cdr-decoder-15b,bc5cdr,S12,task_verdict,row_max_causal,vao,0.90,0.9860,,não,inalcançável,,,,,,aggseq,0.9969,,,,7122.0,2916.0,0.0,0.0,inalcançável para row_max_causal
qwen15b-ft-bc5cdr,decl-21-bc5cdr-decoder-15b,bc5cdr,S14,task_verdict,hidden_norm,absoluta,0.70,,,sim,0.0,,,,,,model_confidence,0.0,0.0,0.0,0.0,7122.0,2916.0,2000.0,0.0,NÃO DISTINGUE (IC contém zero)
qwen15b-ft-bc5cdr,decl-21-bc5cdr-decoder-15b,bc5cdr,S14,task_verdict,hidden_norm,absoluta,0.80,,,sim,0.0,,,,,,model_confidence,0.0,0.0,0.0,0.0,7122.0,2916.0,2000.0,0.0,NÃO DISTINGUE (IC contém zero)
qwen15b-ft-bc5cdr,decl-21-bc5cdr-decoder-15b,bc5cdr,S14,task_verdict,hidden_norm,absoluta,0.90,,,sim,0.4299,,,,,,model_confidence,0.1144,0.3155,0.2536,0.4093,7122.0,2916.0,2000.0,0.0,hidden_norm EXIGE MAIS revisão
qwen15b-ft-bc5cdr,decl-21-bc5cdr-decoder-15b,bc5cdr,S14,task_verdict,hidden_norm,absoluta,0.95,,,sim,0.9962,,,,,,model_confidence,0.4108,0.5854,0.4715,0.6427,7122.0,2916.0,2000.0,0.0,hidden_norm EXIGE MAIS revisão
qwen15b-ft-bc5cdr,decl-21-bc5cdr-decoder-15b,bc5cdr,S14,task_verdict,hidden_norm,vao,0.25,0.8949,,sim,0.3871,,,,,,model_confidence,0.098,0.2891,0.2397,0.3688,7122.0,2916.0,2000.0,0.0,hidden_norm EXIGE MAIS revisão
qwen15b-ft-bc5cdr,decl-21-bc5cdr-decoder-15b,bc5cdr,S14,task_verdict,hidden_norm,vao,0.50,0.9299,,sim,0.7826,,,,,,model_confidence,0.2404,0.5423,0.3695,0.7386,7122.0,2916.0,2000.0,0.0,hidden_norm EXIGE MAIS revisão
qwen15b-ft-bc5cdr,decl-21-bc5cdr-decoder-15b,bc5cdr,S14,task_verdict,hidden_norm,vao,0.75,0.9650,,sim,0.9971,,,,,,model_confidence,0.5187,0.4784,0.3854,0.5362,7122.0,2916.0,2000.0,0.0,hidden_norm EXIGE MAIS revisão
qwen15b-ft-bc5cdr,decl-21-bc5cdr-decoder-15b,bc5cdr,S14,task_verdict,hidden_norm,vao,0.90,0.9860,,sim,0.9971,,,,,,model_confidence,0.9983,-0.0013,-0.0061,0.1987,7122.0,2916.0,2000.0,0.0,NÃO DISTINGUE (IC contém zero)
qwen15b-ft-bc5cdr,decl-21-bc5cdr-decoder-15b,bc5cdr,S16,task_verdict,hidden_norm,absoluta,0.70,,,sim,0.0,,,,,,aggseq,0.0,0.0,0.0,0.0,7122.0,2916.0,2000.0,0.0,NÃO DISTINGUE (IC contém zero)
qwen15b-ft-bc5cdr,decl-21-bc5cdr-decoder-15b,bc5cdr,S16,task_verdict,hidden_norm,absoluta,0.80,,,sim,0.0,,,,,,aggseq,0.0,0.0,0.0,0.0,7122.0,2916.0,2000.0,0.0,NÃO DISTINGUE (IC contém zero)
qwen15b-ft-bc5cdr,decl-21-bc5cdr-decoder-15b,bc5cdr,S16,task_verdict,hidden_norm,absoluta,0.90,,,sim,0.4299,,,,,,aggseq,0.1244,0.3055,0.2515,0.4073,7122.0,2916.0,2000.0,0.0,hidden_norm EXIGE MAIS revisão
qwen15b-ft-bc5cdr,decl-21-bc5cdr-decoder-15b,bc5cdr,S16,task_verdict,hidden_norm,absoluta,0.95,,,sim,0.9962,,,,,,aggseq,0.9715,0.0247,-0.1098,0.0627,7122.0,2916.0,2000.0,0.0,NÃO DISTINGUE (IC contém zero)
qwen15b-ft-bc5cdr,decl-21-bc5cdr-decoder-15b,bc5cdr,S16,task_verdict,hidden_norm,vao,0.25,0.8949,,sim,0.3871,,,,,,aggseq,0.0869,0.3002,0.243,0.3734,7122.0,2916.0,2000.0,0.0,hidden_norm EXIGE MAIS revisão
qwen15b-ft-bc5cdr,decl-21-bc5cdr-decoder-15b,bc5cdr,S16,task_verdict,hidden_norm,vao,0.50,0.9299,,sim,0.7826,,,,,,aggseq,0.3022,0.4805,-0.1938,0.6854,7122.0,2916.0,2000.0,0.0,NÃO DISTINGUE (IC contém zero)
qwen15b-ft-bc5cdr,decl-21-bc5cdr-decoder-15b,bc5cdr,S16,task_verdict,hidden_norm,vao,0.75,0.9650,,sim,0.9971,,,,,,aggseq,0.99,0.007,-0.0238,0.0299,7122.0,2916.0,2000.0,0.0,NÃO DISTINGUE (IC contém zero)
qwen15b-ft-bc5cdr,decl-21-bc5cdr-decoder-15b,bc5cdr,S16,task_verdict,hidden_norm,vao,0.90,0.9860,,sim,0.9971,,,,,,aggseq,0.9969,0.0001,-0.0072,0.0111,7122.0,2916.0,2000.0,0.0,NÃO DISTINGUE (IC contém zero)
qwen15b-ft-bc5cdr,decl-21-bc5cdr-decoder-15b,bc5cdr,S18,task_verdict,hidden_dist_centroide,absoluta,0.70,,,sim,0.0,,,,,,model_confidence,0.0,0.0,0.0,0.0,7122.0,2916.0,2000.0,0.0,NÃO DISTINGUE (IC contém zero)
qwen15b-ft-bc5cdr,decl-21-bc5cdr-decoder-15b,bc5cdr,S18,task_verdict,hidden_dist_centroide,absoluta,0.80,,,sim,0.0,,,,,,model_confidence,0.0,0.0,0.0,0.0,7122.0,2916.0,2000.0,0.0,NÃO DISTINGUE (IC contém zero)
qwen15b-ft-bc5cdr,decl-21-bc5cdr-decoder-15b,bc5cdr,S18,task_verdict,hidden_dist_centroide,absoluta,0.90,,,sim,0.9996,,,,,,model_confidence,0.1144,0.8851,0.2437,0.9048,7122.0,2916.0,1953.0,47.0,hidden_dist_centroide EXIGE MAIS revisão
qwen15b-ft-bc5cdr,decl-21-bc5cdr-decoder-15b,bc5cdr,S18,task_verdict,hidden_dist_centroide,absoluta,0.95,,,sim,0.9996,,,,,,model_confidence,0.4108,0.5887,0.5539,0.6556,7122.0,2916.0,1939.0,61.0,hidden_dist_centroide EXIGE MAIS revisão
qwen15b-ft-bc5cdr,decl-21-bc5cdr-decoder-15b,bc5cdr,S18,task_verdict,hidden_dist_centroide,vao,0.25,0.8949,,sim,0.9996,,,,,,model_confidence,0.098,0.9016,0.13,0.913,7122.0,2916.0,1975.0,25.0,hidden_dist_centroide EXIGE MAIS revisão
qwen15b-ft-bc5cdr,decl-21-bc5cdr-decoder-15b,bc5cdr,S18,task_verdict,hidden_dist_centroide,vao,0.50,0.9299,,sim,0.9996,,,,,,model_confidence,0.2404,0.7592,0.6872,0.788,7122.0,2916.0,1940.0,60.0,hidden_dist_centroide EXIGE MAIS revisão
qwen15b-ft-bc5cdr,decl-21-bc5cdr-decoder-15b,bc5cdr,S18,task_verdict,hidden_dist_centroide,vao,0.75,0.9650,,sim,0.9996,,,,,,model_confidence,0.5187,0.4809,0.3954,0.5422,7122.0,2916.0,1939.0,61.0,hidden_dist_centroide EXIGE MAIS revisão
qwen15b-ft-bc5cdr,decl-21-bc5cdr-decoder-15b,bc5cdr,S18,task_verdict,hidden_dist_centroide,vao,0.90,0.9860,,sim,0.9996,,,,,,model_confidence,0.9983,0.0013,0.0001,0.2016,7122.0,2916.0,1939.0,61.0,hidden_dist_centroide EXIGE MAIS revisão
qwen15b-ft-bc5cdr,decl-21-bc5cdr-decoder-15b,bc5cdr,S20,task_verdict,hidden_dist_centroide,absoluta,0.70,,,sim,0.0,,,,,,aggseq,0.0,0.0,0.0,0.0,7122.0,2916.0,2000.0,0.0,NÃO DISTINGUE (IC contém zero)
qwen15b-ft-bc5cdr,decl-21-bc5cdr-decoder-15b,bc5cdr,S20,task_verdict,hidden_dist_centroide,absoluta,0.80,,,sim,0.0,,,,,,aggseq,0.0,0.0,0.0,0.0,7122.0,2916.0,2000.0,0.0,NÃO DISTINGUE (IC contém zero)
qwen15b-ft-bc5cdr,decl-21-bc5cdr-decoder-15b,bc5cdr,S20,task_verdict,hidden_dist_centroide,absoluta,0.90,,,sim,0.9996,,,,,,aggseq,0.1244,0.8752,0.2481,0.919,7122.0,2916.0,1953.0,47.0,hidden_dist_centroide EXIGE MAIS revisão
qwen15b-ft-bc5cdr,decl-21-bc5cdr-decoder-15b,bc5cdr,S20,task_verdict,hidden_dist_centroide,absoluta,0.95,,,sim,0.9996,,,,,,aggseq,0.9715,0.0281,0.0067,0.092,7122.0,2916.0,1939.0,61.0,hidden_dist_centroide EXIGE MAIS revisão
qwen15b-ft-bc5cdr,decl-21-bc5cdr-decoder-15b,bc5cdr,S20,task_verdict,hidden_dist_centroide,vao,0.25,0.8949,,sim,0.9996,,,,,,aggseq,0.0869,0.9127,0.1468,0.9288,7122.0,2916.0,1975.0,25.0,hidden_dist_centroide EXIGE MAIS revisão
qwen15b-ft-bc5cdr,decl-21-bc5cdr-decoder-15b,bc5cdr,S20,task_verdict,hidden_dist_centroide,vao,0.50,0.9299,,sim,0.9996,,,,,,aggseq,0.3022,0.6974,0.0257,0.7451,7122.0,2916.0,1940.0,60.0,hidden_dist_centroide EXIGE MAIS revisão
qwen15b-ft-bc5cdr,decl-21-bc5cdr-decoder-15b,bc5cdr,S20,task_verdict,hidden_dist_centroide,vao,0.75,0.9650,,sim,0.9996,,,,,,aggseq,0.99,0.0095,0.0016,0.0332,7122.0,2916.0,1939.0,61.0,hidden_dist_centroide EXIGE MAIS revisão
qwen15b-ft-bc5cdr,decl-21-bc5cdr-decoder-15b,bc5cdr,S20,task_verdict,hidden_dist_centroide,vao,0.90,0.9860,,sim,0.9996,,,,,,aggseq,0.9969,0.0027,0.0006,0.0135,7122.0,2916.0,1939.0,61.0,hidden_dist_centroide EXIGE MAIS revisão
qwen15b-ft-bc5cdr,decl-21-bc5cdr-decoder-15b,bc5cdr,S22,task_verdict,hidden_delta_camadas,absoluta,0.70,,,sim,0.0,,,,,,model_confidence,0.0,0.0,0.0,0.0,7122.0,2916.0,2000.0,0.0,NÃO DISTINGUE (IC contém zero)
qwen15b-ft-bc5cdr,decl-21-bc5cdr-decoder-15b,bc5cdr,S22,task_verdict,hidden_delta_camadas,absoluta,0.80,,,sim,0.0,,,,,,model_confidence,0.0,0.0,0.0,0.0,7122.0,2916.0,2000.0,0.0,NÃO DISTINGUE (IC contém zero)
qwen15b-ft-bc5cdr,decl-21-bc5cdr-decoder-15b,bc5cdr,S22,task_verdict,hidden_delta_camadas,absoluta,0.90,,,sim,0.5264,,,,,,model_confidence,0.1144,0.412,0.3218,0.5885,7122.0,2916.0,2000.0,0.0,hidden_delta_camadas EXIGE MAIS revisão
qwen15b-ft-bc5cdr,decl-21-bc5cdr-decoder-15b,bc5cdr,S22,task_verdict,hidden_delta_camadas,absoluta,0.95,,,sim,0.9912,,,,,,model_confidence,0.4108,0.5803,0.5256,0.6485,7122.0,2916.0,2000.0,0.0,hidden_delta_camadas EXIGE MAIS revisão
qwen15b-ft-bc5cdr,decl-21-bc5cdr-decoder-15b,bc5cdr,S22,task_verdict,hidden_delta_camadas,vao,0.25,0.8949,,sim,0.4771,,,,,,model_confidence,0.098,0.3791,0.2698,0.4877,7122.0,2916.0,2000.0,0.0,hidden_delta_camadas EXIGE MAIS revisão
qwen15b-ft-bc5cdr,decl-21-bc5cdr-decoder-15b,bc5cdr,S22,task_verdict,hidden_delta_camadas,vao,0.50,0.9299,,sim,0.991,,,,,,model_confidence,0.2404,0.7506,0.5162,0.7691,7122.0,2916.0,2000.0,0.0,hidden_delta_camadas EXIGE MAIS revisão
qwen15b-ft-bc5cdr,decl-21-bc5cdr-decoder-15b,bc5cdr,S22,task_verdict,hidden_delta_camadas,vao,0.75,0.9650,,sim,0.9973,,,,,,model_confidence,0.5187,0.4787,0.3845,0.5388,7122.0,2916.0,2000.0,0.0,hidden_delta_camadas EXIGE MAIS revisão
qwen15b-ft-bc5cdr,decl-21-bc5cdr-decoder-15b,bc5cdr,S22,task_verdict,hidden_delta_camadas,vao,0.90,0.9860,,sim,0.9973,,,,,,model_confidence,0.9983,-0.001,-0.0059,0.1993,7122.0,2916.0,2000.0,0.0,NÃO DISTINGUE (IC contém zero)
qwen15b-ft-bc5cdr,decl-21-bc5cdr-decoder-15b,bc5cdr,S24,task_verdict,hidden_delta_camadas,absoluta,0.70,,,sim,0.0,,,,,,aggseq,0.0,0.0,0.0,0.0,7122.0,2916.0,2000.0,0.0,NÃO DISTINGUE (IC contém zero)
qwen15b-ft-bc5cdr,decl-21-bc5cdr-decoder-15b,bc5cdr,S24,task_verdict,hidden_delta_camadas,absoluta,0.80,,,sim,0.0,,,,,,aggseq,0.0,0.0,0.0,0.0,7122.0,2916.0,2000.0,0.0,NÃO DISTINGUE (IC contém zero)
qwen15b-ft-bc5cdr,decl-21-bc5cdr-decoder-15b,bc5cdr,S24,task_verdict,hidden_delta_camadas,absoluta,0.90,,,sim,0.5264,,,,,,aggseq,0.1244,0.402,0.3148,0.589,7122.0,2916.0,2000.0,0.0,hidden_delta_camadas EXIGE MAIS revisão
qwen15b-ft-bc5cdr,decl-21-bc5cdr-decoder-15b,bc5cdr,S24,task_verdict,hidden_delta_camadas,absoluta,0.95,,,sim,0.9912,,,,,,aggseq,0.9715,0.0197,-0.036,0.0779,7122.0,2916.0,2000.0,0.0,NÃO DISTINGUE (IC contém zero)
qwen15b-ft-bc5cdr,decl-21-bc5cdr-decoder-15b,bc5cdr,S24,task_verdict,hidden_delta_camadas,vao,0.25,0.8949,,sim,0.4771,,,,,,aggseq,0.0869,0.3902,0.2799,0.4918,7122.0,2916.0,2000.0,0.0,hidden_delta_camadas EXIGE MAIS revisão
qwen15b-ft-bc5cdr,decl-21-bc5cdr-decoder-15b,bc5cdr,S24,task_verdict,hidden_delta_camadas,vao,0.50,0.9299,,sim,0.991,,,,,,aggseq,0.3022,0.6889,-0.0539,0.7237,7122.0,2916.0,2000.0,0.0,NÃO DISTINGUE (IC contém zero)
qwen15b-ft-bc5cdr,decl-21-bc5cdr-decoder-15b,bc5cdr,S24,task_verdict,hidden_delta_camadas,vao,0.75,0.9650,,sim,0.9973,,,,,,aggseq,0.99,0.0073,-0.0082,0.0302,7122.0,2916.0,2000.0,0.0,NÃO DISTINGUE (IC contém zero)
qwen15b-ft-bc5cdr,decl-21-bc5cdr-decoder-15b,bc5cdr,S24,task_verdict,hidden_delta_camadas,vao,0.90,0.9860,,sim,0.9973,,,,,,aggseq,0.9969,0.0004,-0.0045,0.0114,7122.0,2916.0,2000.0,0.0,NÃO DISTINGUE (IC contém zero)
qwen15b-ft-bc5cdr,decl-21-bc5cdr-decoder-15b,bc5cdr,E26,task_verdict,sonda_ocultos,absoluta,0.70,,,sim,0.0,,,,,,model_confidence,0.0,0.0,0.0,0.0,7122.0,2916.0,2000.0,0.0,NÃO DISTINGUE (IC contém zero)
qwen15b-ft-bc5cdr,decl-21-bc5cdr-decoder-15b,bc5cdr,E26,task_verdict,sonda_ocultos,absoluta,0.80,,,sim,0.0,,,,,,model_confidence,0.0,0.0,0.0,0.0,7122.0,2916.0,2000.0,0.0,NÃO DISTINGUE (IC contém zero)
qwen15b-ft-bc5cdr,decl-21-bc5cdr-decoder-15b,bc5cdr,E26,task_verdict,sonda_ocultos,absoluta,0.90,,,sim,0.0504,,,,,,model_confidence,0.1144,-0.064,-0.0929,-0.0469,7122.0,2916.0,2000.0,0.0,sonda_ocultos EXIGE MENOS revisão
qwen15b-ft-bc5cdr,decl-21-bc5cdr-decoder-15b,bc5cdr,E26,task_verdict,sonda_ocultos,absoluta,0.95,,,sim,0.1862,,,,,,model_confidence,0.4108,-0.2247,-0.258,-0.1679,7122.0,2916.0,2000.0,0.0,sonda_ocultos EXIGE MENOS revisão
qwen15b-ft-bc5cdr,decl-21-bc5cdr-decoder-15b,bc5cdr,E26,task_verdict,sonda_ocultos,vao,0.25,0.8949,,sim,0.043,,,,,,model_confidence,0.098,-0.055,-0.0771,-0.0372,7122.0,2916.0,2000.0,0.0,sonda_ocultos EXIGE MENOS revisão
qwen15b-ft-bc5cdr,decl-21-bc5cdr-decoder-15b,bc5cdr,E26,task_verdict,sonda_ocultos,vao,0.50,0.9299,,sim,0.1077,,,,,,model_confidence,0.2404,-0.1327,-0.1859,-0.1149,7122.0,2916.0,2000.0,0.0,sonda_ocultos EXIGE MENOS revisão
qwen15b-ft-bc5cdr,decl-21-bc5cdr-decoder-15b,bc5cdr,E26,task_verdict,sonda_ocultos,vao,0.75,0.9650,,sim,0.2745,,,,,,model_confidence,0.5187,-0.2442,-0.3221,-0.178,7122.0,2916.0,2000.0,0.0,sonda_ocultos EXIGE MENOS revisão
qwen15b-ft-bc5cdr,decl-21-bc5cdr-decoder-15b,bc5cdr,E26,task_verdict,sonda_ocultos,vao,0.90,0.9860,,sim,0.9978,,,,,,model_confidence,0.9983,-0.0006,-0.0035,0.1991,7122.0,2916.0,2000.0,0.0,NÃO DISTINGUE (IC contém zero)
qwen15b-ft-bc5cdr,decl-21-bc5cdr-decoder-15b,bc5cdr,E28,task_verdict,sonda_ocultos,absoluta,0.70,,,sim,0.0,,,,,,aggseq,0.0,0.0,0.0,0.0,7122.0,2916.0,2000.0,0.0,NÃO DISTINGUE (IC contém zero)
qwen15b-ft-bc5cdr,decl-21-bc5cdr-decoder-15b,bc5cdr,E28,task_verdict,sonda_ocultos,absoluta,0.80,,,sim,0.0,,,,,,aggseq,0.0,0.0,0.0,0.0,7122.0,2916.0,2000.0,0.0,NÃO DISTINGUE (IC contém zero)
qwen15b-ft-bc5cdr,decl-21-bc5cdr-decoder-15b,bc5cdr,E28,task_verdict,sonda_ocultos,absoluta,0.90,,,sim,0.0504,,,,,,aggseq,0.1244,-0.074,-0.0889,-0.0307,7122.0,2916.0,2000.0,0.0,sonda_ocultos EXIGE MENOS revisão
qwen15b-ft-bc5cdr,decl-21-bc5cdr-decoder-15b,bc5cdr,E28,task_verdict,sonda_ocultos,absoluta,0.95,,,sim,0.1862,,,,,,aggseq,0.9715,-0.7853,-0.8258,-0.7313,7122.0,2916.0,2000.0,0.0,sonda_ocultos EXIGE MENOS revisão
qwen15b-ft-bc5cdr,decl-21-bc5cdr-decoder-15b,bc5cdr,E28,task_verdict,sonda_ocultos,vao,0.25,0.8949,,sim,0.043,,,,,,aggseq,0.0869,-0.0439,-0.0822,-0.0244,7122.0,2916.0,2000.0,0.0,sonda_ocultos EXIGE MENOS revisão
qwen15b-ft-bc5cdr,decl-21-bc5cdr-decoder-15b,bc5cdr,E28,task_verdict,sonda_ocultos,vao,0.50,0.9299,,sim,0.1077,,,,,,aggseq,0.3022,-0.1945,-0.8555,-0.1543,7122.0,2916.0,2000.0,0.0,sonda_ocultos EXIGE MENOS revisão
qwen15b-ft-bc5cdr,decl-21-bc5cdr-decoder-15b,bc5cdr,E28,task_verdict,sonda_ocultos,vao,0.75,0.9650,,sim,0.2745,,,,,,aggseq,0.99,-0.7155,-0.7505,-0.6295,7122.0,2916.0,2000.0,0.0,sonda_ocultos EXIGE MENOS revisão
qwen15b-ft-bc5cdr,decl-21-bc5cdr-decoder-15b,bc5cdr,E28,task_verdict,sonda_ocultos,vao,0.90,0.9860,,sim,0.9978,,,,,,aggseq,0.9969,0.0008,-0.0031,0.0116,7122.0,2916.0,2000.0,0.0,NÃO DISTINGUE (IC contém zero)
qwen15b-ft-bc5cdr,decl-21-bc5cdr-decoder-15b,bc5cdr,E30,task_verdict,sonda_atencao_cabecas,absoluta,0.70,,,sim,0.0,,,,,,model_confidence,0.0,0.0,0.0,0.0,7122.0,2916.0,2000.0,0.0,NÃO DISTINGUE (IC contém zero)
qwen15b-ft-bc5cdr,decl-21-bc5cdr-decoder-15b,bc5cdr,E30,task_verdict,sonda_atencao_cabecas,absoluta,0.80,,,sim,0.0,,,,,,model_confidence,0.0,0.0,0.0,0.0,7122.0,2916.0,2000.0,0.0,NÃO DISTINGUE (IC contém zero)
qwen15b-ft-bc5cdr,decl-21-bc5cdr-decoder-15b,bc5cdr,E30,task_verdict,sonda_atencao_cabecas,absoluta,0.90,,,sim,0.0854,,,,,,model_confidence,0.1144,-0.0291,-0.0528,-0.0132,7122.0,2916.0,2000.0,0.0,sonda_atencao_cabecas EXIGE MENOS revisão
qwen15b-ft-bc5cdr,decl-21-bc5cdr-decoder-15b,bc5cdr,E30,task_verdict,sonda_atencao_cabecas,absoluta,0.95,,,sim,0.4546,,,,,,model_confidence,0.4108,0.0438,-0.0372,0.1347,7122.0,2916.0,2000.0,0.0,NÃO DISTINGUE (IC contém zero)
qwen15b-ft-bc5cdr,decl-21-bc5cdr-decoder-15b,bc5cdr,E30,task_verdict,sonda_atencao_cabecas,vao,0.25,0.8949,,sim,0.0688,,,,,,model_confidence,0.098,-0.0292,-0.0471,-0.0151,7122.0,2916.0,2000.0,0.0,sonda_atencao_cabecas EXIGE MENOS revisão
qwen15b-ft-bc5cdr,decl-21-bc5cdr-decoder-15b,bc5cdr,E30,task_verdict,sonda_atencao_cabecas,vao,0.50,0.9299,,sim,0.2231,,,,,,model_confidence,0.2404,-0.0173,-0.0653,0.0255,7122.0,2916.0,2000.0,0.0,NÃO DISTINGUE (IC contém zero)
qwen15b-ft-bc5cdr,decl-21-bc5cdr-decoder-15b,bc5cdr,E30,task_verdict,sonda_atencao_cabecas,vao,0.75,0.9650,,sim,0.686,,,,,,model_confidence,0.5187,0.1674,0.0296,0.325,7122.0,2916.0,2000.0,0.0,sonda_atencao_cabecas EXIGE MAIS revisão
qwen15b-ft-bc5cdr,decl-21-bc5cdr-decoder-15b,bc5cdr,E30,task_verdict,sonda_atencao_cabecas,vao,0.90,0.9860,,sim,0.9945,,,,,,model_confidence,0.9983,-0.0038,-0.1094,0.1916,7122.0,2916.0,2000.0,0.0,NÃO DISTINGUE (IC contém zero)
qwen15b-ft-bc5cdr,decl-21-bc5cdr-decoder-15b,bc5cdr,E32,task_verdict,sonda_atencao_cabecas,absoluta,0.70,,,sim,0.0,,,,,,aggseq,0.0,0.0,0.0,0.0,7122.0,2916.0,2000.0,0.0,NÃO DISTINGUE (IC contém zero)
qwen15b-ft-bc5cdr,decl-21-bc5cdr-decoder-15b,bc5cdr,E32,task_verdict,sonda_atencao_cabecas,absoluta,0.80,,,sim,0.0,,,,,,aggseq,0.0,0.0,0.0,0.0,7122.0,2916.0,2000.0,0.0,NÃO DISTINGUE (IC contém zero)
qwen15b-ft-bc5cdr,decl-21-bc5cdr-decoder-15b,bc5cdr,E32,task_verdict,sonda_atencao_cabecas,absoluta,0.90,,,sim,0.0854,,,,,,aggseq,0.1244,-0.039,-0.0543,-0.005,7122.0,2916.0,2000.0,0.0,sonda_atencao_cabecas EXIGE MENOS revisão
qwen15b-ft-bc5cdr,decl-21-bc5cdr-decoder-15b,bc5cdr,E32,task_verdict,sonda_atencao_cabecas,absoluta,0.95,,,sim,0.4546,,,,,,aggseq,0.9715,-0.5168,-0.6145,-0.4141,7122.0,2916.0,2000.0,0.0,sonda_atencao_cabecas EXIGE MENOS revisão
qwen15b-ft-bc5cdr,decl-21-bc5cdr-decoder-15b,bc5cdr,E32,task_verdict,sonda_atencao_cabecas,vao,0.25,0.8949,,sim,0.0688,,,,,,aggseq,0.0869,-0.0181,-0.0542,-0.0014,7122.0,2916.0,2000.0,0.0,sonda_atencao_cabecas EXIGE MENOS revisão
qwen15b-ft-bc5cdr,decl-21-bc5cdr-decoder-15b,bc5cdr,E32,task_verdict,sonda_atencao_cabecas,vao,0.50,0.9299,,sim,0.2231,,,,,,aggseq,0.3022,-0.0791,-0.7284,-0.0179,7122.0,2916.0,2000.0,0.0,sonda_atencao_cabecas EXIGE MENOS revisão
qwen15b-ft-bc5cdr,decl-21-bc5cdr-decoder-15b,bc5cdr,E32,task_verdict,sonda_atencao_cabecas,vao,0.75,0.9650,,sim,0.686,,,,,,aggseq,0.99,-0.304,-0.4334,-0.1419,7122.0,2916.0,2000.0,0.0,sonda_atencao_cabecas EXIGE MENOS revisão
qwen15b-ft-bc5cdr,decl-21-bc5cdr-decoder-15b,bc5cdr,E32,task_verdict,sonda_atencao_cabecas,vao,0.90,0.9860,,sim,0.9945,,,,,,aggseq,0.9969,-0.0024,-0.1185,0.0077,7122.0,2916.0,2000.0,0.0,NÃO DISTINGUE (IC contém zero)
qwen15b-ft-bc5cdr,adenda-01,bc5cdr,T1,descriptive,(sem supervisor),—,—,,0.0,sim,0.0,1.0,0.8631,0.6267,0.7261,7122.0,,,,,,,,,,
qwen15b-ft-bc5cdr,adenda-01,bc5cdr,T1,descriptive,span_size,absoluta,0.70,,0.0,sim,0.0,1.0,0.8631,0.6267,0.7261,7122.0,,,,,,,,,,
qwen15b-ft-bc5cdr,adenda-01,bc5cdr,T1,descriptive,span_size,absoluta,0.80,,0.0,sim,0.0,1.0,0.8631,0.6267,0.7261,7122.0,,,,,,,,,,
qwen15b-ft-bc5cdr,adenda-01,bc5cdr,T1,descriptive,span_size,absoluta,0.90,,1.0,sim,0.9999,0.0001,1.0,0.0001,0.0002,1.0,,,,,,,,,,
qwen15b-ft-bc5cdr,adenda-01,bc5cdr,T1,descriptive,span_size,absoluta,0.95,,1.0,sim,0.9999,0.0001,1.0,0.0001,0.0002,1.0,,,,,,,,,,
qwen15b-ft-bc5cdr,adenda-01,bc5cdr,T1,descriptive,span_size,vao,0.25,0.8949,1.0,sim,0.9999,0.0001,1.0,0.0001,0.0002,1.0,,,,,,,,,,
qwen15b-ft-bc5cdr,adenda-01,bc5cdr,T1,descriptive,span_size,vao,0.50,0.9299,1.0,sim,0.9999,0.0001,1.0,0.0001,0.0002,1.0,,,,,,,,,,
qwen15b-ft-bc5cdr,adenda-01,bc5cdr,T1,descriptive,span_size,vao,0.75,0.9650,1.0,sim,0.9999,0.0001,1.0,0.0001,0.0002,1.0,,,,,,,,,,
qwen15b-ft-bc5cdr,adenda-01,bc5cdr,T1,descriptive,span_size,vao,0.90,0.9860,1.0,sim,0.9999,0.0001,1.0,0.0001,0.0002,1.0,,,,,,,,,,
qwen15b-ft-bc5cdr,adenda-01,bc5cdr,T1,descriptive,geometric_fraction,absoluta,0.70,,0.0,sim,0.0,1.0,0.8631,0.6267,0.7261,7122.0,,,,,,,,,,
qwen15b-ft-bc5cdr,adenda-01,bc5cdr,T1,descriptive,geometric_fraction,absoluta,0.80,,0.0,sim,0.0,1.0,0.8631,0.6267,0.7261,7122.0,,,,,,,,,,
qwen15b-ft-bc5cdr,adenda-01,bc5cdr,T1,descriptive,geometric_fraction,absoluta,0.90,,,não,inalcançável,,,,,0.0,,,,,,,,,,
qwen15b-ft-bc5cdr,adenda-01,bc5cdr,T1,descriptive,geometric_fraction,absoluta,0.95,,,não,inalcançável,,,,,0.0,,,,,,,,,,
qwen15b-ft-bc5cdr,adenda-01,bc5cdr,T1,descriptive,geometric_fraction,vao,0.25,0.8949,,não,inalcançável,,,,,0.0,,,,,,,,,,
qwen15b-ft-bc5cdr,adenda-01,bc5cdr,T1,descriptive,geometric_fraction,vao,0.50,0.9299,,não,inalcançável,,,,,0.0,,,,,,,,,,
qwen15b-ft-bc5cdr,adenda-01,bc5cdr,T1,descriptive,geometric_fraction,vao,0.75,0.9650,,não,inalcançável,,,,,0.0,,,,,,,,,,
qwen15b-ft-bc5cdr,adenda-01,bc5cdr,T1,descriptive,geometric_fraction,vao,0.90,0.9860,,não,inalcançável,,,,,0.0,,,,,,,,,,
qwen15b-ft-bc5cdr,adenda-01,bc5cdr,T1,descriptive,sentence_length,absoluta,0.70,,0.0,sim,0.0,1.0,0.8631,0.6267,0.7261,7122.0,,,,,,,,,,
qwen15b-ft-bc5cdr,adenda-01,bc5cdr,T1,descriptive,sentence_length,absoluta,0.80,,0.0,sim,0.0,1.0,0.8631,0.6267,0.7261,7122.0,,,,,,,,,,
qwen15b-ft-bc5cdr,adenda-01,bc5cdr,T1,descriptive,sentence_length,absoluta,0.90,,0.2889,sim,0.9683,0.0317,0.9027,0.0208,0.0407,226.0,,,,,,,,,,
qwen15b-ft-bc5cdr,adenda-01,bc5cdr,T1,descriptive,sentence_length,absoluta,0.95,,0.7786,sim,0.9954,0.0046,0.9697,0.0033,0.0065,33.0,,,,,,,,,,
qwen15b-ft-bc5cdr,adenda-01,bc5cdr,T1,descriptive,sentence_length,vao,0.25,0.8949,0.2889,sim,0.9683,0.0317,0.9027,0.0208,0.0407,226.0,,,,,,,,,,
qwen15b-ft-bc5cdr,adenda-01,bc5cdr,T1,descriptive,sentence_length,vao,0.50,0.9299,0.5667,sim,0.9834,0.0166,0.9407,0.0113,0.0224,118.0,,,,,,,,,,
qwen15b-ft-bc5cdr,adenda-01,bc5cdr,T1,descriptive,sentence_length,vao,0.75,0.9650,0.7786,sim,0.9954,0.0046,0.9697,0.0033,0.0065,33.0,,,,,,,,,,
qwen15b-ft-bc5cdr,adenda-01,bc5cdr,T1,descriptive,sentence_length,vao,0.90,0.9860,1.0,sim,0.9973,0.0027,1.0,0.0019,0.0039,19.0,,,,,,,,,,
qwen15b-ft-bc5cdr,adenda-01,bc5cdr,T1,descriptive,row_entropy_causal,absoluta,0.70,,0.0,sim,0.0,1.0,0.8631,0.6267,0.7261,7122.0,,,,,,,,,,
qwen15b-ft-bc5cdr,adenda-01,bc5cdr,T1,descriptive,row_entropy_causal,absoluta,0.80,,0.0,sim,0.0,1.0,0.8631,0.6267,0.7261,7122.0,,,,,,,,,,
qwen15b-ft-bc5cdr,adenda-01,bc5cdr,T1,descriptive,row_entropy_causal,absoluta,0.90,,0.2695,sim,0.8413,0.1587,0.9,0.1037,0.1859,1130.0,,,,,,,,,,
qwen15b-ft-bc5cdr,adenda-01,bc5cdr,T1,descriptive,row_entropy_causal,absoluta,0.95,,,não,inalcançável,,,,,0.0,,,,,,,,,,
qwen15b-ft-bc5cdr,adenda-01,bc5cdr,T1,descriptive,row_entropy_causal,vao,0.25,0.8949,0.2326,sim,0.8169,0.1831,0.8949,0.119,0.21,1304.0,,,,,,,,,,
qwen15b-ft-bc5cdr,adenda-01,bc5cdr,T1,descriptive,row_entropy_causal,vao,0.50,0.9299,0.4975,sim,0.9429,0.0571,0.9312,0.0386,0.0742,407.0,,,,,,,,,,
qwen15b-ft-bc5cdr,adenda-01,bc5cdr,T1,descriptive,row_entropy_causal,vao,0.75,0.9650,,não,inalcançável,,,,,0.0,,,,,,,,,,
qwen15b-ft-bc5cdr,adenda-01,bc5cdr,T1,descriptive,row_entropy_causal,vao,0.90,0.9860,,não,inalcançável,,,,,0.0,,,,,,,,,,
qwen15b-ft-bc5cdr,adenda-01,bc5cdr,T1,descriptive,row_max_causal,absoluta,0.70,,0.0,sim,0.0,1.0,0.8631,0.6267,0.7261,7122.0,,,,,,,,,,
qwen15b-ft-bc5cdr,adenda-01,bc5cdr,T1,descriptive,row_max_causal,absoluta,0.80,,0.0,sim,0.0,1.0,0.8631,0.6267,0.7261,7122.0,,,,,,,,,,
qwen15b-ft-bc5cdr,adenda-01,bc5cdr,T1,descriptive,row_max_causal,absoluta,0.90,,0.2695,sim,0.6981,0.3019,0.9,0.1973,0.3236,2150.0,,,,,,,,,,
qwen15b-ft-bc5cdr,adenda-01,bc5cdr,T1,descriptive,row_max_causal,absoluta,0.95,,,não,inalcançável,,,,,0.0,,,,,,,,,,
qwen15b-ft-bc5cdr,adenda-01,bc5cdr,T1,descriptive,row_max_causal,vao,0.25,0.8949,0.2323,sim,0.5017,0.4983,0.8949,0.3238,0.4755,3549.0,,,,,,,,,,
qwen15b-ft-bc5cdr,adenda-01,bc5cdr,T1,descriptive,row_max_causal,vao,0.50,0.9299,0.5011,sim,0.9486,0.0514,0.9317,0.0348,0.067,366.0,,,,,,,,,,
qwen15b-ft-bc5cdr,adenda-01,bc5cdr,T1,descriptive,row_max_causal,vao,0.75,0.9650,,não,inalcançável,,,,,0.0,,,,,,,,,,
qwen15b-ft-bc5cdr,adenda-01,bc5cdr,T1,descriptive,row_max_causal,vao,0.90,0.9860,,não,inalcançável,,,,,0.0,,,,,,,,,,
qwen15b-ft-bc5cdr,adenda-01,bc5cdr,T1,descriptive,hidden_norm,absoluta,0.70,,0.0,sim,0.0,1.0,0.8631,0.6267,0.7261,7122.0,,,,,,,,,,
qwen15b-ft-bc5cdr,adenda-01,bc5cdr,T1,descriptive,hidden_norm,absoluta,0.80,,0.0,sim,0.0,1.0,0.8631,0.6267,0.7261,7122.0,,,,,,,,,,
qwen15b-ft-bc5cdr,adenda-01,bc5cdr,T1,descriptive,hidden_norm,absoluta,0.90,,0.2695,sim,0.4299,0.5701,0.9,0.3725,0.5269,4060.0,,,,,,,,,,
qwen15b-ft-bc5cdr,adenda-01,bc5cdr,T1,descriptive,hidden_norm,absoluta,0.95,,0.7295,sim,0.9962,0.0038,0.963,0.0027,0.0053,27.0,,,,,,,,,,
qwen15b-ft-bc5cdr,adenda-01,bc5cdr,T1,descriptive,hidden_norm,vao,0.25,0.8949,0.2336,sim,0.3871,0.6129,0.8951,0.3983,0.5513,4365.0,,,,,,,,,,
qwen15b-ft-bc5cdr,adenda-01,bc5cdr,T1,descriptive,hidden_norm,vao,0.50,0.9299,0.4904,sim,0.7826,0.2174,0.9302,0.1468,0.2536,1548.0,,,,,,,,,,
qwen15b-ft-bc5cdr,adenda-01,bc5cdr,T1,descriptive,hidden_norm,vao,0.75,0.9650,1.0,sim,0.9971,0.0029,1.0,0.0021,0.0043,21.0,,,,,,,,,,
qwen15b-ft-bc5cdr,adenda-01,bc5cdr,T1,descriptive,hidden_norm,vao,0.90,0.9860,1.0,sim,0.9971,0.0029,1.0,0.0021,0.0043,21.0,,,,,,,,,,
qwen15b-ft-bc5cdr,adenda-01,bc5cdr,T1,descriptive,hidden_dist_centroide,absoluta,0.70,,0.0,sim,0.0,1.0,0.8631,0.6267,0.7261,7122.0,,,,,,,,,,
qwen15b-ft-bc5cdr,adenda-01,bc5cdr,T1,descriptive,hidden_dist_centroide,absoluta,0.80,,0.0,sim,0.0,1.0,0.8631,0.6267,0.7261,7122.0,,,,,,,,,,
qwen15b-ft-bc5cdr,adenda-01,bc5cdr,T1,descriptive,hidden_dist_centroide,absoluta,0.90,,1.0,sim,0.9996,0.0004,1.0,0.0003,0.0006,3.0,,,,,,,,,,
qwen15b-ft-bc5cdr,adenda-01,bc5cdr,T1,descriptive,hidden_dist_centroide,absoluta,0.95,,1.0,sim,0.9996,0.0004,1.0,0.0003,0.0006,3.0,,,,,,,,,,
qwen15b-ft-bc5cdr,adenda-01,bc5cdr,T1,descriptive,hidden_dist_centroide,vao,0.25,0.8949,1.0,sim,0.9996,0.0004,1.0,0.0003,0.0006,3.0,,,,,,,,,,
qwen15b-ft-bc5cdr,adenda-01,bc5cdr,T1,descriptive,hidden_dist_centroide,vao,0.50,0.9299,1.0,sim,0.9996,0.0004,1.0,0.0003,0.0006,3.0,,,,,,,,,,
qwen15b-ft-bc5cdr,adenda-01,bc5cdr,T1,descriptive,hidden_dist_centroide,vao,0.75,0.9650,1.0,sim,0.9996,0.0004,1.0,0.0003,0.0006,3.0,,,,,,,,,,
qwen15b-ft-bc5cdr,adenda-01,bc5cdr,T1,descriptive,hidden_dist_centroide,vao,0.90,0.9860,1.0,sim,0.9996,0.0004,1.0,0.0003,0.0006,3.0,,,,,,,,,,
qwen15b-ft-bc5cdr,adenda-01,bc5cdr,T1,descriptive,hidden_delta_camadas,absoluta,0.70,,0.0,sim,0.0,1.0,0.8631,0.6267,0.7261,7122.0,,,,,,,,,,
qwen15b-ft-bc5cdr,adenda-01,bc5cdr,T1,descriptive,hidden_delta_camadas,absoluta,0.80,,0.0,sim,0.0,1.0,0.8631,0.6267,0.7261,7122.0,,,,,,,,,,
qwen15b-ft-bc5cdr,adenda-01,bc5cdr,T1,descriptive,hidden_delta_camadas,absoluta,0.90,,0.2702,sim,0.5264,0.4736,0.9001,0.3095,0.4606,3373.0,,,,,,,,,,
qwen15b-ft-bc5cdr,adenda-01,bc5cdr,T1,descriptive,hidden_delta_camadas,absoluta,0.95,,0.6522,sim,0.9912,0.0088,0.9524,0.0061,0.0122,63.0,,,,,,,,,,
qwen15b-ft-bc5cdr,adenda-01,bc5cdr,T1,descriptive,hidden_delta_camadas,vao,0.25,0.8949,0.2331,sim,0.4771,0.5229,0.895,0.3398,0.4926,3724.0,,,,,,,,,,
qwen15b-ft-bc5cdr,adenda-01,bc5cdr,T1,descriptive,hidden_delta_camadas,vao,0.50,0.9299,0.5435,sim,0.991,0.009,0.9375,0.0061,0.0122,64.0,,,,,,,,,,
qwen15b-ft-bc5cdr,adenda-01,bc5cdr,T1,descriptive,hidden_delta_camadas,vao,0.75,0.9650,1.0,sim,0.9973,0.0027,1.0,0.0019,0.0039,19.0,,,,,,,,,,
qwen15b-ft-bc5cdr,adenda-01,bc5cdr,T1,descriptive,hidden_delta_camadas,vao,0.90,0.9860,1.0,sim,0.9973,0.0027,1.0,0.0019,0.0039,19.0,,,,,,,,,,
qwen15b-ft-bc5cdr,adenda-01,bc5cdr,T1,descriptive,sonda_ocultos,absoluta,0.70,,0.0,sim,0.0,1.0,0.8631,0.6267,0.7261,7122.0,,,,,,,,,,
qwen15b-ft-bc5cdr,adenda-01,bc5cdr,T1,descriptive,sonda_ocultos,absoluta,0.80,,0.0,sim,0.0,1.0,0.8631,0.6267,0.7261,7122.0,,,,,,,,,,
qwen15b-ft-bc5cdr,adenda-01,bc5cdr,T1,descriptive,sonda_ocultos,absoluta,0.90,,0.2699,sim,0.0504,0.9496,0.9,0.6206,0.7346,6763.0,,,,,,,,,,
qwen15b-ft-bc5cdr,adenda-01,bc5cdr,T1,descriptive,sonda_ocultos,absoluta,0.95,,0.6358,sim,0.1862,0.8138,0.9501,0.5614,0.7058,5796.0,,,,,,,,,,
qwen15b-ft-bc5cdr,adenda-01,bc5cdr,T1,descriptive,sonda_ocultos,vao,0.25,0.8949,0.2327,sim,0.043,0.957,0.895,0.6219,0.7338,6816.0,,,,,,,,,,
qwen15b-ft-bc5cdr,adenda-01,bc5cdr,T1,descriptive,sonda_ocultos,vao,0.50,0.9299,0.4885,sim,0.1077,0.8923,0.93,0.6025,0.7313,6355.0,,,,,,,,,,
qwen15b-ft-bc5cdr,adenda-01,bc5cdr,T1,descriptive,sonda_ocultos,vao,0.75,0.9650,0.7441,sim,0.2745,0.7255,0.965,0.5083,0.6659,5167.0,,,,,,,,,,
qwen15b-ft-bc5cdr,adenda-01,bc5cdr,T1,descriptive,sonda_ocultos,vao,0.90,0.9860,1.0,sim,0.9978,0.0022,1.0,0.0016,0.0033,16.0,,,,,,,,,,
qwen15b-ft-bc5cdr,adenda-01,bc5cdr,T1,descriptive,sonda_atencao_cabecas,absoluta,0.70,,0.0,sim,0.0,1.0,0.8631,0.6267,0.7261,7122.0,,,,,,,,,,
qwen15b-ft-bc5cdr,adenda-01,bc5cdr,T1,descriptive,sonda_atencao_cabecas,absoluta,0.80,,0.0,sim,0.0,1.0,0.8631,0.6267,0.7261,7122.0,,,,,,,,,,
qwen15b-ft-bc5cdr,adenda-01,bc5cdr,T1,descriptive,sonda_atencao_cabecas,absoluta,0.90,,0.27,sim,0.0854,0.9146,0.9001,0.5977,0.7184,6514.0,,,,,,,,,,
qwen15b-ft-bc5cdr,adenda-01,bc5cdr,T1,descriptive,sonda_atencao_cabecas,absoluta,0.95,,0.6351,sim,0.4546,0.5454,0.9501,0.3762,0.539,3884.0,,,,,,,,,,
qwen15b-ft-bc5cdr,adenda-01,bc5cdr,T1,descriptive,sonda_atencao_cabecas,vao,0.25,0.8949,0.2323,sim,0.0688,0.9312,0.8949,0.6051,0.722,6632.0,,,,,,,,,,
qwen15b-ft-bc5cdr,adenda-01,bc5cdr,T1,descriptive,sonda_atencao_cabecas,vao,0.50,0.9299,0.4891,sim,0.2231,0.7769,0.9301,0.5246,0.6708,5533.0,,,,,,,,,,
qwen15b-ft-bc5cdr,adenda-01,bc5cdr,T1,descriptive,sonda_atencao_cabecas,vao,0.75,0.9650,0.7452,sim,0.686,0.314,0.9651,0.22,0.3583,2236.0,,,,,,,,,,
qwen15b-ft-bc5cdr,adenda-01,bc5cdr,T1,descriptive,sonda_atencao_cabecas,vao,0.90,0.9860,1.0,sim,0.9945,0.0055,1.0,0.004,0.0079,39.0,,,,,,,,,,
qwen15b-ft-bc5cdr,adenda-01,bc5cdr,T1,descriptive,span_mass,absoluta,0.70,,0.0,sim,0.0,1.0,0.8631,0.6267,0.7261,7122.0,,,,,,,,,,
qwen15b-ft-bc5cdr,adenda-01,bc5cdr,T1,descriptive,span_mass,absoluta,0.80,,0.0,sim,0.0,1.0,0.8631,0.6267,0.7261,7122.0,,,,,,,,,,
qwen15b-ft-bc5cdr,adenda-01,bc5cdr,T1,descriptive,span_mass,absoluta,0.90,,1.0,sim,0.9999,0.0001,1.0,0.0001,0.0002,1.0,,,,,,,,,,
qwen15b-ft-bc5cdr,adenda-01,bc5cdr,T1,descriptive,span_mass,absoluta,0.95,,1.0,sim,0.9999,0.0001,1.0,0.0001,0.0002,1.0,,,,,,,,,,
qwen15b-ft-bc5cdr,adenda-01,bc5cdr,T1,descriptive,span_mass,vao,0.25,0.8949,1.0,sim,0.9999,0.0001,1.0,0.0001,0.0002,1.0,,,,,,,,,,
qwen15b-ft-bc5cdr,adenda-01,bc5cdr,T1,descriptive,span_mass,vao,0.50,0.9299,1.0,sim,0.9999,0.0001,1.0,0.0001,0.0002,1.0,,,,,,,,,,
qwen15b-ft-bc5cdr,adenda-01,bc5cdr,T1,descriptive,span_mass,vao,0.75,0.9650,1.0,sim,0.9999,0.0001,1.0,0.0001,0.0002,1.0,,,,,,,,,,
qwen15b-ft-bc5cdr,adenda-01,bc5cdr,T1,descriptive,span_mass,vao,0.90,0.9860,1.0,sim,0.9999,0.0001,1.0,0.0001,0.0002,1.0,,,,,,,,,,
qwen15b-ft-bc5cdr,adenda-01,bc5cdr,T1,descriptive,model_confidence,absoluta,0.70,,0.0,sim,0.0,1.0,0.8631,0.6267,0.7261,7122.0,,,,,,,,,,
qwen15b-ft-bc5cdr,adenda-01,bc5cdr,T1,descriptive,model_confidence,absoluta,0.80,,0.0,sim,0.0,1.0,0.8631,0.6267,0.7261,7122.0,,,,,,,,,,
qwen15b-ft-bc5cdr,adenda-01,bc5cdr,T1,descriptive,model_confidence,absoluta,0.90,,0.2703,sim,0.1144,0.8856,0.9001,0.5788,0.7045,6307.0,,,,,,,,,,
qwen15b-ft-bc5cdr,adenda-01,bc5cdr,T1,descriptive,model_confidence,absoluta,0.95,,0.6362,sim,0.4108,0.5892,0.9502,0.4065,0.5694,4196.0,,,,,,,,,,
qwen15b-ft-bc5cdr,adenda-01,bc5cdr,T1,descriptive,model_confidence,vao,0.25,0.8949,0.2325,sim,0.098,0.902,0.8949,0.5861,0.7083,6424.0,,,,,,,,,,
qwen15b-ft-bc5cdr,adenda-01,bc5cdr,T1,descriptive,model_confidence,vao,0.50,0.9299,0.4883,sim,0.2404,0.7596,0.9299,0.5129,0.6611,5410.0,,,,,,,,,,
qwen15b-ft-bc5cdr,adenda-01,bc5cdr,T1,descriptive,model_confidence,vao,0.75,0.9650,0.7443,sim,0.5187,0.4813,0.965,0.3372,0.4998,3428.0,,,,,,,,,,
qwen15b-ft-bc5cdr,adenda-01,bc5cdr,T1,descriptive,model_confidence,vao,0.90,0.9860,1.0,sim,0.9983,0.0017,1.0,0.0012,0.0024,12.0,,,,,,,,,,
qwen15b-ft-bc5cdr,adenda-01,bc5cdr,AD1-R-sonda_ocultos,task_verdict,sonda_ocultos,absoluta,0.70,,,sim,0.0,,,,,,base_treinada,0.0,0.0,0.0,0.0,7122.0,2916.0,2000.0,0.0,NÃO DISTINGUE (IC contém zero)
qwen15b-ft-bc5cdr,adenda-01,bc5cdr,AD1-R-sonda_ocultos,task_verdict,sonda_ocultos,absoluta,0.80,,,sim,0.0,,,,,,base_treinada,0.0,0.0,0.0,0.0,7122.0,2916.0,2000.0,0.0,NÃO DISTINGUE (IC contém zero)
qwen15b-ft-bc5cdr,adenda-01,bc5cdr,AD1-R-sonda_ocultos,task_verdict,sonda_ocultos,absoluta,0.90,,,sim,0.0504,,,,,,base_treinada,0.1306,-0.0802,-0.144,-0.0518,7122.0,2916.0,2000.0,0.0,sonda_ocultos EXIGE MENOS revisão
qwen15b-ft-bc5cdr,adenda-01,bc5cdr,AD1-R-sonda_ocultos,task_verdict,sonda_ocultos,absoluta,0.95,,,não,0.1862,,,,,,base_treinada,inalcançável,,,,7122.0,2916.0,0.0,0.0,inalcançável para base_treinada
qwen15b-ft-bc5cdr,adenda-01,bc5cdr,AD1-R-sonda_ocultos,task_verdict,sonda_ocultos,vao,0.25,0.8949,,sim,0.043,,,,,,base_treinada,0.1035,-0.0605,-0.1111,-0.0375,7122.0,2916.0,2000.0,0.0,sonda_ocultos EXIGE MENOS revisão
qwen15b-ft-bc5cdr,adenda-01,bc5cdr,AD1-R-sonda_ocultos,task_verdict,sonda_ocultos,vao,0.50,0.9299,,sim,0.1077,,,,,,base_treinada,0.9788,-0.8711,-0.8859,-0.3358,7122.0,2916.0,1713.0,287.0,sonda_ocultos EXIGE MENOS revisão
qwen15b-ft-bc5cdr,adenda-01,bc5cdr,AD1-R-sonda_ocultos,task_verdict,sonda_ocultos,vao,0.75,0.9650,,não,0.2745,,,,,,base_treinada,inalcançável,,,,7122.0,2916.0,0.0,0.0,inalcançável para base_treinada
qwen15b-ft-bc5cdr,adenda-01,bc5cdr,AD1-R-sonda_ocultos,task_verdict,sonda_ocultos,vao,0.90,0.9860,,não,0.9978,,,,,,base_treinada,inalcançável,,,,7122.0,2916.0,0.0,0.0,inalcançável para base_treinada
qwen15b-ft-bc5cdr,adenda-01,bc5cdr,AD1-R-sonda_atencao_cabecas,task_verdict,sonda_atencao_cabecas,absoluta,0.70,,,sim,0.0,,,,,,base_treinada,0.0,0.0,0.0,0.0,7122.0,2916.0,2000.0,0.0,NÃO DISTINGUE (IC contém zero)
qwen15b-ft-bc5cdr,adenda-01,bc5cdr,AD1-R-sonda_atencao_cabecas,task_verdict,sonda_atencao_cabecas,absoluta,0.80,,,sim,0.0,,,,,,base_treinada,0.0,0.0,0.0,0.0,7122.0,2916.0,2000.0,0.0,NÃO DISTINGUE (IC contém zero)
qwen15b-ft-bc5cdr,adenda-01,bc5cdr,AD1-R-sonda_atencao_cabecas,task_verdict,sonda_atencao_cabecas,absoluta,0.90,,,sim,0.0854,,,,,,base_treinada,0.1306,-0.0452,-0.1009,-0.0233,7122.0,2916.0,2000.0,0.0,sonda_atencao_cabecas EXIGE MENOS revisão
qwen15b-ft-bc5cdr,adenda-01,bc5cdr,AD1-R-sonda_atencao_cabecas,task_verdict,sonda_atencao_cabecas,absoluta,0.95,,,não,0.4546,,,,,,base_treinada,inalcançável,,,,7122.0,2916.0,0.0,0.0,inalcançável para base_treinada
qwen15b-ft-bc5cdr,adenda-01,bc5cdr,AD1-R-sonda_atencao_cabecas,task_verdict,sonda_atencao_cabecas,vao,0.25,0.8949,,sim,0.0688,,,,,,base_treinada,0.1035,-0.0347,-0.0747,-0.0199,7122.0,2916.0,2000.0,0.0,sonda_atencao_cabecas EXIGE MENOS revisão
qwen15b-ft-bc5cdr,adenda-01,bc5cdr,AD1-R-sonda_atencao_cabecas,task_verdict,sonda_atencao_cabecas,vao,0.50,0.9299,,sim,0.2231,,,,,,base_treinada,0.9788,-0.7557,-0.7875,-0.2276,7122.0,2916.0,1713.0,287.0,sonda_atencao_cabecas EXIGE MENOS revisão
qwen15b-ft-bc5cdr,adenda-01,bc5cdr,AD1-R-sonda_atencao_cabecas,task_verdict,sonda_atencao_cabecas,vao,0.75,0.9650,,não,0.686,,,,,,base_treinada,inalcançável,,,,7122.0,2916.0,0.0,0.0,inalcançável para base_treinada
qwen15b-ft-bc5cdr,adenda-01,bc5cdr,AD1-R-sonda_atencao_cabecas,task_verdict,sonda_atencao_cabecas,vao,0.90,0.9860,,não,0.9945,,,,,,base_treinada,inalcançável,,,,7122.0,2916.0,0.0,0.0,inalcançável para base_treinada
qwen15b-ft-bc5cdr,adenda-01,bc5cdr,AD1-R-sonda_ocultos_ajustada,task_verdict,sonda_ocultos_ajustada,absoluta,0.70,,,sim,0.0,,,,,,base_treinada_ajustada,0.0,0.0,0.0,0.0,7122.0,2916.0,2000.0,0.0,NÃO DISTINGUE (IC contém zero)
qwen15b-ft-bc5cdr,adenda-01,bc5cdr,AD1-R-sonda_ocultos_ajustada,task_verdict,sonda_ocultos_ajustada,absoluta,0.80,,,sim,0.0,,,,,,base_treinada_ajustada,0.0,0.0,0.0,0.0,7122.0,2916.0,2000.0,0.0,NÃO DISTINGUE (IC contém zero)
qwen15b-ft-bc5cdr,adenda-01,bc5cdr,AD1-R-sonda_ocultos_ajustada,task_verdict,sonda_ocultos_ajustada,absoluta,0.90,,,sim,0.0498,,,,,,base_treinada_ajustada,0.1316,-0.0817,-0.1429,-0.0519,7122.0,2916.0,2000.0,0.0,sonda_ocultos_ajustada EXIGE MENOS revisão
qwen15b-ft-bc5cdr,adenda-01,bc5cdr,AD1-R-sonda_ocultos_ajustada,task_verdict,sonda_ocultos_ajustada,absoluta,0.95,,,não,0.1669,,,,,,base_treinada_ajustada,inalcançável,,,,7122.0,2916.0,0.0,0.0,inalcançável para base_treinada_ajustada
qwen15b-ft-bc5cdr,adenda-01,bc5cdr,AD1-R-sonda_ocultos_ajustada,task_verdict,sonda_ocultos_ajustada,vao,0.25,0.8949,,sim,0.0424,,,,,,base_treinada_ajustada,0.104,-0.0616,-0.1088,-0.038,7122.0,2916.0,2000.0,0.0,sonda_ocultos_ajustada EXIGE MENOS revisão
qwen15b-ft-bc5cdr,adenda-01,bc5cdr,AD1-R-sonda_ocultos_ajustada,task_verdict,sonda_ocultos_ajustada,vao,0.50,0.9299,,sim,0.1063,,,,,,base_treinada_ajustada,0.9771,-0.8708,-0.8853,-0.3314,7122.0,2916.0,1717.0,283.0,sonda_ocultos_ajustada EXIGE MENOS revisão
qwen15b-ft-bc5cdr,adenda-01,bc5cdr,AD1-R-sonda_ocultos_ajustada,task_verdict,sonda_ocultos_ajustada,vao,0.75,0.9650,,não,0.2619,,,,,,base_treinada_ajustada,inalcançável,,,,7122.0,2916.0,0.0,0.0,inalcançável para base_treinada_ajustada
qwen15b-ft-bc5cdr,adenda-01,bc5cdr,AD1-R-sonda_ocultos_ajustada,task_verdict,sonda_ocultos_ajustada,vao,0.90,0.9860,,não,0.6387,,,,,,base_treinada_ajustada,inalcançável,,,,7122.0,2916.0,0.0,0.0,inalcançável para base_treinada_ajustada
qwen15b-ft-bc5cdr,adenda-01,bc5cdr,AD1-R-sonda_atencao_cabecas_ajustada,task_verdict,sonda_atencao_cabecas_ajustada,absoluta,0.70,,,sim,0.0,,,,,,base_treinada_ajustada,0.0,0.0,0.0,0.0,7122.0,2916.0,2000.0,0.0,NÃO DISTINGUE (IC contém zero)
qwen15b-ft-bc5cdr,adenda-01,bc5cdr,AD1-R-sonda_atencao_cabecas_ajustada,task_verdict,sonda_atencao_cabecas_ajustada,absoluta,0.80,,,sim,0.0,,,,,,base_treinada_ajustada,0.0,0.0,0.0,0.0,7122.0,2916.0,2000.0,0.0,NÃO DISTINGUE (IC contém zero)
qwen15b-ft-bc5cdr,adenda-01,bc5cdr,AD1-R-sonda_atencao_cabecas_ajustada,task_verdict,sonda_atencao_cabecas_ajustada,absoluta,0.90,,,sim,0.0647,,,,,,base_treinada_ajustada,0.1316,-0.0668,-0.124,-0.0405,7122.0,2916.0,2000.0,0.0,sonda_atencao_cabecas_ajustada EXIGE MENOS revisão
qwen15b-ft-bc5cdr,adenda-01,bc5cdr,AD1-R-sonda_atencao_cabecas_ajustada,task_verdict,sonda_atencao_cabecas_ajustada,absoluta,0.95,,,não,0.2487,,,,,,base_treinada_ajustada,inalcançável,,,,7122.0,2916.0,0.0,0.0,inalcançável para base_treinada_ajustada
qwen15b-ft-bc5cdr,adenda-01,bc5cdr,AD1-R-sonda_atencao_cabecas_ajustada,task_verdict,sonda_atencao_cabecas_ajustada,vao,0.25,0.8949,,sim,0.0514,,,,,,base_treinada_ajustada,0.104,-0.0527,-0.094,-0.0305,7122.0,2916.0,2000.0,0.0,sonda_atencao_cabecas_ajustada EXIGE MENOS revisão
qwen15b-ft-bc5cdr,adenda-01,bc5cdr,AD1-R-sonda_atencao_cabecas_ajustada,task_verdict,sonda_atencao_cabecas_ajustada,vao,0.50,0.9299,,sim,0.1563,,,,,,base_treinada_ajustada,0.9771,-0.8208,-0.8409,-0.2846,7122.0,2916.0,1717.0,283.0,sonda_atencao_cabecas_ajustada EXIGE MENOS revisão
qwen15b-ft-bc5cdr,adenda-01,bc5cdr,AD1-R-sonda_atencao_cabecas_ajustada,task_verdict,sonda_atencao_cabecas_ajustada,vao,0.75,0.9650,,não,0.3843,,,,,,base_treinada_ajustada,inalcançável,,,,7122.0,2916.0,0.0,0.0,inalcançável para base_treinada_ajustada
qwen15b-ft-bc5cdr,adenda-01,bc5cdr,AD1-R-sonda_atencao_cabecas_ajustada,task_verdict,sonda_atencao_cabecas_ajustada,vao,0.90,0.9860,,não,0.7085,,,,,,base_treinada_ajustada,inalcançável,,,,7122.0,2916.0,0.0,0.0,inalcançável para base_treinada_ajustada
